Product,AvgPrice,Demand,Elasticity,OptimizedPrice
10002,0.85,823,0.0,0.94
10080,0.41190476190476194,291,-42.5,0.45
10120,0.21,193,0.0,0.23
10123C,0.65,5,0.0,0.72
10124A,0.42000000000000004,16,0.0,0.46
10124G,0.42,17,0.0,0.46
10125,0.7828124999999999,1226,-0.4395348837209303,0.86
10133,0.5275,2384,-1.0556478405315617,0.58
10135,1.1976859504132233,1938,-25.93676331171303,1.32
11001,1.8518749999999997,1252,-11.224752604166666,2.04
15030,0.29,143,0.0,0.32
15034,0.13692307692307698,6419,-35.581250000000004,0.15
15036,0.8050153846153846,21876,-202.61737485970818,0.89
15039,0.8364788732394366,1559,-16.86088888888889,0.92
15044A,3.0168354430379734,428,-75.53960563380276,3.32
15044B,2.9333333333333336,307,-183.65187499999985,3.23
15044C,2.9434426229508186,272,-91.49624999999993,3.24
15044D,2.9613513513513507,630,-65.20388867929795,3.26
15056BL,5.8937113402061865,2779,-55.143238815617536,6.48
15056N,5.864685863874348,3826,-63.813191759689694,6.45
15056P,5.941313868613139,769,-62.184622212266035,6.54
15058A,7.8088235294117645,148,-29.39583333333333,8.59
15058B,7.862195121951219,115,-37.58333333333333,8.65
15058C,6.349999999999998,193,-6.887291666666667,6.98
15060B,3.820315789473684,411,-12.642773596834722,4.2
16008,0.13614285714285707,2892,-5.842835595776773,0.15
16010,0.12,30,0.0,0.13
16011,0.21000000000000013,1773,0.0,0.23
16012,0.21,1244,0.0,0.23
16014,0.4014814814814816,13328,-318.1014933333334,0.44
16015,0.4883333333333333,662,-25.03931187859759,0.54
16016,0.846,1273,-31.975641025641025,0.93
16020C,0.85,6,0.0,0.94
16033,0.12,840,0.0,0.13
16043,0.12,98,0.0,0.13
16045,0.043478260869565216,8900,0.0,0.05
16046,0.85,67,0.0,0.94
16048,0.13224489795918368,1437,-1.5,0.15
16049,0.24000000000000005,504,-4.2,0.26
16052,0.305,467,0.0,0.34
16054,0.1290909090909091,1166,-23.8,0.14
16151A,1.25,49,0.0,1.38
16156L,0.42,475,0.0,0.46
16156S,0.4168862275449103,5800,-24.239211309523817,0.46
16161G,0.10000000000000003,700,0.0,0.11
16161M,0.42,25,0.0,0.46
16161P,0.41943775100401604,7226,-34.246093750000014,0.46
16161U,0.41955223880597026,4075,-55.3125,0.46
16162L,0.65,17,0.0,0.72
16162M,0.42,26,0.0,0.46
16168M,0.42000000000000004,329,0.0,0.46
16169E,0.4192000000000001,4563,-27.125,0.46
16169K,0.42,200,0.0,0.46
16169M,0.42,660,0.0,0.46
16169N,0.42,25,0.0,0.46
16169P,0.42,50,0.0,0.46
16202A,0.5,7,0.0,0.55
16202B,0.5,29,0.0,0.55
16202E,0.5,15,0.0,0.55
16206B,1.25,7,0.0,1.38
16207A,2.95,13,0.0,3.25
16207B,2.7866666666666666,4,0.0,3.07
16216,0.09463414634146342,3316,-1.2390277777777774,0.1
16218,0.0732,3760,-42.30208333333332,0.08
16219,0.09085106382978721,2915,-5.022962962962965,0.1
16225,1.1883116883116884,762,-3.1840758472593063,1.31
16235,0.21395061728395065,2665,-27.614888888888895,0.24
16236,0.2093150684931507,1296,-22.62,0.23
16237,0.2061538461538462,4598,-52.57626262626263,0.23
16238,0.23562500000000003,1261,-7.375661375661376,0.26
16244B,1.225,7,-0.08620689655172414,1.35
16248B,1.25,13,0.0,1.38
16254,1.0233333333333332,31,-6.246260683760685,1.13
16258A,0.45921052631578946,445,-9.006342098577237,0.51
16259,0.09677419354838711,3380,0.0,0.11
17001,0.29,72,0.0,0.32
17003,0.3200956937799043,22963,-90.31276262150715,0.35
17007B,2.1,24,0.0,2.31
17011F,1.1333333333333335,80,-4.344827586206896,1.25
17012A,1.1079999999999999,270,-17.366869918699187,1.22
17012B,1.076388888888889,455,-9.886839430894309,1.18
17012C,1.1511363636363638,363,-36.48586382113821,1.27
17012D,1.108695652173913,387,-13.5,1.22
17012E,1.525,59,-4.726829268292683,1.68
17012F,1.0035714285714288,365,-0.2425474254742547,1.1
17013D,0.8672727272727272,532,-35.80243902439024,0.95
17014A,0.6071428571428571,154,-8.151253387533876,0.67
17021,0.2947368421052632,2427,-19.808888888888887,0.32
17028J,0.42,6,0.0,0.46
17038,0.09526315789473686,1501,-3.344444444444445,0.1
17084A,0.21,200,0.0,0.23
17084J,0.21,225,0.0,0.23
17084N,0.2084375,1025,0.0,0.23
17084P,0.21,349,0.0,0.23
17084R,0.20259259259259257,4032,-0.10571428571428568,0.22
17090A,1.17,109,-8.84548611111111,1.29
17090D,1.25,29,0.0,1.38
17091A,0.7815384615384614,172,-17.06364410387399,0.86
17091J,0.5476923076923077,2066,-11.977711176963602,0.6
17096,0.20076923076923076,2516,-17.47829861111112,0.22
17107D,2.5499999999999994,171,0.0,2.8
17109D,0.9039999999999999,61,0.7740458015267174,0.99
17129F,0.8436842105263158,427,-17.8310579569083,0.93
17136A,0.0995,404,-8.131623931623931,0.11
17164B,0.42000000000000004,29,0.0,0.46
17165D,1.05,27,0.0,1.16
17174,0.42,9,0.0,0.46
17191A,3.75,4,0.0,4.12
18007,0.16666666666666666,5856,-1398.29,0.18
18094C,1.1966666666666665,134,-3.0078125,1.32
18097A,2.55,5,0.0,2.8
18097C,2.507142857142857,673,-33.33778211805556,2.76
18098C,2.9184210526315795,193,-20.489062499999985,3.21
20615,1.4831428571428573,231,-0.562163050624589,1.63
20616,1.3172,134,-8.819907407407408,1.45
20617,2.224615384615385,66,-2.9011599383235205,2.45
20618,2.070714285714286,68,-10.680894308943085,2.28
20619,2.3090909090909095,142,-3.13876312182662,2.54
20622,1.9933333333333334,163,-13.733302280939474,2.19
20652,1.4180555555555556,150,-0.7579201101928374,1.56
20653,1.6533333333333333,33,-0.9469696969696969,1.82
20654,1.2341666666666666,105,-7.258771929824563,1.36
20655,1.3100000000000003,89,-13.560515441496303,1.44
20657,1.3513636363636365,61,-9.90713353632014,1.49
20658,1.25,328,0.0,1.38
20659,1.540625,95,-5.653496689381858,1.69
20661,4.654,9,-2.9953051643192494,5.12
20662,4.086,11,0.0,4.49
20663,3.896666666666667,3,0.0,4.29
20664,2.9500000000000006,6,0.0,3.25
20665,2.944520547945205,340,-6.609374999999995,3.24
20666,2.95,4,0.0,3.25
20667,2.95,1,0.0,3.25
20668,0.11851063829787235,12714,-169.81930555555564,0.13
20669,1.25,195,0.0,1.38
20670,3.8966666666666665,8,-1.279049295774648,4.29
20671,1.25,10,0.0,1.38
20674,1.2517105263157895,1373,-42.30282792035186,1.38
20675,1.2419026548672567,2729,-67.24806244093752,1.37
20676,1.2438157894736843,4363,-65.55817782276485,1.37
20677,1.2583482142857143,3159,-48.71593155689673,1.38
20678,1.65,4,0.0,1.82
20679,5.920369003690038,1630,-56.80734318996416,6.51
20681,3.25,125,0.0,3.58
20682,3.312950819672131,1140,-38.81676080124534,3.64
20684,3.25,78,0.0,3.58
20685,7.75979274611399,3901,-27.915130713870386,8.54
20686,3.302,255,-1.3814102564102564,3.63
20694,3.75,36,0.0,4.12
20695,4.25,5,0.0,4.68
20696,3.75,32,0.0,4.12
20697,2.5500000000000003,19,0.0,2.81
20698,2.55,16,0.0,2.8
20699,2.5500000000000003,29,0.0,2.81
20700,3.75,10,0.0,4.12
20701,3.75,6,0.0,4.12
20702,4.25,128,0.0,4.68
20703,4.25,1,0.0,4.68
20704,4.770512820512819,211,-2.2556249999999998,5.25
20705,4.807142857142857,143,0.35062499999999996,5.29
20707,1.5438709677419358,155,-14.287022092075922,1.7
20711,2.0133198380566797,4198,-142.09684155281587,2.21
20712,2.036197183098591,8187,-97.53852495967658,2.24
20713,2.0192874109263657,10466,-82.43671502784852,2.22
20716,1.2445714285714287,314,-32.33894736842106,1.37
20717,1.2759322033898306,2036,-18.705733048185206,1.4
20718,1.265871794871795,4264,-47.26957759412306,1.39
20719,0.8454761904761904,9237,-62.68217984036166,0.93
20723,0.8601399999999999,6847,-54.34444536437685,0.95
20724,0.8493075898801596,12809,-86.85370128832743,0.93
20725,1.6588078967350035,17897,-82.64772705469072,1.82
20726,1.6592636579572442,9115,-88.78312311827958,1.83
20727,1.6438461538461542,11291,-89.46678385416669,1.81
20728,1.6568756319514657,10820,-86.18105085484831,1.82
20731,1.25,74,0.0,1.38
20733,0.8391836734693877,918,-38.636446886446876,0.92
20735,0.8456666666666669,158,-326.1461538461538,0.93
20748,12.75,53,0.0,14.02
20749,7.790978260869566,1719,-29.833602412465858,8.57
20750,7.749455040871936,1712,-27.633779499731528,8.52
20751,2.095837563451777,973,-29.873899051490504,2.31
20752,2.1000000000000005,367,0.0,2.31
20754,2.089876543209877,1356,-79.97035907859076,2.3
20755,0.85,292,0.0,0.94
20756,0.8500000000000001,63,0.0,0.94
20757,0.8736363636363635,164,-2.452991452991453,0.96
20758,0.8500000000000001,161,0.0,0.94
20759,0.85,64,0.0,0.94
20760,0.8500000000000001,69,0.0,0.94
20761,3.8174545454545457,110,1.0080862533692723,3.44
20762,3.8227450980392157,101,0.0,4.21
20763,3.6984000000000004,71,-8.442981984973372,4.07
20764,3.9295161290322578,128,-2.01078167115903,4.32
20765,3.9600000000000004,96,0.4032345013477089,4.36
20766,3.8824000000000005,113,-12.320073843216534,4.27
20767,2.6216393442622956,217,-7.867531845747616,2.88
20768,2.6029729729729723,131,-53.257799293069034,2.86
20769,2.6426923076923075,66,-1.5290456431535269,2.91
20770,2.534482758620689,108,-33.11111111111113,2.79
20771,2.636071428571428,71,0.0,2.9
20772,2.5926086956521734,218,-12.197851153039839,2.85
20773,1.6499999999999997,56,0.0,1.81
20774,1.6499999999999995,52,0.0,1.81
20775,1.6499999999999995,64,0.0,1.81
20777,1.6499999999999997,95,0.0,1.81
20778,1.65,15,0.0,1.82
20780,5.724736842105263,37,-19.1264880952381,6.3
20781,4.874347826086956,32,0.0,5.36
20782,5.587777777777777,40,0.0,6.15
20785,39.15,14,-21.472569444444442,43.07
20793,6.75,8,0.0,7.43
20794,2.5218749999999996,85,0.0,2.77
20795,2.1,44,0.0,2.31
20796,1.65,61,0.0,1.82
20798,2.1,36,0.0,2.31
20801,0.9405454545454545,848,-0.9573469065656566,1.03
20802,1.4686363636363635,648,-17.741488821138216,1.62
20803,0.515625,917,-11.27322880371661,0.57
20816,1.95,8,0.0,2.14
20818,2.5,12,-6.0,2.75
20819,3.981875,48,-3.395215633423181,4.38
20820,4.95,5,0.0,5.44
20821,4.95,16,0.0,5.44
20823,0.79,164,0.0,0.87
20826,0.8225,276,-13.479768786127169,0.9
20827,0.39,88,0.0,0.43
20828,2.540322580645162,1012,-64.35069444444449,2.79
20829,2.1527810650887576,1265,-12.663163057589104,2.37
20830,2.1000000000000005,75,0.0,2.31
20831,1.8645833333333333,169,-13.687806429591008,2.05
20832,0.5745614035087719,1034,2.8213109354413706,0.52
20835,0.83,66,0.0,0.91
20836,0.83,170,0.0,0.91
20837,0.9713333333333334,141,0.0,1.07
20838,0.923939393939394,330,-7.415983606557377,1.02
20839,0.9855102040816326,452,-1.8945810564663024,1.08
20840,0.9609090909090909,464,-7.575648907103825,1.06
20845,6.35,19,0.0,6.98
20846,1.26,647,-20.67381905176164,1.39
20847,3.75,46,0.0,4.12
20848,2.95,21,0.0,3.25
20851,5.950000000000001,9,0.0,6.55
20854,1.6388888888888886,166,-25.682483948635635,1.8
20856,1.6499999999999997,140,0.0,1.81
20857,1.65,32,0.0,1.82
20861,2.1,2,0.0,2.31
20866,1.303684210526316,409,-10.902850877192984,1.43
20867,1.2424000000000002,187,-9.86842105263158,1.37
20868,0.5677419354838711,381,-2.123988877654196,0.62
20869,0.38999999999999996,139,0.0,0.43
20878,1.25,25,0.0,1.38
20886,1.9462025316455682,453,-107.75083333333332,2.14
20892,12.75,1,0.0,14.02
20893,2.4824999999999995,259,-83.01851851851856,2.73
20894,2.95,25,0.0,3.25
20897,2.9000000000000004,85,-55.31249999999996,3.19
20898,2.95,25,0.0,3.25
20901,6.349999999999999,4,0.0,6.98
20902,6.216666666666668,33,-46.83593750000001,6.84
20903,6.35,20,0.0,6.98
20906,2.95,3,0.0,3.25
20910,6.349999999999999,8,0.0,6.98
20914,2.9525,6170,-46.54737341652303,3.25
20931,3.114864864864865,263,-30.18033854166667,3.43
20932,3.0090909090909097,189,-7.7863051470588225,3.31
20933,3.127777777777778,23,-4.687500000000001,3.44
20934,5.450000000000001,54,0.0,6.0
20935,2.95,6,0.0,3.25
20936,3.087692307692308,92,-2.7430555555555554,3.4
20941,1.25,61,0.0,1.38
20956,1.289672131147541,730,-4.539600550964187,1.42
20961,1.3151538461538461,1029,-6.614669421487604,1.45
20963,1.326825396825397,1102,-6.814178719008264,1.46
20964,2.55,2,0.0,2.8
20966,1.2453658536585366,589,-32.32500000000001,1.37
20967,3.75,257,0.0,4.12
20969,3.8192664092664095,1876,-65.31267860262557,4.2
20970,3.7809051724137928,1081,-18.290264387080434,4.16
20971,1.2695085470085472,10225,-58.690395100126075,1.4
20972,1.2744545454545455,7131,-45.214356011962046,1.4
20973,0.6654639175257733,4007,-121.68853490259743,0.73
20974,0.6483498349834984,6734,-56.886562500000025,0.71
20975,0.6490476190476192,6400,-315.35052083333346,0.71
20977,1.2486896551724138,1597,-25.4671052631579,1.37
20978,1.248972972972973,1631,-25.793996710526322,1.37
20979,1.2443162393162395,3523,-119.81983278508773,1.37
20980,1.25,27,0.0,1.38
20981,0.8499999999999998,1851,0.0,0.93
20982,0.8494144144144141,2019,-12.519230769230768,0.93
20983,0.8494799999999998,2652,-156.3076923076923,0.93
20984,0.3631818181818182,3809,-10.624999999999998,0.4
20985,1.2779166666666668,1017,-73.43418810455894,1.41
20986,1.3207936507936506,462,-65.87666289691171,1.45
20992,0.46007662835249036,4365,-248.00776789635486,0.51
20996,0.2522872340425532,3057,-12.725493121009425,0.28
20997,4.95,15,0.0,5.44
20998,2.9357142857142864,119,-9.833333333333325,3.23
21000,4.25,46,0.0,4.68
21001,5.950000000000001,25,0.0,6.55
21002,4.25,13,0.0,4.68
21003,6.3500000000000005,13,0.0,6.99
21011,1.45,18,0.0,1.6
21012,2.085180722891566,567,-45.28984586720866,2.29
21014,0.4099999999999999,1233,-2.1249999999999996,0.45
21015,0.3229411764705881,1251,-4.553571428571428,0.36
21018,0.85,22,0.0,0.94
21025,1.4649999999999999,100,-1.4554936929099613,1.61
21026,1.3392000000000002,143,-5.347937509061911,1.47
21027,1.2400000000000002,101,-14.552631578947372,1.36
21028,1.52,116,-15.807702221577822,1.67
21030,1.3026086956521739,121,-4.066115702479339,1.43
21031,1.36,40,-0.46487603305785125,1.5
21032,1.4768750000000002,65,-1.1456611570247934,1.62
21033,2.3183486238532107,922,-111.05277443486747,2.55
21034,0.9499999999999997,1893,0.0,1.04
21035,3.2901777777777776,2319,-116.82906106960502,3.62
21038,1.1656521739130432,77,-1.3657407407407407,1.28
21039,2.712467532467533,510,-10.370611111111117,2.98
21040,1.67,22,0.0,1.84
21041,2.9499999999999997,576,0.0,3.24
21042,5.950000000000004,303,0.0,6.55
21043,2.294827586206896,443,0.74375,2.52
21051,2.1845833333333338,108,-5.517241379310345,2.4
21054,8.949999999999998,68,0.0,9.84
21055,9.498571428571433,146,-1.2826822916666667,10.45
21056,9.74939393939394,174,-39.06817033179016,10.72
21058,0.8641304347826084,1049,-160.9611823361823,0.95
21059,0.8499999999999999,573,0.0,0.94
21060,0.8500000000000001,356,0.0,0.94
21061,0.8500000000000001,412,0.0,0.94
21062,0.8500000000000001,501,0.0,0.94
21063,0.8692592592592588,483,-8.176994301994304,0.96
21064,5.010000000000001,176,0.0,5.51
21065,4.347727272727273,487,-22.531994047619044,4.78
21066,1.2347619047619047,688,-68.39348370927318,1.36
21067,1.2456818181818183,203,-5.562261632341725,1.37
21068,1.2177777777777778,1535,-53.10620828164689,1.34
21069,1.2353846153846155,1868,-221.87984047136388,1.36
21070,1.3265822784810124,1033,-32.593527852463474,1.46
21071,1.2316363636363639,849,-14.674621816248616,1.35
21078,0.8504878048780484,2494,-100.84692015160765,0.94
21080,0.839110225763612,12313,-67.2105421918414,0.92
21084,0.25754716981132075,2199,-1.3527432712215322,0.28
21086,0.6587837837837839,6589,-96.90364648945999,0.72
21087,0.4660000000000001,126,0.8074534161490682,0.51
21088,0.25702702702702707,1576,-3.2664005887681165,0.28
21089,0.22833333333333336,231,-0.7065217391304347,0.25
21090,0.4621008403361344,1672,-0.16820330635548023,0.51
21094,0.8289634146341462,7351,-0.851964288331558,0.91
21095,0.85,95,0.0,0.94
21096,0.44828571428571434,1143,-20.033952098626013,0.49
21098,1.3019565217391305,3176,-157.5415937215155,1.43
21100,1.65,43,0.0,1.82
21106,2.9042857142857144,193,-50.42812499999996,3.19
21107,2.8712121212121215,840,-43.4505756578947,3.16
21108,1.4016751269035532,10082,-246.7550948986513,1.54
21109,4.141780821917808,837,-22.027734375,4.56
21110,5.477500000000001,775,-26.26671029908878,6.03
21111,2.1423076923076922,789,-31.06801470588233,2.36
21112,2.591739130434783,1245,-18.723438701755065,2.85
21114,1.3203007518796992,1352,-1.6959547059472584,1.45
21115,5.82187969924812,523,-33.16646737179797,6.4
21116,4.948644067796613,489,-16.634171293435,5.44
21117,1.5735294117647058,115,-13.5,1.73
21121,1.2466860465116278,6502,-607.9218750000001,1.37
21122,1.2514285714285716,5257,-268.0383935044223,1.38
21123,1.2376470588235293,975,6.1829034391534385,1.11
21124,1.2475431034482758,3970,-341.50194931773893,1.37
21125,1.25,598,0.0,1.38
21126,1.2472463768115942,488,-5.962719298245616,1.37
21128,6.9193750000000005,47,-7.15725,7.61
21129,8.2775,45,-2.1150669359717424,9.11
21131,3.8676470588235294,93,-7.166666666666666,4.25
21132,3.875,35,0.0,4.26
21135,1.6657738095238093,2708,-31.702032354658385,1.83
21136,1.6926243093922653,4476,-78.07859848484848,1.86
21137,3.660536277602523,11406,-161.87154157643437,4.03
21143,1.9500000000000004,296,0.0,2.15
21145,1.25,122,0.0,1.38
21147,2.2800000000000007,89,-9.16820987654321,2.51
21154,1.2947014925373135,3187,-75.06202868742105,1.42
21155,2.521052631578948,2460,-30.5266869525127,2.77
21156,2.000680272108843,3039,-27.398608109084112,2.2
21157,2.1000000000000005,49,0.0,2.31
21158,0.6156774193548387,1427,0.9575471698113207,0.68
21159,0.6914678899082568,1109,-1.1556603773584906,0.76
21161,1.4500000000000004,131,0.0,1.6
21162,0.6095714285714285,1416,0.9575471698113207,0.67
21163,0.7017647058823531,1176,0.8930817610062892,0.77
21164,2.93824,1714,-93.23918269230761,3.23
21165,1.672343324250681,4027,-97.7453452038413,1.84
21166,2.038988580750408,10209,-87.38535669019039,2.24
21167,0.21,1260,0.0,0.23
21169,1.672471910112359,4281,-113.2982740162037,1.84
21171,1.4333333333333333,424,-161.95562500000003,1.58
21172,1.4867624020887724,3335,-63.570848394745035,1.64
21174,2.0697368421052627,3926,31.95366718786878,1.86
21175,2.4652496433666196,11993,-36.39427506587418,2.71
21179,0.7458620689655174,1785,0.7267441860465117,0.82
21181,2.0726647966339415,11963,-25.754594559562655,2.28
21187,1.6385714285714283,330,-56.94791666666668,1.8
21188,2.926470588235294,294,-61.08072916666662,3.22
21189,1.6499999999999995,165,0.0,1.81
21190,1.592857142857143,168,-277.86829545454555,1.75
21191,2.081363636363636,394,-12.052159552845524,2.29
21192,1.622093023255814,925,-58.91334738756615,1.78
21194,0.9534883720930231,437,-15.93103448275862,1.05
21195,1.8675000000000004,417,-26.412033922063348,2.05
21196,1.65,89,0.0,1.82
21197,1.5246153846153843,243,-38.275914634146346,1.68
21198,1.3807843137254905,964,-48.14120370370371,1.52
21199,1.3948979591836737,864,-33.958442218350754,1.53
21200,1.5012820512820513,1010,-211.93407118055563,1.65
21201,2.5020000000000007,1175,-119.13822751322758,2.75
21202,1.4595238095238092,449,-157.81875,1.61
21204,1.6500000000000004,419,0.0,1.82
21205,2.5500000000000003,209,0.0,2.81
21206,1.5487012987012991,1220,-28.86601851851852,1.7
21207,1.6290697674418608,982,-64.90422453703705,1.79
21208,0.626140350877193,873,-43.386607142857144,0.69
21209,0.6794736842105263,1142,-29.137585034013604,0.75
21210,1.4629076086956518,5680,-73.41528538498734,1.61
21211,1.4441176470588233,816,-28.41861979166667,1.59
21212,0.5482116104868914,33693,-49.83582031343182,0.6
21213,0.5406849315068493,14309,-134.2454772079772,0.59
21215,0.5480303030303029,868,-2.5846153846153834,0.6
21216,4.898720000000001,1841,-46.306111358200376,5.39
21217,9.860852713178296,975,-91.51846091731265,10.85
21218,3.755631067961165,2058,-39.797848933037855,4.13
21219,1.3625581395348838,323,-3.853305785123967,1.5
21220,1.3940476190476192,239,-4.917148760330579,1.53
21221,1.3004166666666668,201,0.6194903581267217,1.43
21222,1.4728947368421053,198,-4.372589531680441,1.62
21224,1.247710843373494,734,-5.939473684210528,1.37
21226,1.25,9,0.0,1.38
21228,1.25,5,0.0,1.38
21231,1.2733419689119172,5757,-49.44838307901287,1.4
21232,1.2564249578414841,10366,-44.47682616855088,1.38
21238,0.8476785714285713,3519,-37.05429689358261,0.93
21239,0.8461764705882351,2574,-27.31813742224245,0.93
21240,0.8410958904109586,3156,-52.06539729501268,0.93
21242,1.6740000000000002,3074,-103.39456340020578,1.84
21243,1.6722818791946306,2113,-96.40753038194444,1.84
21244,1.6721621621621618,2131,-83.326953125,1.84
21245,1.6962135922330095,1014,-25.88985339506173,1.87
21246,4.9320512820512805,175,-84.23065476190474,5.43
21248,1.4500000000000002,187,0.0,1.6
21249,2.9145569620253156,672,-42.00729166666664,3.21
21250,2.9264705882352944,92,-21.536458333333318,3.22
21251,2.9500000000000006,165,0.0,3.25
21253,2.8229411764705885,66,0.0,3.11
21257,7.981428571428574,489,-79.8440941220238,8.78
21258,12.952358490566038,425,-21.546787910585664,14.25
21259,5.927447698744773,1128,410.8884388120856,5.33
21260,3.2376666666666667,1129,185.08000730994166,2.91
21261,3.4685185185185192,167,-2.4214285714285713,3.82
21262,2.949999999999999,268,0.0,3.24
21263,1.9500000000000004,165,0.0,2.15
21264,1.9500000000000002,256,0.0,2.15
21265,1.95,128,0.0,2.14
21268,0.42,2,0.0,0.46
21269,8.5,28,0.0,9.35
21270,12.75,14,0.0,14.02
21272,1.2512121212121214,503,29.710049580472923,1.13
21275,16.95,10,0.0,18.64
21277,21.3025,23,-4.877777777777777,23.43
21278,2.55,43,0.0,2.8
21279,2.5500000000000003,65,0.0,2.81
21280,2.5500000000000003,65,0.0,2.81
21281,2.5500000000000003,35,0.0,2.81
21284,1.2026923076923077,385,-5.740962346705585,1.32
21285,1.64,350,-10.515149594320487,1.8
21286,1.2577777777777777,255,-18.044784580498867,1.38
21287,0.5088888888888887,1788,-4.928799489144317,0.56
21288,2.911904761904762,256,-23.507812499999982,3.2
21289,1.25,443,0.0,1.38
21291,0.85,920,0.0,0.94
21292,0.8165384615384615,865,-34.15175565175566,0.9
21293,2.206842105263158,101,0.0,2.43
21294,0.5190000000000001,1536,0.36337209302325585,0.57
21306,0.5345945945945945,487,-3.4806629834254146,0.59
21307,1.2646153846153845,79,-3.4806629834254146,1.39
21310,29.95,1,0.0,32.94
21311,0.51625,478,-1.1602209944751383,0.57
21313,0.8346564885496183,2843,-36.54910322652259,0.92
21314,2.093670520231214,3670,-33.34285517421427,2.3
21316,1.654,149,0.8535879629629629,1.82
21317,5.414285714285713,96,-10.18625,5.96
21318,0.8999999999999999,680,-92.97619047619048,0.99
21319,1.2133333333333336,147,-49.811011904761905,1.33
21320,1.5949999999999998,186,-20.458969465648867,1.75
21324,2.9500000000000006,69,0.0,3.25
21326,0.639547038327526,10088,-45.328532947548915,0.7
21327,1.6500000000000004,538,0.0,1.82
21328,1.6838144329896905,760,-3.8138338414634148,1.85
21329,1.688139534883721,589,-1.735137195121951,1.86
21331,12.75,11,0.0,14.02
21332,10.55,14,0.0,11.61
21333,2.950000000000001,55,0.0,3.25
21336,2.9500000000000006,8,0.0,3.25
21340,12.191704545454543,928,-16.3774029936587,13.41
21344,9.95,14,0.0,10.94
21348,2.79,139,-412.36718749999966,3.07
21349,6.75,12,0.0,7.43
21351,6.701515151515152,101,-29.10167100694445,7.37
21352,4.366216216216215,311,-42.518475877192984,4.8
21354,1.2242857142857142,753,-48.39557291666667,1.35
21355,1.244736842105263,777,-27.015625000000004,1.37
21356,1.1879999999999997,304,-4.26066077398516,1.31
21357,1.25,19,0.0,1.38
21358,1.25,328,0.0,1.38
21359,8.283333333333333,127,-15.744444444444444,9.11
21360,7.378571428571429,37,-18.241666666666667,8.12
21361,12.716666666666667,91,-63.08101851851849,13.99
21363,4.95,209,0.0,5.44
21364,6.75,25,0.0,7.43
21365,1.1,348,-14.75,1.21
21366,4.25,24,0.0,4.68
21367,1.56,163,-6.984087710037828,1.72
21368,0.8693548387096774,161,-32.0625,0.96
21369,1.6346153846153846,98,-3.0,1.8
21370,4.9399999999999995,15,0.32668825161887144,5.43
21371,1.0875,275,-1.4166666666666667,1.2
21372,1.3292,67,0.0745400432900433,1.46
21373,0.75,507,0.0,0.82
21374,1.6875,294,-29.163194444444443,1.86
21375,4.4,24,0.0,4.84
21376,4.61,33,-1.2976190476190474,5.07
21377,1.4510526315789474,93,0.0,1.6
21378,1.478181818181818,129,0.0,1.63
21379,1.1425,147,0.0,1.26
21380,2.974340425531915,2093,-64.95632309481886,3.27
21381,1.688333333333333,1699,-506.4895109953703,1.86
21382,1.6666666666666667,1045,1.1174242424242424,1.5
21383,0.65,772,0.0,0.72
21385,0.8595412844036694,3564,-51.473130341880335,0.95
21386,0.4488235294117648,713,-0.8585858585858587,0.49
21389,0.8499999999999994,1018,0.0,0.93
21390,1.2636065573770492,3781,-104.43316463964159,1.39
21391,1.0,975,-4.666666666666666,1.1
21392,1.3671428571428574,32,-1.2280701754385965,1.5
21393,1.4587500000000002,29,0.0,1.6
21394,0.44192982456140345,3822,-2.2935147849462365,0.49
21395,0.3900000000000001,2812,0.0,0.43
21397,0.526818181818182,1016,0.0,0.58
21398,0.6691836734693879,1499,-8.596491228070175,0.74
21399,0.5528571428571429,2047,-4.912280701754386,0.61
21400,0.1575,837,-4.916666666666667,0.17
21401,0.15050847457627115,1010,-1.4,0.17
21402,0.12491803278688525,1290,-1.4,0.14
21403,0.1318309859154929,1718,-6.1499999999999995,0.15
21407,4.220744680851064,233,-30.205729166666664,4.64
21408,4.047941176470588,225,-2.16389775721503,4.45
21411,3.879263157894737,722,-8.784776468577457,4.27
21413,1.25,36,0.0,1.38
21414,2.1,1,0.0,2.31
21415,1.9771875,206,-1.6030534351145038,2.17
21416,3.75,5,0.0,4.12
21417,1.7725000000000002,289,-1.6030534351145038,1.95
21418,2.008461538461538,59,0.4829545454545454,2.21
21420,2.9219999999999997,48,-3.9634146341463414,3.21
21421,1.2353846153846155,298,-6.92982456140351,1.36
21422,0.9093478260869567,1560,-37.69812479187479,1.0
21424,2.877272727272728,227,-72.63020833333327,3.17
21425,2.9250000000000003,67,-87.86718749999993,3.22
21426,2.0444444444444447,213,-49.4375,2.25
21427,2.1,77,0.0,2.31
21428,4.181202185792349,1099,-73.15761640580331,4.6
21429,1.880803571428571,1616,-135.6107371794872,2.07
21430,3.6949382716049386,2704,-75.41754616155747,4.06
21439,1.2475641025641027,1322,-446.0479876160992,1.37
21441,0.7626315789473687,376,-13.832598824786324,0.84
21442,0.7181081081081082,389,-20.668123543123542,0.79
21445,1.25,214,0.0,1.38
21446,1.25,400,0.0,1.38
21447,1.25,749,0.0,1.38
21448,1.6500000000000006,327,0.0,1.82
21452,2.9440740740740736,745,-36.07617187499997,3.24
21454,0.8500000000000002,318,0.0,0.94
21455,0.8500000000000001,271,0.0,0.94
21456,1.25,161,0.0,1.38
21457,1.25,115,0.0,1.38
21458,1.25,158,0.0,1.38
21459,1.9500000000000002,75,0.0,2.15
21460,1.9500000000000002,26,0.0,2.15
21461,1.95,9,0.0,2.14
21462,5.890298507462687,192,0.0,6.48
21463,5.793893129770993,644,-45.07590126811594,6.37
21464,4.245098039215686,244,-23.75,4.67
21465,3.808888888888889,193,-1.2580862533692723,4.19
21466,3.895494505494505,267,-14.551790081860839,4.29
21467,3.8451282051282054,215,-0.16846361185983827,4.23
21468,3.8984000000000005,123,-0.5026954177897575,4.29
21469,3.802253521126761,250,-5.026954177897574,4.18
21470,3.8467826086956523,338,-0.559748427672956,4.23
21471,3.724468085106383,495,-68.13476562500001,4.1
21472,3.75,119,0.0,4.12
21473,19.95,22,0.0,21.94
21476,14.949999999999998,31,0.0,16.44
21479,4.019002557544757,2702,-80.21070601851854,4.42
21481,3.3662273901808786,2925,-56.34203656905597,3.7
21484,3.9062962962962966,1555,-36.0400172791618,4.3
21485,4.958850364963504,3335,27.838965821801164,4.46
21486,3.75,8,0.0,4.12
21488,3.95,3,0.0,4.35
21494,1.3659701492537315,1228,-4.0812535690222145,1.5
21495,0.41769696969696973,5800,-26.762500000000003,0.46
21497,0.4182758620689655,8600,-52.357465277777784,0.46
21498,0.4180357142857143,10547,-16.21158854166667,0.46
21499,0.41694444444444445,6925,-16.501250000000006,0.46
21500,0.4169014084507043,6350,-10.860300925925932,0.46
21503,0.4165217391304348,726,-20.23437500000001,0.46
21504,0.41690721649484536,1884,-23.92142857142857,0.46
21506,0.41857707509881426,4740,-57.01111111111112,0.46
21507,0.43201005025125633,3206,-14.943089430894307,0.48
21508,0.42753424657534245,2393,-18.371912298910225,0.47
21509,0.4317241379310345,3581,-15.88494167550371,0.47
21518,0.41647058823529415,265,-35.0,0.46
21519,0.41780104712041893,3217,-19.916666666666668,0.46
21520,0.41818181818181815,457,-20.0,0.46
21523,7.865376884422111,3088,-43.1145193173686,8.65
21524,7.964829268292684,1662,-13.626881979477318,8.76
21527,7.863043478260872,468,-32.858593750000004,8.65
21528,6.927528089887643,179,-10.794791666666667,7.62
21530,1.072857142857143,756,0.22762345679012344,1.18
21531,2.5075471698113208,1473,-42.40522280092595,2.76
21533,4.884579439252337,1317,-19.74171245421245,5.37
21534,4.933969465648854,327,-31.909722222222214,5.43
21535,2.5345312500000006,2460,-59.17006944444447,2.79
21537,4.232758620689655,327,-50.1484375,4.66
21538,3.75,5,0.0,4.12
21539,4.904418604651165,939,-29.033676739926737,5.39
21544,0.8447826086956518,1872,-82.54260416666669,0.93
21547,2.95,72,0.0,3.25
21555,2.5500000000000003,55,0.0,2.81
21556,2.5244680851063825,804,-132.62683823529417,2.78
21557,3.215384615384614,300,-38.05535260172142,3.54
21558,2.530363636363637,1946,-97.17904040404049,2.78
21559,2.557328767123288,3716,-56.23251898435107,2.81
21561,2.563571428571429,1227,-45.03020812751105,2.82
21562,1.2272,319,-17.901461988304096,1.35
21563,2.7335820895522382,1358,-109.1678907620808,3.01
21564,2.7430097087378655,1016,-169.92879629629624,3.02
21576,2.367826086956522,177,-2.918357933579336,2.6
21577,2.25,549,0.0,2.48
21578,2.25,586,0.0,2.48
21579,2.25,154,0.0,2.48
21580,2.25,90,0.0,2.48
21581,2.25,165,0.0,2.48
21584,1.64874213836478,1066,-37.12500000000001,1.81
21586,2.5022727272727274,731,-20.592171717171727,2.75
21587,2.5349999999999993,197,-10.784722222222229,2.79
21588,2.527173913043478,1497,-173.61594718304406,2.78
21591,1.2487662337662337,1187,-236.24524853801177,1.37
21592,1.1298222222222223,2151,-378.5086257309942,1.24
21609,2.9233333333333325,761,-155.65963541666653,3.22
21613,2.939473684210527,221,-176.30078124999986,3.23
21614,2.9499999999999997,48,0.0,3.24
21615,1.6826923076923077,840,-1.796875,1.85
21616,1.6898148148148149,755,-1.8489583333333333,1.86
21617,2.2625,473,-9.123397435897434,2.49
21618,1.9827586206896552,303,-1.625,2.18
21619,1.61,900,-3.7583333333333337,1.77
21620,1.7461832061068703,811,-3.7827380952380953,1.92
21621,8.505348258706467,2540,27.555645417479955,7.65
21622,4.942553191489362,364,-20.461309523809522,5.44
21623,9.76721153846154,3255,-186.96529630171952,10.74
21624,5.926470588235294,204,-17.950625000000002,6.52
21625,6.993898305084749,307,-11.583651862168578,7.69
21626,1.949999999999999,742,0.0,2.14
21627,14.949999999999998,38,0.0,16.44
21628,14.691176470588234,44,-42.94602272727274,16.16
21629,7.875925925925925,53,-6.291666666666666,8.66
21630,8.81363636363636,54,-7.787500000000007,9.69
21631,7.25,155,-0.3366477272727273,7.98
21632,3.95,60,0.0,4.35
21633,10.235714285714286,87,-0.4114583333333333,11.26
21634,0.5769565217391307,948,0.0,0.63
21635,1.9166666666666667,270,-214.5,2.11
21636,0.7961538461538462,917,0.9444444444444445,0.88
21637,1.25,109,0.0,1.38
21638,2.1,235,0.0,2.31
21640,0.8475471698113209,541,-156.07692307692307,0.93
21641,0.47913043478260836,1102,-5.310897435897435,0.53
21642,0.3743010752688172,2452,-34.91071428571428,0.41
21643,1.237741935483871,490,-7.188805346700086,1.36
21644,1.25,215,0.0,1.38
21647,2.1000000000000005,117,0.0,2.31
21648,1.2384848484848485,654,-13.791228070175443,1.36
21650,0.2441176470588236,2197,-34.57663043478261,0.27
21651,1.6136363636363633,131,-23.847222222222225,1.77
21654,0.6444,946,-195.6132075471698,0.71
21655,1.69,36,0.0,1.86
21656,1.45,117,0.0,1.6
21657,6.950000000000001,28,0.0,7.65
21658,3.901076923076923,773,-72.20028831845237,4.29
21661,5.95,3,0.0,6.55
21662,5.91875,74,-284.98645833333336,6.51
21664,3.7310526315789474,97,-61.90190972222225,4.1
21666,0.65,384,0.0,0.72
21667,14.95,2,0.0,16.44
21668,1.3062390670553934,5035,-24.712801752467033,1.44
21669,1.3257650273224042,4969,-22.599739104261083,1.46
21670,1.300304054054054,4004,-15.811459348602991,1.43
21671,1.2877816901408452,4080,-37.402042214912285,1.42
21672,1.2923492063492064,4564,-29.583388157894746,1.42
21673,1.3009473684210526,3994,-25.7508278508772,1.43
21675,0.9375,525,-13.631705967643468,1.03
21676,1.09375,211,-9.842770655270657,1.2
21677,0.9166249999999998,766,-10.317043142043143,1.01
21678,0.85,104,0.0,0.94
21679,0.848505747126436,1054,-116.26923076923076,0.93
21680,0.8500000000000001,804,0.0,0.94
21681,9.95,2,0.0,10.94
21682,5.0502,177,-0.37050898203592814,5.56
21683,2.9499999999999997,297,0.0,3.24
21684,0.8878378378378381,764,-181.95461812744423,0.98
21686,39.67222222222223,33,-38.751000000000005,43.64
21688,2.9500000000000006,316,0.0,3.25
21689,3.75,92,0.0,4.12
21690,3.75,24,0.0,4.12
21692,3.75,17,0.0,4.12
21693,2.95,358,0.0,3.25
21694,2.910000000000001,303,-58.46679687499996,3.2
21695,2.9500000000000006,283,0.0,3.25
21696,2.950000000000001,226,0.0,3.25
21698,0.4945454545454547,266,-1.847826086956522,0.54
21700,0.8499999999999994,1266,0.0,0.93
21703,0.42748987854251014,9272,-58.23764299164788,0.47
21704,0.8637878787878785,5004,-76.36005206213541,0.95
21705,1.5144642857142858,1377,-25.736501033340172,1.67
21706,5.0749275362318835,229,-12.118287977616195,5.58
21707,5.148297872340424,120,-3.5941866267465064,5.66
21708,4.907575757575757,139,-4.674107142857142,5.4
21709,5.089032258064514,87,-13.319183062446534,5.6
21710,5.066451612903224,84,-13.174098232107212,5.57
21711,4.88913043478261,86,-6.00892857142857,5.38
21713,2.098076923076923,701,-133.74583333333334,2.31
21714,1.25,1085,0.0,1.38
21715,2.517625899280576,1141,-21.124614197530875,2.77
21716,2.552302158273382,1206,-19.51875144075612,2.81
21717,2.502631578947368,405,-87.14236111111116,2.75
21718,1.2666896551724138,1289,-0.5082644628099173,1.39
21719,0.8500000000000001,301,0.0,0.94
21720,0.85,57,0.0,0.94
21721,0.8500000000000001,175,0.0,0.94
21722,0.8499999999999999,65,0.0,0.94
21723,0.85,371,0.0,0.94
21724,0.85,372,0.0,0.94
21725,0.85,274,0.0,0.94
21726,0.8500000000000001,231,0.0,0.94
21730,4.9294166666666674,498,-21.235178937808268,5.42
21731,1.6594953271028037,12871,-143.17961071061526,1.83
21733,2.948390804597701,7759,30.468858023614214,2.65
21735,12.535975609756099,210,-25.317129629629616,13.79
21736,1.8150000000000002,80,-2.456140350877193,2.0
21738,2.950000000000001,45,0.0,3.25
21739,2.8813999999999997,143,1.6848882410106891,2.59
21741,2.9500000000000006,131,0.0,3.25
21742,5.950000000000004,193,0.0,6.55
21743,2.9250000000000003,275,-35.97656249999997,3.22
21744,3.186666666666666,367,-4.483991448692153,3.51
21745,3.777942583732057,929,-75.03853634778403,4.16
21746,1.2572192513368983,2974,-32.84702560198973,1.38
21747,1.2407142857142857,437,-84.28207236842107,1.36
21749,2.0742990654205613,1900,-72.75879426129427,2.28
21750,2.1,78,0.0,2.31
21754,6.017971830985916,2654,-40.37603803338326,6.62
21755,6.015879310344828,1946,-38.69778372343257,6.62
21756,6.034296875000002,792,-28.259645061728392,6.64
21757,4.95,6,0.0,5.44
21758,6.4142857142857155,32,-90.3,7.06
21761,29.95,10,0.0,32.94
21763,27.4625,6,0.0,30.21
21769,66.36,11,-26.473509933774835,73.0
21770,4.944215116279071,1577,-184.3255353084801,5.44
21773,1.0779661016949154,920,-16.214943656203765,1.19
21774,1.150576923076923,835,-26.360400483512997,1.27
21775,1.2297560975609756,283,-0.37951807228915657,1.35
21777,7.95,7,0.0,8.75
21781,14.86951219512195,138,-25.169778138528148,16.36
21784,9.949999999999998,51,0.0,10.94
21785,0.8099999999999999,411,-1725.5000000000005,0.89
21786,0.45531249999999995,1589,-12.085843674226219,0.5
21787,0.8633333333333331,8755,-214.77643415777348,0.95
21788,0.852608695652174,1203,-44.21050347222223,0.94
21789,0.8581690140845071,799,-12.364583333333337,0.94
21790,0.8515353260869563,13336,-51.67253013556656,0.94
21791,1.2709164969450102,7143,-106.5104480043924,1.4
21792,4.589999999999999,331,-3.586607142857143,5.05
21793,4.293582089552238,296,-24.743200231481485,4.72
21794,4.395913978494623,501,-14.63294377580092,4.84
21801,0.42,457,0.0,0.46
21802,0.42000000000000004,1000,0.0,0.46
21803,0.4200000000000001,1138,0.0,0.46
21804,3.7236585365853663,178,-29.168981481481495,4.1
21807,0.42,415,0.0,0.46
21808,3.6363636363636362,100,-1.5,4.0
21809,0.7438461538461537,1859,-8.563849822798254,0.82
21810,0.5667724867724868,5305,-4.43362122761403,0.62
21811,0.644251497005988,4332,-22.011860895451004,0.71
21812,4.901162790697673,218,-46.85813492063491,5.39
21813,4.898780487804877,250,-42.39640022675736,5.39
21814,1.4499999999999997,75,0.0,1.59
21815,1.4499999999999997,132,0.0,1.59
21816,1.45,34,0.0,1.6
21817,0.5031147540983607,908,-4.804347826086957,0.55
21818,0.5145121951219512,2699,-7.912742378351308,0.57
21819,0.4912403100775194,2465,-0.7009426491494214,0.54
21820,3.791746031746032,291,-8.517350582135373,4.17
21821,3.7324390243902434,223,-58.4328703703704,4.11
21822,1.0282089552238811,615,-3.5005950742193774,1.13
21823,0.7479220779220778,1196,-31.462264150943394,0.82
21824,0.5964935064935064,1450,-31.462264150943394,0.66
21826,1.25,93,0.0,1.38
21827,1.25,6,0.0,1.38
21828,1.25,314,0.0,1.38
21829,0.21222222222222226,6462,-15.947474747474747,0.23
21830,0.4378260869565217,2599,-1.0030487804878048,0.48
21832,1.7306557377049177,785,-3.6299542682926833,1.9
21833,1.681666666666667,2628,-83.72111192810459,1.85
21836,3.75,3,0.0,4.12
21839,5.45,1,0.0,6.0
21841,4.25,73,0.0,4.68
21843,10.86276595744681,1809,-55.45877814239093,11.95
21844,2.9029411764705877,1814,-67.38272664835159,3.19
21845,1.0974698795180722,1907,-16.338734567901223,1.21
21846,5.616666666666666,72,-5.09056618905047,6.18
21847,4.95,9,0.0,5.44
21849,5.083600000000001,52,0.0,5.59
21850,4.918181818181819,61,-126.70138888888887,5.41
21851,5.617999999999999,26,-1.4880239520958087,6.18
21864,2.0751515151515156,610,-54.96137903424487,2.28
21865,2.088611111111111,223,-9.306910569105689,2.3
21866,1.3015454545454548,537,-15.275629673356947,1.43
21867,1.2753409090909091,266,-3.7706007442849554,1.4
21868,1.334851063829787,2346,-23.875223604380466,1.47
21870,1.247304964539007,1357,-137.58040935672517,1.37
21871,1.3763272727272728,5265,-81.47950916446626,1.51
21872,1.3554032258064515,1269,-68.1710391875507,1.49
21873,1.2783516483516484,1586,109.45663789407303,1.15
21874,1.3477040816326529,2852,-265.9869390878794,1.48
21875,1.3656249999999999,2000,-147.19599021073304,1.5
21876,1.3852999999999998,3548,-8.53198269496564,1.52
21877,1.418294314381271,5347,-56.56348871460826,1.56
21878,0.8524840764331206,2397,-34.67442307692307,0.94
21879,0.4628813559322033,1027,-5.060386473429953,0.51
21880,0.5488000000000001,1458,1.2347761387163556,0.49
21881,0.5708888888888888,975,-49.22509657043171,0.63
21882,0.5265853658536584,600,-1.4692028985507246,0.58
21883,0.5566666666666668,1368,-3.272474595428234,0.61
21884,0.5036363636363635,1017,-20.363134057971017,0.55
21888,3.8331560283687938,1553,-54.392165127319295,4.22
21889,1.2799356223175966,5778,-13.229198497468037,1.41
21890,3.238666666666667,1075,-38.5519276268696,3.56
21891,1.3947486033519547,7919,-141.91389227319678,1.53
21892,1.296360655737705,2914,-15.718732484228354,1.43
21894,1.3145333333333333,476,-2.5179063360881546,1.45
21895,4.25,1,0.0,4.68
21896,2.1059782608695654,949,781.574305555556,1.9
21897,2.88,402,4.010366826156299,2.59
21898,3.0157142857142856,445,2161.25396825397,2.71
21899,0.6795535714285715,2605,-17.71285699850928,0.75
21900,0.6854074074074075,3087,-135.53715809240364,0.75
21901,0.6776229508196723,1746,-6.892750850340136,0.75
21902,0.6779041916167665,1915,-226.90506348868914,0.75
21903,2.236322580645161,1129,-45.09317933024829,2.46
21904,2.1,51,0.0,2.31
21905,1.2900900900900891,685,-3.39857474817572,1.42
21906,6.732736842105263,483,31.902174978118282,6.06
21907,2.113072289156627,2294,-53.802399425287355,2.32
21908,2.1401837270341213,3635,-48.56928457367912,2.35
21910,1.65,36,0.0,1.82
21911,1.6499999999999997,105,0.0,1.81
21912,3.8390405904059044,1575,-40.58118543072692,4.22
21913,3.8293258426966292,305,-15.806560097833689,4.21
21914,1.2807020872865276,7434,-18.061681651902944,1.41
21915,1.261146384479718,20975,-253.25840631032486,1.39
21916,0.43215686274509807,4363,-104.06735033259424,0.48
21917,0.4274074074074074,4095,-96.30319486788618,0.47
21918,0.42713286713286713,7013,-144.6236788617886,0.47
21922,7.950236686390533,759,-22.391832408183216,8.75
21925,1.25,403,0.0,1.38
21926,1.2468333333333335,414,-131.00921052631583,1.37
21927,1.2480808080808081,622,-32.32500000000001,1.37
21928,2.034790528233151,9704,-76.63168467073662,2.24
21929,2.0409405940594056,9889,-85.71818282893219,2.25
21930,2.027713097713097,5706,-83.21408419167042,2.23
21931,2.028888888888889,11516,-79.85893255997831,2.23
21932,1.8524464831804281,2467,-11.463328321198688,2.04
21933,1.8428571428571432,2410,-13.103715519970297,2.03
21934,1.645804195804196,1288,-151.6779166666667,1.81
21935,1.6440487804878048,1763,0.20161111111108124,1.81
21936,2.9493814432989693,3758,-69.271664660003,3.24
21937,2.9269230769230767,1591,-39.8495833333333,3.22
21942,0.8300000000000002,161,-7.391304347826088,0.91
21943,0.85,57,0.0,0.94
21944,0.7688235294117647,232,0.923913043478261,0.85
21945,0.8346666666666669,225,1.7708333333333335,0.75
21946,0.8081818181818182,72,-7.391304347826088,0.89
21947,1.3578409090909092,596,-5.5993680827412895,1.49
21948,1.4012499999999999,418,-3.0609065865264213,1.54
21949,1.305084745762712,613,-30.022474344723157,1.44
21955,7.759430379746837,1159,-19.870744602207843,8.54
21967,0.3236666666666667,5166,-148.7819444444445,0.36
21972,1.4500000000000004,292,0.0,1.6
21973,1.4500000000000004,159,0.0,1.6
21974,1.4940611353711786,2036,-37.51537255527212,1.64
21975,0.5584098939929327,12134,-133.8068428865396,0.61
21976,0.5523183391003459,4967,-49.138007185122554,0.61
21977,0.5513994169096209,24264,-83.61963154612751,0.61
21980,0.3281349206349206,6523,-36.27742447769623,0.36
21981,0.3362051282051282,5295,-77.221988083601,0.37
21982,0.34107011070110704,7346,-116.11942883636992,0.38
21983,0.352258064516129,2223,-6.873178210678212,0.39
21984,0.3540740740740741,3309,-34.69114736070382,0.39
21985,0.3338227146814404,8569,-36.927614753421345,0.37
21986,0.3398726114649682,3985,-297.46823411116185,0.37
21987,0.6476315789473684,2050,-308.113683127572,0.71
21988,0.8401342281879193,2194,-57.226757369614525,0.92
21989,0.8465402843601894,2068,-86.25384615384615,0.93
21990,1.5017204301075269,1219,0.8439169498884295,1.65
21991,1.5112621359223302,471,-0.5292416140009721,1.66
21992,1.5286574074074073,1163,1.7968056664228915,1.38
21993,1.5189622641509433,1366,2.6423305197476323,1.37
22021,1.6500000000000004,350,0.0,1.82
22023,0.4295348837209303,1143,-8.545731707317074,0.47
22024,0.4283969465648855,2304,-17.67373192972051,0.47
22025,0.4152808988764045,1776,-26.035714285714285,0.46
22026,0.4182178217821783,1572,-16.333333333333332,0.46
22027,0.424377358490566,4165,-21.73591074208614,0.47
22028,0.4309090909090909,2915,-14.581676180591593,0.47
22029,0.4234508816120907,7858,-27.58138506641853,0.47
22030,0.4192244897959184,5361,-39.73142956517419,0.46
22031,0.47124999999999995,363,-4.935932055749129,0.52
22032,0.42,361,0.0,0.46
22033,0.42000000000000004,336,0.0,0.46
22034,0.42,3,0.0,0.46
22035,0.4265909090909092,1406,-17.882113821138212,0.47
22037,0.4206488549618321,3795,-17.147560975609757,0.46
22038,0.42,475,0.0,0.46
22039,0.42,250,0.0,0.46
22040,0.42,725,0.0,0.46
22041,2.4929648241206035,3812,-52.287939393849875,2.74
22042,0.42,372,0.0,0.46
22043,0.23674418604651157,1188,-25.07843137254902,0.26
22044,0.2602777777777777,816,-1.8260869565217392,0.29
22045,0.41864734299516915,6502,-30.726562500000007,0.46
22046,0.4189333333333334,2250,-6.2343750000000036,0.46
22047,0.4179439252336449,3400,-22.53125000000001,0.46
22048,0.4175,975,-20.23437500000001,0.46
22049,0.26187499999999997,1025,0.0,0.29
22050,0.418,1225,-20.23437500000001,0.46
22051,0.42000000000000004,1000,0.0,0.46
22052,0.42,571,0.0,0.46
22053,1.2261538461538461,4236,-286.05834177529346,1.35
22055,1.455945945945946,1248,-39.52092633928572,1.6
22057,1.2457142857142856,578,-24.891794733044737,1.37
22059,1.3008496732026145,1749,-46.45224247685186,1.43
22060,5.208108108108107,233,-6.755842911877398,5.73
22061,8.997230769230772,565,-24.504160976699723,9.9
22062,1.1427868852459016,559,0.0,1.26
22063,2.718089887640449,544,-66.92479213907781,2.99
22064,1.6367052023121387,1608,-23.178920551960623,1.8
22065,0.6127932960893855,6440,-5.31334663763909,0.67
22066,0.6111428571428572,2248,-2.8430616615546676,0.67
22067,1.522549019607843,389,-48.07010582010583,1.67
22068,1.4128235294117648,437,-2.6190476190476195,1.55
22069,1.423846153846154,220,0.6547619047619049,1.57
22070,3.894186046511628,874,-37.62035520398739,4.28
22071,3.6298666666666666,711,-78.0085886955001,3.99
22072,3.4531081081081076,813,-28.05632716049384,3.8
22073,3.7059183673469387,300,-29.726190476190492,4.08
22074,1.2164935064935065,1001,-2.2533534090394522,1.34
22075,1.5195999999999992,1565,-54.51179231742311,1.67
22076,1.431052631578947,1035,1.1340632655458238,1.29
22077,1.7783355525965376,8605,-70.23815203669677,1.96
22078,2.0934210526315793,1300,-326.938125,2.3
22079,1.6984120171673815,1715,-63.217384400406516,1.87
22080,1.6469465648854966,1182,-48.77343750000001,1.81
22081,1.7401098901098901,595,-3.6617378048780487,1.91
22082,1.6814772727272724,2558,-83.7523289295393,1.85
22083,2.953214285714286,4307,-39.200729347147686,3.25
22084,2.907180156657963,4893,-44.39529040114974,3.2
22085,2.928378378378378,507,-60.61966145833328,3.22
22086,2.9372031403336605,15617,-72.83170970631892,3.23
22087,2.8805660377358486,3779,-47.431957978845965,3.17
22088,2.905555555555555,1698,-54.17909722222219,3.2
22089,2.934699453551912,1190,-52.425595238095205,3.23
22090,2.9046945898778356,6879,-61.905486656584756,3.2
22091,0.5468888888888889,1945,-55.33957177978803,0.6
22092,0.505,668,-1.8947495407988544,0.56
22093,0.517,1828,-7.755455908509185,0.57
22094,0.5678571428571428,2087,-8.779422841670822,0.62
22095,0.6526315789473685,1578,6.11769686183876,0.59
22096,0.516864406779661,1364,0.5210650488709133,0.57
22097,0.5314473684210526,1591,-4.36046511627907,0.58
22098,0.669271523178808,1957,-3.780660497799021,0.74
22099,0.6098496240601503,1405,-1.9483662391570438,0.67
22100,0.648,729,-2.906976744186047,0.71
22101,1.9366666666666668,837,-44.84607970543643,2.13
22102,1.5099999999999998,1533,-78.07013888888889,1.66
22103,1.478235294117647,1165,-158.12500000000006,1.63
22104,1.3641666666666665,151,-67.05582524271844,1.5
22105,3.5900000000000007,506,-153.25757575757578,3.95
22106,5.566666666666666,286,-17.708858308259906,6.12
22107,3.532972972972973,293,-7.274094684314909,3.89
22108,2.855,101,-3.707566889632107,3.14
22109,3.8364417177914105,1383,-41.77492701299307,4.22
22110,2.5773619631901847,618,-51.00031115637025,2.84
22111,4.9032786885245905,4259,-43.99309362936347,5.39
22112,4.873865546218488,5160,-34.82203607786746,5.36
22113,4.029555555555556,3156,-45.77355428496781,4.43
22114,4.212192307692308,3736,-26.525687739024676,4.63
22115,1.5037297297297294,1495,-2.7888765432098745,1.65
22116,1.2239999999999998,505,-5.497376543209877,1.35
22117,2.785416666666666,1290,579.0009341628263,2.51
22118,4.2385,219,-25.322329472329468,4.66
22119,6.155090909090914,348,-21.74640098759178,6.77
22120,9.866823529411766,505,-17.36519457022342,10.85
22121,6.062413793103452,333,-51.76868870631194,6.67
22123,2.1391891891891888,443,-1.7962430276835044,2.35
22124,2.31625,79,-1.3884542140209373,2.55
22125,5.95,4,0.0,6.55
22127,1.2409523809523808,402,-32.255263157894746,1.37
22128,1.2368055555555557,1729,-28.84570175438597,1.36
22129,0.9664864864864866,992,-23.452314868206923,1.06
22130,0.8485714285714282,1505,-77.26923076923077,0.93
22131,2.037473684210526,1890,-123.77195519106492,2.24
22132,0.8562650602409634,935,-112.72524928774926,0.94
22133,0.8738333333333335,702,-14.357371794871796,0.96
22134,0.4621052631578947,637,-14.493582425185954,0.51
22135,0.4618367346938776,262,-1.1869918699186992,0.51
22136,1.6462264150943402,334,-32.04687500000001,1.81
22137,2.913636363636364,68,-87.20312499999993,3.21
22138,4.988742791234142,4797,6.940482879566593,4.49
22139,4.9979951980792325,4248,-27.442283866041567,5.5
22141,2.1459722222222224,2448,-41.375292819140206,2.36
22142,1.4962462462462456,3073,-29.738698964935693,1.65
22144,2.147231121281465,3468,-41.627697872742374,2.36
22145,2.1,30,0.0,2.31
22146,1.95,1,0.0,2.14
22147,1.4642163355408382,6127,-49.997624514232584,1.61
22148,1.9372727272727264,1819,-153.87690476190477,2.13
22149,2.103424947145878,5890,-106.21149505148567,2.31
22150,1.9640435835351084,2923,-42.27565522652164,2.16
22151,0.4297979797979798,14877,-131.31042470156106,0.47
22152,0.43173469387755103,2351,-4.213797061524334,0.47
22153,0.41870967741935494,2459,-37.53125,0.46
22154,0.4194915254237289,3532,-30.958333333333332,0.46
22155,0.4200000000000001,2203,0.0,0.46
22156,0.8663522012578613,1875,-24.44270112603446,0.95
22157,0.85,212,0.0,0.94
22158,2.9757777777777776,2895,-39.23720480434688,3.27
22161,0.23285714285714293,4143,-6.9325020128824475,0.26
22162,2.9500000000000006,106,0.0,3.25
22163,1.3829411764705886,626,-4.097222222222222,1.52
22164,2.9500000000000006,71,0.0,3.25
22165,10.328947368421051,267,-27.300358495670995,11.36
22166,7.6375,122,-151.05,8.4
22167,9.848305084745766,121,-6.105902777777779,10.83
22168,8.488666666666667,139,-28.750000000000014,9.34
22169,8.388641114982578,1075,-26.928183340320665,9.23
22170,6.7471555555555565,1023,-23.938711879624382,7.42
22171,8.363668831168832,1723,-51.79301717757788,9.2
22173,3.0666081871345034,2151,-37.84153909450731,3.37
22174,1.7254494382022472,2688,-44.580369097588395,1.9
22175,2.9414893617021267,841,-58.30078124999995,3.24
22176,2.946039603960395,489,-176.43359374999986,3.24
22178,1.4312121212121212,22433,-44.45990827776699,1.57
22179,6.733186813186814,796,-61.54050694444445,7.41
22180,9.917045454545455,303,-31.278735632183924,10.91
22181,0.8471739130434786,577,-312.99999999999994,0.93
22182,4.463157894736842,206,-14.716216216216216,4.91
22183,6.435294117647059,74,-15.661805555555558,7.08
22184,8.5,8,0.0,9.35
22185,1.5903076923076924,1428,-30.919216205496234,1.75
22186,2.3194117647058814,801,-5.349941021126758,2.55
22187,2.560612244897959,1183,-3.747189908490882,2.82
22188,3.798802395209581,4844,-92.71547648486097,4.18
22189,3.87686274509804,8195,-71.47154375980774,4.26
22190,1.8186538461538464,566,-29.83462586617247,2.0
22191,8.461845386533666,1426,-62.92772988505749,9.31
22192,8.483816568047338,907,-33.30909184091841,9.33
22193,8.497350835322196,1352,-38.02784706842722,9.35
22194,8.5,53,0.0,9.35
22195,1.7345614035087715,1699,-25.84895291246089,1.91
22196,0.87007722007722,2385,-38.98869309436839,0.96
22197,0.8392883895131085,49183,-122.47311701797535,0.92
22198,1.6273584905660383,873,-64.19806818181819,1.79
22199,3.775252525252525,384,-16.77314814814815,4.15
22200,3.8868831168831166,326,-31.701537261380327,4.28
22201,3.7875,108,-67.93055555555556,4.17
22202,3.75,39,0.0,4.12
22203,3.556813186813187,310,-1.2464285714285714,3.91
22204,3.346774193548387,96,-1.5,3.68
22207,4.437017543859649,1200,-52.79449140076394,4.88
22208,0.9875714285714285,1289,-8.776336466102265,1.09
22209,0.9900793650793651,825,-7.318095590046811,1.09
22210,0.9644666666666666,914,-1.5205921854041773,1.06
22211,0.9874999999999999,783,-30.96644031781227,1.09
22212,2.1096212121212123,1422,-11.514507989907484,2.32
22214,2.382380952380952,114,-15.9375,2.62
22215,7.411235955056181,330,-58.9308236808237,8.15
22216,0.7144999999999998,327,-17.93118063528511,0.79
22217,0.9986153846153846,765,-21.80232558139535,1.1
22218,4.25,1,0.0,4.68
22219,0.860833333333333,3372,-20.909380474597867,0.95
22220,8.418000000000003,214,-17.197290640394097,9.26
22221,9.121590909090909,124,-18.43987411056377,10.03
22222,4.307046979865772,824,-32.98025793650793,4.74
22223,4.096511627906977,315,-12.15023148148148,4.51
22224,2.9055555555555554,688,-11.406189903846146,3.2
22227,0.6648351648351648,1969,-21.8625713045635,0.73
22228,0.6982978723404254,852,-1.847826086956522,0.77
22229,0.6703124999999999,495,-20.326086956521742,0.74
22230,0.5445454545454546,926,-9.107142857142856,0.6
22231,0.9386486486486487,869,1.4050387596899225,0.84
22232,0.9027868852459018,623,-1.5566037735849056,0.99
22233,1.0218518518518516,541,-17.12264150943396,1.12
22236,12.524999999999999,308,-27.35343567251461,13.78
22241,1.2477647058823529,1788,-97.95175438596493,1.37
22242,1.6277777777777775,631,-230.38671875000003,1.79
22243,1.631981981981982,3055,-374.86842206790135,1.8
22244,1.9252577319587623,1617,-239.90120442708326,2.12
22245,0.8432758620689654,1199,-314.6987179487179,0.93
22246,2.192222222222222,278,-7.06780389908257,2.41
22247,0.8478688524590164,485,-2.7692307692307687,0.93
22248,0.8472340425531918,383,-5.019230769230768,0.93
22249,0.8484883720930226,645,-16.589743589743588,0.93
22250,0.8477966101694916,449,-5.019230769230768,0.93
22251,1.2474666666666667,520,-5.730263157894738,1.37
22252,1.2366197183098593,650,-47.82756429425838,1.36
22254,1.2453658536585366,594,-51.957236842105274,1.37
22255,0.8500000000000001,542,0.0,0.94
22256,1.25,262,0.0,1.38
22257,1.1577777777777778,283,-0.37951807228915657,1.27
22258,1.1347222222222222,722,-9.080034423407918,1.25
22259,1.0547058823529412,384,-11.692469879518073,1.16
22260,0.9124,410,-1.6353276353276354,1.0
22261,0.8894936708860753,520,-0.7085470085470085,0.98
22262,0.8660824742268037,924,-3.475160256410257,0.95
22263,0.867142857142857,256,-2.6832426832426837,0.95
22264,0.6700000000000002,1393,-11.066919191919192,0.74
22265,0.6499999999999999,514,0.0,0.72
22266,0.46279069767441855,1861,1.312111801242236,0.42
22267,0.9683116883116883,828,-8.157605739154087,1.07
22268,0.5742574257425742,1838,-28.748640248640246,0.63
22269,0.9306741573033708,841,-13.637991229055126,1.02
22270,3.7419999999999995,211,-249.107638888889,4.12
22271,2.967186311787072,1653,-69.97580753618931,3.26
22272,2.941489361702127,194,-176.10156249999986,3.24
22273,2.967033333333333,4469,-179.03827719990312,3.26
22274,2.9876470588235295,1301,-32.71595143779341,3.29
22275,7.65,69,0.0,8.42
22276,2.550000000000001,253,0.0,2.81
22277,2.2249206349206343,355,-86.87140689655173,2.45
22278,4.95,244,0.0,5.44
22279,1.2700000000000002,480,-16.39924242424243,1.4
22280,1.3634375,177,-8.152089072543617,1.5
22281,5.949999999999999,109,0.0,6.54
22282,12.912656250000001,111,-2.46582591113841,14.2
22283,8.016440677966106,258,-1.2605229591836737,8.82
22284,1.6499999999999997,901,0.0,1.81
22285,1.6500000000000001,834,0.0,1.82
22286,1.1121951219512196,1051,-1.3095238095238098,1.22
22287,1.158813559322034,750,-30.11904761904762,1.27
22288,1.25,453,0.0,1.38
22289,1.25,126,0.0,1.38
22291,1.4499999999999995,1243,0.0,1.59
22292,1.4478947368421042,1088,-42.73958333333334,1.59
22293,1.4499999999999995,821,0.0,1.59
22294,1.245632183908046,5439,-38.68796992481203,1.37
22295,1.6686425339366515,2737,-31.46499951606659,1.84
22296,1.6587323943661973,3055,-154.15190266486002,1.82
22297,1.2571551724137933,3863,-47.45429725887263,1.38
22299,1.0452380952380953,1316,0.0,1.15
22300,2.534041095890411,1450,-53.23802123802125,2.79
22301,2.520378378378379,2118,-35.533301318023554,2.77
22302,2.5199479166666667,2288,-22.185775782584436,2.77
22303,2.5191774891774896,2770,-24.154835551403682,2.77
22304,2.61125,744,-25.433815147508096,2.87
22305,2.693863636363636,684,-146.2609343783618,2.96
22306,1.1465048543689325,1138,-5.971752297410195,1.26
22307,1.1627419354838715,729,-14.99968671679198,1.28
22308,2.805277777777777,145,-28.41210511756571,3.09
22309,2.645909090909092,293,-34.23875887505764,2.91
22310,1.7896226415094343,531,-20.83608766348533,1.97
22311,3.1491999999999996,1054,-74.6607355572463,3.46
22312,3.0138775510204083,503,-2.317950842308755,3.32
22313,2.841785714285714,553,-31.93174088649542,3.13
22314,3.0381249999999995,517,-3.8523923577727754,3.34
22315,1.2468852459016393,761,-170.29111842105266,1.37
22316,1.2364285714285717,638,-525.7915752923977,1.36
22317,3.072,172,-4.1060250391236295,3.38
22318,2.9411111111111103,396,-3.0390624999999973,3.24
22319,0.5696825396825395,1346,-11.304347826086955,0.63
22320,6.1146376811594205,183,-1.3292987089201878,6.73
22321,0.85,760,0.0,0.94
22322,0.8500000000000002,390,0.0,0.94
22323,1.95,1,0.0,2.14
22324,2.4486666666666665,228,-4.420754757050628,2.69
22325,4.938135593220339,153,-0.25595238095238027,5.43
22326,2.9357471264367816,8100,-94.29702261569304,3.23
22327,2.9407514450867045,832,-161.55078124999986,3.23
22328,2.9280042462845013,6481,-112.95174041812,3.22
22329,1.639542483660131,1387,-138.29092261904762,1.8
22331,1.6561538461538465,1768,-73.60226253992452,1.82
22332,1.6438931297709927,982,-123.03287760416669,1.81
22333,1.6341176470588237,4391,-59.375704734882454,1.8
22334,1.6634782608695655,684,-32.02654979674797,1.83
22335,0.6597744360902256,2024,-153.0581952335859,0.73
22336,0.43981132075471707,2283,-126.01279369784811,0.48
22337,0.6870370370370369,635,-16.825954861111114,0.76
22338,0.3147933884297521,4179,-8.700369384671474,0.35
22339,0.2685454545454545,2283,-15.565307782353006,0.3
22340,0.4468253968253969,993,0.9125486672656483,0.49
22341,1.8002439024390249,405,-9.081117321589883,1.98
22342,0.9826923076923078,833,-1.4817708333333333,1.08
22343,0.5504687500000001,1705,-32.18324167152293,0.61
22344,0.5776595744680854,1049,-4.924352904040405,0.64
22345,0.540909090909091,972,-0.3237649936868687,0.6
22346,0.5444117647058825,885,-3.427894588050838,0.6
22348,0.8665637065637063,3863,-20.68857685524352,0.95
22349,3.762327586206897,1341,59.60003358534683,3.39
22350,2.5531460674157307,1356,809.0493725868719,2.3
22351,1.65,12,0.0,1.82
22352,2.554652567975831,2853,-68.9310171463699,2.81
22353,2.55,61,0.0,2.8
22354,3.8087692307692307,700,-38.94338380435081,4.19
22355,0.8513021702838061,8975,-52.01179359712326,0.94
22356,0.8615090543259556,7306,-77.23411326573259,0.95
22357,4.205862068965517,324,-3.590998177811687,4.63
22358,2.9967256637168145,456,-29.375623532863827,3.3
22359,2.9950793650793637,162,0.0,3.29
22360,3.0126666666666657,886,-46.9953549094043,3.31
22361,2.9373015873015875,539,-175.99531249999987,3.23
22362,3.0151851851851847,349,-147.42447672143962,3.32
22363,2.9706666666666655,454,-129.1503124999999,3.27
22364,2.9956565656565655,519,-42.14384621027443,3.3
22365,7.865118110236222,730,-54.31645362715183,8.65
22366,7.803141025641025,722,-22.19765716168017,8.58
22367,1.9839168490153165,3543,-31.49728397893306,2.18
22371,4.364409448818898,830,-55.75047034896502,4.8
22372,4.318118811881188,221,-33.12134315390066,4.75
22374,4.262201257861635,448,-54.54621751237627,4.69
22375,4.234848484848484,253,-70.81736111111115,4.66
22376,4.290470588235294,193,-27.650577557755792,4.72
22377,1.9532380952380954,1038,-16.209125287356326,2.15
22378,1.8362857142857145,1685,-23.907609655172415,2.02
22379,2.1248067632850245,6088,-121.32402220901504,2.34
22380,2.1280000000000006,1156,-44.202967458957666,2.34
22381,2.1243389830508477,3169,-71.32072060227195,2.34
22382,1.6556746031746028,9912,-126.8829102150538,1.82
22383,1.6513296398891966,11722,-84.89527343750001,1.82
22384,1.65171368861024,10254,-82.23835728841485,1.82
22385,2.036468172484599,8236,-152.38189682134959,2.24
22386,2.0186067415730333,20165,-102.31740620640993,2.22
22389,1.988611111111111,329,-22.252333333333347,2.19
22390,2.362903225806451,261,-4.50709758074035,2.6
22391,1.597777777777778,146,-0.9768518518518517,1.76
22393,1.987,487,-2.2825363893828623,2.19
22394,1.61375,160,-0.7986111111111112,1.78
22395,1.3153333333333337,134,-0.7152777777777778,1.45
22396,0.6361607142857142,1182,-6.663989290495315,0.7
22398,0.6361637931034484,2545,-1.4725577026301666,0.7
22399,1.239080459770115,1130,-110.39705165692013,1.36
22400,0.575657894736842,1393,-1.9078674948240166,0.63
22402,0.6228859060402685,1705,0.34066597653554176,0.69
22403,0.5827906976744185,1223,-10.080408010780667,0.64
22405,1.127142857142857,347,-15.988372093023257,1.24
22406,1.215625,319,-1.1420294693918187,1.34
22407,1.22875,94,-8.890063424947146,1.35
22408,1.1904347826086958,137,-7.77020202020202,1.31
22409,1.25,216,0.0,1.38
22410,1.1454347826086957,223,-10.049202383240438,1.26
22411,2.037484433374844,10518,-82.62422464287818,2.24
22412,2.093589743589744,877,-74.41481481481482,2.3
22413,2.9643854748603347,3690,-473.93315732715337,3.26
22414,8.289000000000003,253,-13.68923356133698,9.12
22415,7.950000000000001,19,0.0,8.75
22416,1.4436507936507936,850,-42.85894097222223,1.59
22417,0.5527619047619047,8103,-90.13119068431565,0.61
22418,0.8724691358024689,6267,-18.159512362637365,0.96
22419,0.44638554216867476,2812,-25.491318712747482,0.49
22420,0.47712643678160926,1199,-11.367974267847128,0.52
22421,0.4565853658536585,1925,-37.48442643350998,0.5
22422,0.6605194805194804,971,-2.5690294651305177,0.73
22423,12.483401044689495,12402,-51.003141776871935,13.73
22424,12.658780487804878,713,-23.73075122263881,13.92
22425,4.960709219858155,434,-49.43379646956086,5.46
22426,3.662328767123288,660,-31.931770833333342,4.03
22427,5.911252796420584,1995,-53.92906758969455,6.5
22428,7.015000000000002,221,-44.82407407407404,7.72
22429,4.259353846153846,1193,-212.24955308030806,4.69
22430,4.928915662650603,544,-14.02098214285714,5.42
22431,1.9705017921146946,1981,-61.81109040519876,2.17
22432,1.949083333333333,1648,-60.73682298829563,2.14
22433,1.9504188481675386,1341,-98.86622288321863,2.15
22434,1.9687931034482749,779,0.0,2.17
22435,1.25579185520362,2680,-60.60582647648738,1.38
22436,0.6624137931034484,2110,-7.797222222222222,0.73
22437,0.8477840909090908,2727,-52.87948717948717,0.93
22438,1.5072972972972973,900,-5.0,1.66
22439,0.6898773006134971,1768,-8.188811431623934,0.76
22440,0.4175342465753425,5897,-117.38011111111112,0.46
22441,2.0971098265895955,994,-11.753125,2.31
22442,6.295945945945947,292,-8.809374999999998,6.93
22443,7.950000000000002,153,0.0,8.75
22444,1.2444117647058823,763,-4.184210526315791,1.37
22445,3.0555999999999996,472,-35.68316277875584,3.36
22446,3.2551219512195124,161,-2.461535659391543,3.58
22447,3.0875000000000004,75,1.3293650793650793,2.78
22448,3.199411764705882,187,-3.290393921796361,3.52
22449,3.325505617977529,365,2.932311173533083,2.99
22450,3.342592592592592,184,-3.0729166666666674,3.68
22451,3.339743589743589,202,-16.173177083333336,3.67
22452,2.893529411764705,388,-7.645438762626256,3.18
22453,2.924468085106382,334,-6.542968749999995,3.22
22454,2.918421052631579,228,-45.0130208333333,3.21
22456,4.8882352941176475,1452,-30.382860195360195,5.38
22457,2.9750612244897963,8480,-38.52785617936342,3.27
22458,2.57,513,2932.4999999999973,2.31
22459,2.529333333333333,375,646.3079176114882,2.28
22460,1.2861585365853658,2381,-45.83766010091002,1.41
22461,7.741111111111111,231,-22.097206439393933,8.52
22464,1.5931578947368423,3200,-14.463895734494585,1.75
22465,1.5319631901840494,1965,-16.27545293817357,1.69
22466,1.9276315789473681,2929,-72.09262340901272,2.12
22467,2.499488054607509,7688,-42.26670430233854,2.75
22468,6.758103448275863,467,-52.783321984900624,7.43
22469,1.6394923857868016,16775,-17.474617036637927,1.8
22470,2.956837606837607,9591,82.1958563163353,2.66
22471,4.3613846153846145,360,-6.246765157757406,4.8
22472,4.763658536585366,293,-12.92642473427727,5.24
22473,4.238607594936709,437,-10.73323755466164,4.66
22474,4.597469879518072,244,-18.76982360295716,5.06
22475,4.642857142857144,281,-65.24571909571908,5.11
22476,4.96012658227848,811,-13.282272488904237,5.46
22477,1.2564788732394367,1290,489.54106280193236,1.13
22478,1.2559740259740262,1417,489.56340579710144,1.13
22479,1.2585185185185186,1078,90.08454106280193,1.13
22480,1.2444117647058823,613,-25.68503289473685,1.37
22481,1.0448275862068968,694,-1.534733618860825,1.15
22482,1.2420833333333334,448,-52.029879385964925,1.37
22483,2.980447761194029,726,-42.927026648527495,3.28
22485,12.629999999999999,462,-25.405024509803912,13.89
22486,7.904000000000001,52,-6.014717305543919,8.69
22487,9.77028947368421,724,-15.514407231026558,10.75
22488,1.6542307692307692,2911,-35.778495617378056,1.82
22489,0.43211180124223597,9314,-104.00927005042091,0.48
22491,0.8557635467980295,3910,-123.50734508547009,0.94
22492,0.656523076923077,26076,-38.874599969905944,0.72
22493,1.700222222222222,2354,-54.563756351626026,1.87
22494,1.3484873949579834,890,-9.05881029191436,1.48
22495,2.5899999999999994,242,0.6828703703703703,2.85
22496,2.6722857142857137,243,-15.023148148148149,2.94
22497,4.25,178,0.0,4.68
22498,5.950000000000002,229,0.0,6.55
22499,5.945016722408028,1734,-53.363149019315024,6.54
22500,4.045555555555556,240,-4.013513513513513,4.45
22501,9.77980694980695,1194,-53.51808742457183,10.76
22502,11.197489539748958,1488,-30.87764098142118,12.32
22503,23.95,64,-16.325179263565893,26.35
22504,22.508974358974367,160,-16.33516351744186,24.76
22505,4.924776119402986,1365,-53.34004440817422,5.42
22507,4.937327586206897,2786,-6.098766156592274,5.43
22508,3.8366249999999997,1516,383.68828068535794,3.45
22509,11.571951219512195,205,-19.366166310541313,12.73
22510,2.439047619047619,210,-2.630453667953668,2.68
22511,2.3329166666666663,245,-0.6862934362934363,2.57
22512,2.682424242424242,118,-7.574621488064887,2.95
22513,3.780384615384615,135,-1.228761356350127,4.16
22514,2.0967105263157895,261,-74.48333333333333,2.31
22515,2.0960317460317452,237,-74.48333333333333,2.31
22516,2.0943181818181813,171,-24.083333333333336,2.3
22517,2.0956896551724133,186,-24.083333333333336,2.31
22518,2.082456140350877,333,-96.63611111111112,2.29
22519,2.0846153846153848,370,-77.8388888888889,2.29
22520,0.8499999999999996,705,0.0,0.93
22521,0.8499999999999995,607,0.0,0.93
22522,0.8489516129032254,923,-208.70192307692307,0.93
22523,0.8499999999999994,844,0.0,0.93
22524,1.247121212121212,592,-108.87017543859652,1.37
22525,1.246346153846154,458,-108.87017543859652,1.37
22526,12.72313432835821,112,-20.496527777777768,14.0
22529,0.4180645161290324,816,-55.4296875,0.46
22530,0.4161290322580645,3514,-79.97462121212122,0.46
22531,0.41963855421686763,3293,-503.4895833333333,0.46
22532,0.4133823529411766,1063,-156.22343750000005,0.45
22533,0.4112658227848102,1745,-179.67144097222226,0.45
22534,0.4173913043478261,4331,-125.44633928571429,0.46
22535,0.4149557522123894,1716,-50.160625,0.46
22536,0.4129054054054054,4721,-211.52574652777776,0.45
22537,0.42,1818,0.0,0.46
22538,0.41148148148148145,387,-42.00000000000001,0.45
22539,0.40399999999999997,2824,-167.16539814904078,0.44
22540,0.41215384615384615,2451,-25.477277547479034,0.45
22541,0.4254545454545454,466,-17.03534873188406,0.47
22543,0.3780487804878048,1436,-57.78743412384717,0.42
22544,0.41078125,4414,-77.60588934286667,0.45
22545,0.4008333333333334,1089,-319.94441782810685,0.44
22546,0.3990000000000001,2065,-24.659845200072787,0.44
22547,0.4376470588235295,738,-6.307997926207762,0.48
22548,1.2590760869565218,1873,-86.57279284572198,1.38
22549,1.5163999999999995,2992,-43.04198231159549,1.67
22550,3.8299999999999996,1102,-81.69538426410492,4.21
22551,1.657070707070707,7664,-109.06356164782353,1.82
22553,1.6465517241379306,4036,-246.78287760416669,1.81
22554,1.6501322314049587,7307,-176.10995332433563,1.82
22555,1.6487852494577004,5885,-166.33418356904926,1.81
22556,1.6582109227871937,5952,-170.36491785230356,1.82
22557,1.6781124497991964,4573,-61.01904731658926,1.85
22558,1.5954783950617286,8418,-56.99341447226249,1.76
22559,1.3643589743589746,387,-4.699038401789598,1.5
22560,1.2727893175074185,8014,-35.84457379078522,1.4
22561,1.6561764705882347,5695,-132.329770676055,1.82
22562,1.2646428571428572,1398,-6.068961142525736,1.39
22563,1.25587786259542,2785,-109.25038936342767,1.38
22564,1.2601764705882355,2673,-105.95771871761208,1.39
22565,0.9209090909090905,818,-2.8147008547008547,1.01
22566,0.8940322580645158,834,-3.0362484737484734,0.98
22567,1.3543749999999999,2368,-81.75356386717635,1.49
22568,3.785610328638498,3284,-75.9578556151739,4.16
22569,3.737209302325582,2698,-76.21375616320404,4.11
22570,3.7373573573573573,3018,-115.16685404615937,4.11
22571,0.8464864864864863,2207,-127.52777777777776,0.93
22572,0.8480451127819548,1265,-43.67307692307692,0.93
22573,0.9083333333333331,2445,-19.409173407610904,1.0
22574,0.8979374999999997,2124,-4.103975957996938,0.99
22575,1.9386075949367079,622,-26.405902777777772,2.13
22576,0.8909999999999999,1419,-9.103514340894149,0.98
22577,0.42291666666666655,9784,-1.9226062259937216,0.47
22578,0.37940397350993377,9630,-7.714767509272998,0.42
22579,0.40499999999999997,4808,-1.8385084607825073,0.45
22580,6.083333333333336,836,-33.29563937115708,6.69
22581,0.742980769230769,1090,-6.209644864451712,0.82
22582,2.569113924050634,1029,-158.2955246913581,2.83
22583,2.550000000000001,529,0.0,2.81
22584,2.5819230769230774,2241,-59.152788297584316,2.84
22585,1.2588529411764706,6062,-68.15305048787194,1.38
22586,0.8499999999999995,796,0.0,0.93
22587,0.8499999999999995,845,0.0,0.93
22588,2.9463503649635037,605,-4.670413245758073,3.24
22589,3.1558620689655177,323,-4.8256204432890835,3.47
22591,3.7039682539682532,374,-7.928225819140768,4.07
22592,3.9261538461538463,506,-29.7572105190154,4.32
22593,0.9085915492957743,2049,-18.70304223020569,1.0
22594,0.9222222222222217,1744,-38.05531248586804,1.01
22595,0.8587837837837835,6516,-19.406334509112284,0.94
22596,1.1660833333333334,3290,-4.354833198441936,1.28
22597,0.4999186991869918,2534,-13.385942871390634,0.55
22598,0.46814814814814804,815,-11.019871268272121,0.51
22599,0.47901408450704225,1489,-11.288960963738731,0.53
22600,0.8921379310344827,1540,-15.749934710351377,0.98
22601,0.8981168831168828,2238,-21.23857631257631,0.99
22602,0.8607734806629832,1962,-45.882300569800556,0.95
22603,0.8896946564885495,1295,-11.002085877085875,0.98
22604,2.5356140350877197,1173,-51.740572052213025,2.79
22605,14.353443983402487,709,-14.872381962642892,15.79
22606,15.215185185185186,305,-9.55955729166667,16.74
22607,9.776254071661238,1269,-29.52805784880605,10.75
22608,0.20811764705882357,4933,-9.43298611111111,0.23
22609,0.27347107438016527,5636,-4.831141837522046,0.3
22610,0.22919075144508674,9146,-3.886592813207013,0.25
22611,4.898780487804877,219,-76.96949404761905,5.39
22613,0.8474782608695649,1488,-144.542239010989,0.93
22614,0.34622857142857144,2957,-10.463858695652174,0.38
22615,0.3328571428571429,2024,-37.24728395061728,0.37
22616,0.32612090680100764,25345,-186.524609070975,0.36
22617,5.038665105386419,2153,-37.35285265171517,5.54
22618,9.891599999999999,66,-40.26926369863016,10.88
22619,3.8682658959537575,2297,-69.9371477292838,4.26
22620,1.4301861702127656,4491,-42.76476735306535,1.57
22621,1.641324376199616,5895,-36.535966381487874,1.81
22622,11.122554112554115,1295,-37.91694310780502,12.23
22623,5.830814479638011,920,-19.82635853239659,6.41
22624,8.58251968503937,1783,-43.93285621695504,9.44
22625,8.442373626373627,1476,-44.1787005760698,9.29
22626,8.507150537634407,504,-37.21023814404813,9.36
22627,8.470814332247556,792,-29.651544189860513,9.32
22628,4.932500000000001,775,-235.07304067460316,5.43
22629,1.9311666666666665,13919,-136.28160235366124,2.12
22630,1.9508805031446537,11336,-96.982588976826,2.15
22631,1.9399999999999995,3375,-108.80653147270496,2.13
22632,2.0768279569892476,4394,-91.06138472862261,2.28
22633,2.0831276595744685,4746,-36.293223808485905,2.29
22634,9.71298076923077,731,-27.031807372175994,10.68
22635,9.790659340659344,657,-26.088189924448766,10.77
22636,8.425274725274726,565,-21.906250000000007,9.27
22637,2.528421052631579,2619,-301.93577965336806,2.78
22638,2.246052631578948,255,-5.171253182761221,2.47
22639,2.4770992366412212,763,-29.918563245313095,2.72
22640,2.383809523809524,186,-18.53314393939394,2.62
22641,2.4058333333333333,112,-15.84564393939394,2.65
22642,2.2315555555555564,253,-24.897750392367602,2.45
22643,2.056875,185,-3.273200757575758,2.26
22644,1.3378947368421048,2052,-29.228223322229688,1.47
22645,1.4058649789029531,1757,-20.16583896918782,1.55
22646,1.3885915492957746,3927,-70.2256128532938,1.53
22647,0.9300000000000002,721,-4.314847041582707,1.02
22649,4.929041916167664,751,-21.07931547619047,5.42
22650,1.4425925925925915,800,-44.32986111111112,1.59
22651,0.8942553191489356,1992,-43.560867758784426,0.98
22652,1.6593233082706764,4864,-101.79148310467482,1.83
22653,1.939180327868852,1072,-1.6383739753627191,2.13
22654,6.070892857142859,1058,-32.36645319875613,6.68
22655,143.42105263157896,60,-0.5280748663101604,157.76
22656,146.75,26,0.0,161.43
22659,1.9271077504725895,11094,-150.09569806641102,2.12
22660,7.934782608695652,327,-44.91696214056401,8.73
22661,0.8455300859598851,5085,-88.26734949832773,0.93
22662,1.655928338762215,6545,-131.7923376405181,1.82
22663,2.0554088050314467,3097,-66.13519764507988,2.26
22664,2.117549019607843,642,-44.94225961869365,2.33
22665,2.98,1219,-30.514875188631766,3.28
22666,2.9624199288256228,7373,-43.30988684584301,3.26
22667,2.921806167400881,2870,-100.8683296783625,3.21
22668,2.9739613526570046,1965,-36.017053697183066,3.27
22669,2.942814371257484,1027,-35.84374999999997,3.24
22670,1.2654028436018958,1754,-10.875496592721476,1.39
22671,1.709230769230769,919,-140.0761851075542,1.88
22672,1.65775,1382,-32.53836382113822,1.82
22673,1.2680530973451327,772,-9.457037480063796,1.39
22674,1.2543243243243245,1274,-40.95709978070177,1.38
22675,1.3022656250000002,1176,-13.01153530923268,1.43
22676,1.2754999999999999,1040,-61.9422348484848,1.4
22677,1.2601769911504426,874,-111.32696280991726,1.39
22678,1.2729126213592235,751,-74.18629476584016,1.4
22679,1.2756521739130435,647,-35.95236455463725,1.4
22680,1.2729126213592235,745,-53.13719008264459,1.4
22681,1.278433734939759,627,-21.044160104986858,1.41
22682,1.264375,618,-25.53684573002753,1.39
22683,1.2795,575,-45.00495867768591,1.41
22684,1.2490163934426228,464,-187.49999999999983,1.37
22685,1.249142857142857,543,-187.49999999999983,1.37
22686,1.2554794520547945,859,-209.23433965854719,1.38
22687,8.836,568,-26.725053015428742,9.72
22688,7.958518518518518,700,-76.08269573476728,8.75
22689,8.764513274336283,614,-33.86741404772183,9.64
22690,7.8726515151515155,1597,-10.715536132530126,8.66
22691,7.940520833333334,344,-20.991320999350403,8.73
22692,7.917117647058824,1378,-22.705920019330474,8.71
22693,1.2353974895397488,15940,-166.41125827624552,1.36
22694,2.096794871794872,1612,-18.582083333333333,2.31
22695,1.3334693877551016,695,-35.987492002483165,1.47
22696,1.9887692307692304,694,-31.937499999999993,2.19
22697,2.9422670375521554,6430,-30.870847672298204,3.24
22698,2.935410958904109,5343,-29.659594571946506,3.23
22699,2.923483146067416,9132,-33.05958194006296,3.22
22700,2.3787755102040813,1194,314.0560016860089,2.14
22701,2.240754716981132,436,-12.096406807279255,2.46
22702,1.793023255813953,1357,193.02145796119407,1.61
22703,1.61,168,7.9691121112929695,1.45
22704,0.41908045977011504,5275,-30.800781250000014,0.46
22705,0.42000000000000004,1900,0.0,0.46
22706,0.418840579710145,2050,-20.23437500000001,0.46
22707,0.42000000000000026,1250,0.0,0.46
22708,0.41919191919191917,2775,-20.23437500000001,0.46
22709,0.4164102564102565,1325,-23.679687500000007,0.46
22710,0.41620000000000007,4425,-36.98593750000001,0.46
22711,0.41920792079207925,2852,-20.23437500000001,0.46
22712,0.4353703703703704,4319,-24.46359016999261,0.48
22713,0.42141935483870974,3309,-32.36480947107127,0.46
22714,0.42064516129032253,3367,-34.48686317246152,0.46
22715,0.41816326530612247,1506,-27.083333333333332,0.46
22716,0.42432558139534887,3088,-19.507621951219512,0.47
22717,0.4193103448275864,1170,-20.0,0.46
22718,0.41886792452830196,1560,-20.0,0.46
22719,1.1941176470588235,463,-59.05183413078152,1.31
22720,4.953615185504745,7020,-22.694724495731474,5.45
22721,4.820200803212852,910,-37.61409302178507,5.3
22722,3.9175074183976264,5372,-43.51820809187911,4.31
22723,3.7513991769547332,1059,-70.00759257013502,4.13
22725,3.801067073170732,1776,-47.55741546870322,4.18
22726,3.7910148514851483,5641,-181.75449105838263,4.17
22727,3.766707452725251,7221,-142.58118880132642,4.14
22728,3.7871497584541056,5074,-102.33532268652633,4.17
22729,3.7662942779291555,2182,-213.8547958470601,4.14
22730,3.7554716981132072,2728,164.77675881320428,3.38
22731,1.350943396226415,1075,-4.046435734653437,1.49
22732,1.3437795275590554,1522,-5.47367918920768,1.48
22733,1.3340277777777778,1471,-7.306939197166469,1.47
22734,2.891632653061224,2843,-33.13401552829356,3.18
22735,1.739887640449438,673,-12.066934589800445,1.91
22736,1.7227741935483873,1102,-10.954668445121953,1.9
22737,1.736315789473684,1227,-1.4430513211382114,1.91
22738,1.698839779005525,2007,-81.45541620473023,1.87
22739,1.74188679245283,1588,-4.408690710493079,1.92
22740,0.8451401869158875,6625,-18.94532967032967,0.93
22741,0.8541935483870965,8328,-21.735243055555557,0.94
22742,2.6132967032967023,628,-63.630111882716,2.87
22743,2.81078947368421,867,-9.450439827354433,3.09
22744,2.678266666666666,833,-70.57343749999994,2.95
22745,2.114846625766871,1788,-28.863656609195406,2.33
22746,2.1286770428015567,1319,-45.76923645320198,2.34
22747,2.095689655172414,879,-41.21222222222222,2.31
22748,2.125630252100841,1895,-42.452630906768846,2.34
22749,3.7539429928741095,2223,-73.53773450585396,4.13
22750,3.7664961636828647,1964,-76.21635095337929,4.14
22751,3.794078431372549,1514,-160.62864900873882,4.17
22752,8.40418604651163,1654,-48.379757568991494,9.24
22753,0.7716666666666664,918,-43.51952387889887,0.85
22754,0.7691836734693875,1802,-121.79355773441517,0.85
22755,0.7915656565656563,1577,-38.366553880316744,0.87
22756,1.1112903225806452,554,-17.82729789632917,1.22
22757,1.1217543859649124,1009,-6.559641701378787,1.23
22758,1.1176923076923078,1122,-34.553437132689794,1.23
22759,1.6875,5207,-92.18761729845886,1.86
22760,12.504545454545456,259,-55.34615384615382,13.76
22761,24.575,34,-5.299722222222222,27.03
22762,14.77298850574713,145,-15.366274350649357,16.25
22763,9.903723404255324,191,-16.90325670498085,10.89
22764,24.95,3,0.0,27.44
22765,13.263333333333334,25,-65.00000000000001,14.59
22766,2.9550000000000005,3206,-12.816359132358215,3.25
22767,9.84923076923077,761,-36.885460239202104,10.83
22768,9.909574468085108,837,-41.68722663521377,10.9
22769,23.95,6,-5.4875,26.35
22770,14.910000000000007,83,-25.957386363636374,16.4
22771,1.2448502994011976,5753,-34.5488885577176,1.37
22772,1.247231638418079,3345,-23.70945658122658,1.37
22773,1.2489333333333335,1852,-11.048394097222223,1.37
22774,1.2389000000000001,2007,-19.012025506474526,1.36
22775,1.2569565217391305,2614,-70.65943674685452,1.38
22776,9.859977827050999,1116,-27.521798444212248,10.85
22777,8.338095238095237,331,-54.46153846153848,9.17
22778,3.8700000000000006,757,-29.542619977678573,4.26
22779,4.183947368421053,1535,-49.240030248917755,4.6
22780,4.1843939393939396,1340,-99.01339187327825,4.6
22781,7.702360248447206,533,-29.766988622155527,8.47
22782,19.355405405405406,241,-5.332671440972222,21.29
22783,13.858125,462,-44.54271676985721,15.24
22784,4.980483271375466,1214,-17.020392173579694,5.48
22785,6.388148148148148,212,-4.447192937643199,7.03
22786,5.934864864864864,108,-3.6449574468085104,6.53
22788,9.818043478260869,205,-57.94498978308689,10.8
22789,1.9884732824427478,838,-12.849551637359832,2.19
22791,1.2339097744360903,7336,-26.157101439684016,1.36
22792,0.8649999999999999,2313,-16.539300976800977,0.95
22794,7.942356687898091,300,-6.937499999999998,8.74
22795,6.686769759450171,1099,-41.523893229166674,7.36
22796,9.89604651162791,554,-21.527658045977024,10.89
22797,17.08088607594937,146,-11.047265625000001,18.79
22798,2.9760317460317456,1643,-73.35329405409726,3.27
22799,8.131874999999999,198,-25.273153153153164,8.95
22800,3.795611510791367,765,-44.298877611186,4.18
22801,3.7644242424242416,890,-71.36816910244522,4.14
22802,18.064285714285717,66,-14.957333333333334,19.87
22803,38.102000000000004,46,-15.188492063492053,41.91
22804,2.9795961995249405,2869,-41.90206967027658,3.28
22805,1.24544,1574,-43.00328947368422,1.37
22806,2.6321428571428576,243,-18.963439542483645,2.9
22807,2.780990990990991,676,-16.62449866310159,3.06
22808,2.8555555555555547,320,-19.088235294117645,3.14
22809,3.124748603351955,1198,-29.749925760704556,3.44
22810,3.1602127659574464,908,-9.140620803437246,3.48
22811,3.009821428571428,775,-84.07478802719956,3.31
22812,2.1418110236220462,1571,-14.22384746562815,2.36
22813,2.061818181818181,2265,-53.278559438813254,2.27
22814,0.41687500000000005,1581,-30.625,0.46
22815,0.41842105263157897,1810,-20.0,0.46
22816,0.4183333333333334,3438,-21.833333333333336,0.46
22817,0.41809523809523813,1858,-20.114583333333332,0.46
22818,0.4192682926829269,3162,-19.5,0.46
22819,0.41857142857142865,1848,-23.625,0.46
22820,0.6539130434782606,761,-27.01620370370371,0.72
22821,0.6553731343283582,834,-17.756365740740748,0.72
22822,5.946620689655174,417,-16.597139616935486,6.54
22823,118.07692307692308,24,-8.88888888888889,129.88
22824,35.67093023255814,55,-14.729166666666666,39.24
22825,7.902,70,-9.979166666666666,8.69
22826,114.02439024390245,58,-2.1875,125.43
22827,158.07692307692307,35,-5.9375,173.88
22828,156.42857142857142,10,-6.708333333333333,172.07
22829,9.862121212121215,215,-20.120689655172423,10.85
22830,21.771666666666665,131,80.53812694487397,19.59
22831,2.946226415094339,684,-264.8671874999998,3.24
22832,10.7268115942029,155,-59.26914062499994,11.8
22833,45.635000000000005,75,-103.66992967040039,50.2
22834,1.8827090301003342,4633,-20.51875091320865,2.07
22835,4.858841698841699,2972,-43.621649537374616,5.34
22837,4.620588235294117,992,-54.57291666666662,5.08
22838,14.754705882352944,652,-55.2148498975397,16.23
22839,14.940071942446044,364,-35.42470064627031,16.43
22840,7.921383399209487,891,-52.972540749785686,8.71
22841,7.958800000000001,516,-31.87190475876234,8.75
22842,6.640410958904109,572,-33.18098958333334,7.3
22843,6.694173913043477,434,-36.706501892088745,7.36
22844,8.537398648648649,826,-42.66578258193226,9.39
22845,6.38042194092827,704,-19.80574823927551,7.02
22846,16.345381526104415,626,-14.935001304297503,17.98
22847,16.523333333333333,851,-16.78552878610548,18.18
22848,16.215446428571425,302,-21.00581628290133,17.84
22849,16.26140495867768,308,-16.224269078367215,17.89
22851,0.863131313131313,2609,-55.36240206552706,0.95
22852,4.248796296296296,354,40.72804054054053,3.82
22853,3.247029702970297,431,20.597098214285687,2.92
22854,4.917114093959732,750,-78.74897250566893,5.41
22855,1.2352222222222222,2508,-42.281798245614034,1.36
22856,1.2413636363636364,564,-52.01535087719299,1.37
22857,0.8457377049180328,1156,-136.57692307692307,0.93
22858,1.644690265486725,1081,-73.4814814814815,1.81
22859,1.6453846153846157,1150,-73.4814814814815,1.81
22860,1.6500000000000004,567,0.0,1.82
22861,1.6499999999999997,292,0.0,1.81
22862,4.25,143,0.0,4.68
22863,2.928947368421052,693,-56.79921874999995,3.22
22865,2.1126767676767684,8115,-96.49554607269819,2.32
22866,2.0893027888446216,6118,-116.8854010462075,2.3
22867,2.110040983606558,6001,-86.04237022113942,2.32
22868,1.95,54,0.0,2.14
22869,1.9500000000000002,69,0.0,2.15
22870,1.95,67,0.0,2.14
22871,1.95,52,0.0,2.14
22872,1.9499999999999997,55,0.0,2.14
22873,1.9499999999999997,47,0.0,2.14
22874,1.95,54,0.0,2.14
22875,1.9499999999999997,51,0.0,2.14
22876,1.95,52,0.0,2.14
22877,1.9499999999999997,56,0.0,2.14
22878,2.1000000000000005,52,0.0,2.31
22879,1.595,62,0.00041394335511983166,1.75
22880,1.7133333333333332,72,-0.007211328976034835,1.88
22881,1.7315384615384615,79,-0.007211328976034835,1.9
22882,1.8080000000000003,83,-0.007211328976034835,1.99
22883,1.6918181818181817,78,0.04616557734204794,1.86
22884,1.7725,75,-7.328120915032679,1.95
22885,1.7133333333333332,79,0.04616557734204794,1.88
22886,1.7315384615384615,74,0.00041394335511983166,1.9
22887,1.6918181818181817,66,-7.328120915032679,1.86
22888,1.595,63,0.00041394335511983166,1.75
22889,1.8077777777777777,147,-0.03166840549469655,1.99
22890,10.006510067114098,366,-26.562194127711383,11.01
22891,4.614814814814815,345,-6.1793669284591575,5.08
22892,1.2451776649746193,2461,-30.590789473684215,1.37
22893,0.4172727272727273,1464,-26.229166666666668,0.46
22894,9.696363636363639,291,-6.230318372559755,10.67
22895,3.1856734693877553,1980,-41.071178774928754,3.5
22896,2.5920796460176994,1498,-48.85241339880346,2.85
22897,1.548850574712643,1298,-40.321588267277036,1.7
22898,1.9468309859154929,2201,-28.57565764173764,2.14
22899,2.1263358778625956,1982,-68.48998264627086,2.34
22900,3.123118556701031,4580,-86.86963105924956,3.44
22902,2.0530208333333335,1212,-20.872054207025318,2.26
22903,2.7590624999999998,153,-1.7818198215925476,3.03
22904,2.977053941908714,1768,-30.630468291519925,3.27
22905,2.751304347826087,478,-32.97320456352483,3.03
22906,1.6419999999999997,1628,-111.19531250000003,1.81
22907,0.8506371681415927,6102,-84.03036791639731,0.94
22908,0.8478086419753085,4234,-55.623270248270245,0.93
22909,0.8454403131115459,8122,-64.04257281180357,0.93
22910,2.9365357643758765,9433,-59.34613651590946,3.23
22911,2.974878048780487,438,-20.16053526017213,3.27
22912,4.932637362637363,270,-18.282656469760898,5.43
22913,4.925999999999999,327,-76.63898592616947,5.42
22914,4.933235294117647,428,-76.75141978860333,5.43
22915,0.39932835820895524,2928,-72.22847826086958,0.44
22916,0.6494845360824744,1819,-31.908333333333346,0.71
22917,0.6494949494949498,1858,-31.908333333333346,0.71
22918,0.6489743589743592,1776,-42.705000000000005,0.71
22919,0.6494949494949498,1669,-31.908333333333346,0.71
22920,0.6489690721649486,3329,-836.3384694719474,0.71
22921,0.6494186046511629,1648,-31.95416666666668,0.71
22922,0.8563636363636362,1482,-18.47451079622132,0.94
22923,0.8448684210526315,1281,-42.81282051282051,0.93
22924,0.8465789473684209,1188,-31.91538461538461,0.93
22925,5.9835975609756105,427,-53.0027553763441,6.58
22926,5.939247311827958,569,-34.993750000000006,6.53
22927,5.934496124031009,395,-26.06875,6.53
22928,6.382500000000001,251,-4.134210189452125,7.02
22929,63.915384615384625,19,-2.6937056737588665,70.31
22930,2.5654421768707487,1041,-28.625734449167876,2.82
22931,2.55141592920354,794,-81.55054492597719,2.81
22932,2.50078125,872,-147.61574074074085,2.75
22933,2.9228260869565217,876,-117.06625816993461,3.22
22934,2.915217391304347,560,-129.5039062499999,3.21
22935,3.1634615384615383,673,-27.60841049382716,3.48
22936,3.3037142857142854,258,-69.25400641025641,3.63
22937,2.6119858156028375,941,-3.941258644536653,2.87
22938,1.941744186046511,2321,-36.92915923377506,2.14
22939,5.273461538461539,448,-33.763811060514826,5.8
22940,4.351269841269842,1896,-96.96503524843163,4.79
22941,8.447647058823529,1572,-82.27642084478023,9.29
22942,7.445833333333334,581,-42.68511781011783,8.19
22943,4.970372670807454,1280,-34.844256276800024,5.47
22944,0.5190000000000001,2704,-8.183139534883722,0.57
22945,0.8919285714285713,2863,-17.321295546558705,0.98
22946,16.326373626373623,370,-30.878151505015406,17.96
22947,10.323076923076924,536,-1.829674551793459,11.36
22948,0.9227358490566036,1456,-7.039398697791132,1.02
22949,1.45,947,0.0,1.6
22950,1.436826347305389,5180,-108.77223800505053,1.58
22951,0.5628455284552845,7247,-46.459567307692296,0.62
22952,0.5426612903225806,14759,-37.25119575936883,0.6
22953,1.2791566265060241,460,-0.5041322314049586,1.41
22954,1.25,165,0.0,1.38
22955,2.0134234234234234,1005,-81.97483036471586,2.21
22956,2.04376404494382,2003,-84.85283319303038,2.25
22957,2.9300995024875625,1749,-51.08626644736838,3.22
22959,0.4184285714285714,4876,-19.687500000000007,0.46
22960,4.1837204058624575,8151,-21.338895116081815,4.6
22961,1.4715885714285708,15055,-54.92711402326773,1.62
22962,0.8457894736842102,3681,-38.99580550168785,0.93
22963,0.8450710900473931,3071,-36.74091960670907,0.93
22964,2.1337086092715234,2514,-187.96352048334805,2.35
22965,2.1255502392344505,1318,-24.874808429118783,2.34
22966,1.2612762237762238,7204,-67.67076816309024,1.39
22967,2.9287878787878783,1161,-34.14218749999997,3.22
22968,9.72,729,-46.89984726649283,10.69
22969,1.4507321772639687,12092,-12.537901529146149,1.6
22970,2.4929577464788735,4246,-60.35708776488351,2.74
22971,2.52195744680851,2365,-23.62572087262291,2.77
22972,1.653478260869565,1715,-27.936991869918703,1.82
22973,1.672142857142857,1192,-29.33716308766349,1.84
22974,1.6855555555555555,1523,-39.57175352515244,1.85
22975,1.2752083333333333,1118,-2.8288567493112944,1.4
22976,1.2604310344827587,1047,0.3319559228650137,1.39
22977,1.26070796460177,905,0.0,1.39
22978,3.7522727272727274,2407,134.2723564551003,3.38
22979,1.4955271565495205,3920,-2.5218794529299795,1.65
22980,1.6742914979757084,2289,-93.61146860164693,1.84
22981,1.4473684210526314,436,-42.97829861111112,1.59
22982,1.3145578231292518,1045,-8.882815394777118,1.45
22983,0.42735735735735736,5038,-20.654953069842204,0.47
22984,0.4215492957746479,2678,-23.42609016999261,0.46
22985,0.4183333333333333,3750,-57.128255208333364,0.46
22986,0.41961038961038966,4101,-27.125,0.46
22987,0.42,100,0.0,0.46
22988,1.2574260355029587,8821,-77.85763717301019,1.38
22989,3.2295283018867926,2697,1181.637296626992,2.91
22990,4.762777777777778,607,-80.10912136494007,5.24
22991,2.049834024896265,3710,-49.10540397002136,2.25
22992,1.9619594594594596,4917,-136.93242951302008,2.16
22993,1.256909294512878,11792,-39.24398045422715,1.38
22994,0.4196319018404908,2107,-80.5,0.46
22995,0.41935828877005354,2236,-57.25,0.46
22996,0.4194019933554818,4552,-172.845,0.46
22997,0.4196774193548387,2527,-4.9,0.46
22998,0.4276785714285714,11769,-199.91743854045686,0.47
22999,0.41968911917098445,2875,0.0,0.46
23000,0.4197115384615385,3044,-5.0,0.46
23002,0.41958620689655174,2078,-83.0,0.46
23003,0.41886792452830207,541,-2.75,0.46
23004,0.4295348837209302,1862,-11.955284552845528,0.47
23005,0.41934065934065945,4396,-314.27500000000003,0.46
23006,0.4195419847328245,1699,-27.125,0.46
23007,16.51643356643357,450,-26.943660901467513,18.17
23008,16.425409836065572,421,-19.505548167848698,18.07
23009,16.42540983606558,209,-25.776222222222216,18.07
23010,16.47808988764045,285,-23.41150042087542,18.13
23012,3.8827093596059115,1017,-25.735342261904766,4.27
23013,3.885934065934066,866,-23.997100449763266,4.27
23014,3.9084146341463417,800,-22.11206909449997,4.3
23015,8.25,37,0.0,9.08
23016,7.723684210526314,69,-13.36574074074075,8.5
23017,12.178571428571429,64,-19.30092592592593,13.4
23018,12.2975,50,-26.795987654320996,13.53
23019,8.07857142857143,81,-30.202457264957275,8.89
23020,12.33125,176,-30.84273726851853,13.56
23021,4.134615384615386,118,-30.429687499999975,4.55
23022,2.029565217391304,416,-18.676108374384235,2.23
23023,1.6995999999999998,272,-29.043318089430898,1.87
23024,2.7300000000000004,254,-19.936166666666676,3.0
23025,2.124565217391304,317,-0.2860162601626017,2.34
23026,2.10625,504,-3.463912251191478,2.32
23027,2.08,287,0.0,2.29
23028,1.658965517241379,1247,-90.26171875000001,1.82
23029,1.6471014492753624,1284,-43.34895833333334,1.81
23031,1.6471428571428572,1246,-65.34895833333334,1.81
23032,1.644736842105263,2264,-65.31875000000001,1.81
23033,1.4400000000000002,685,-17.723958333333336,1.58
23034,1.442682926829268,947,-30.182291666666675,1.59
23035,1.4537647058823526,2089,-26.054649758454115,1.6
23036,1.25,183,0.0,1.38
23037,1.7299999999999998,193,-8.716082317073171,1.9
23038,1.2299999999999998,41,-0.9510416666666667,1.35
23039,1.9369565217391311,192,-4.624999999999999,2.13
23040,5.728947368421053,246,-430.72421875000003,6.3
23041,4.1499999999999995,260,0.0,4.56
23042,6.650000000000001,99,0.0,7.32
23043,6.25,75,0.0,6.88
23044,4.150000000000001,103,0.0,4.57
23045,4.150000000000002,116,0.0,4.57
23046,6.623529411764706,347,-147.23784722222217,7.29
23047,5.75,58,0.0,6.32
23048,4.190652173913042,564,-129.4140624999999,4.61
23049,8.24526627218935,435,-50.82968750000001,9.07
23050,8.240909090909092,459,-36.2490451388889,9.07
23051,8.237969924812031,335,-45.09140625000001,9.06
23052,8.246380090497738,571,-50.36406250000002,9.07
23053,8.231538461538461,319,-33.65364583333334,9.05
23054,8.242727272727274,268,-13.416666666666671,9.07
23055,5.58051282051282,561,-57.58724856391624,6.14
23056,6.162439024390244,869,-90.04018570709349,6.78
23057,4.602045454545454,677,-31.002565419601197,5.06
23058,1.1129545454545455,486,-3.289397053785543,1.22
23060,2.08,244,0.0,2.29
23061,1.2476923076923077,964,-10.166666666666668,1.37
23064,43.01136363636364,220,-15.63087700451315,47.31
23065,12.470967741935484,257,-110.4820601851852,13.72
23066,8.228947368421052,245,-92.02148437500001,9.05
23067,4.149999999999998,277,0.0,4.56
23068,2.4776691729323317,805,-62.982012195121925,2.73
23069,6.25,89,0.0,6.88
23070,4.15,147,0.0,4.57
23071,10.711363636363636,317,-22.267707753179245,11.78
23072,10.772727272727273,326,-14.590222953216374,11.85
23073,12.41,142,-50.0817901234568,13.65
23074,2.0638888888888887,225,-85.04741379310344,2.27
23075,4.144999999999999,470,-61.16406249999996,4.56
23076,1.2449397590361446,7920,-19.362698412698418,1.37
23077,1.2418446601941748,9662,-24.66603174603174,1.37
23078,1.2450704225352112,6607,-25.41904761904762,1.37
23079,8.936915887850471,250,-79.90401785714295,9.83
23080,8.357543859649123,1003,-69.86958153388642,9.19
23081,8.336293103448275,454,-60.370375894988065,9.17
23082,3.7230402930402926,2265,-56.47871376811594,4.1
23083,3.7610798122065723,1860,-67.21781991504389,4.14
23084,2.013942992874109,27202,-72.69215205176371,2.22
23085,10.081481481481482,374,-16.70813953488372,11.09
23086,1.2329729729729728,1194,-34.75573192239859,1.36
23087,1.237142857142857,830,-10.16093474426808,1.36
23088,1.3063157894736843,760,-6.429014167650531,1.44
23089,1.7771014492753623,2136,-33.624408088946964,1.95
23090,0.8573809523809522,2130,-14.944263731060607,0.94
23091,6.2863,570,-21.76446178995181,6.91
23092,7.802222222222222,509,-30.60777711914642,8.58
23093,2.472983870967743,916,-113.76675633668098,2.72
23094,12.5,147,0.0,13.75
23096,1.727647058823529,1007,-36.266967559381484,1.9
23099,6.584545454545452,132,-16.965856481481474,7.24
23100,1.246216216216216,2093,-36.16931216931218,1.37
23101,0.8266326530612244,1948,-78.37878787878789,0.91
23102,0.8269444444444444,1245,-117.70454545454545,0.91
23103,1.6476047904191615,3939,-36.33333333333334,1.81
23104,12.30909090909091,116,-13.467261904761905,13.54
23106,2.7719999999999994,283,-9.038494458128081,3.05
23107,2.7391803278688522,340,6.225000000000002,2.47
23108,6.148418079096045,2194,36.405929750090515,5.53
23109,2.9043459915611813,2325,-34.79843869731801,3.19
23110,5.713800904977376,664,-35.82477678571429,6.29
23111,12.281600000000003,296,-14.586507936507937,13.51
23112,7.453804347826087,472,-28.527089783281752,8.2
23113,4.919999999999999,1138,126.86766010167517,4.43
23114,4.930487804878048,144,-17.990451388888893,5.42
23115,4.93,147,-36.480902777777786,5.42
23116,4.905555555555556,72,-27.127604166666675,5.4
23117,4.949999999999998,85,0.0,5.44
23118,7.4600888888888885,765,-32.91259863884394,8.21
23119,0.6476923076923077,2156,-27.2433066866038,0.71
23120,0.41869565217391314,1648,-524.4635416666667,0.46
23121,0.41625,2465,-64.4236111111111,0.46
23122,0.8204040404040402,2093,-279.1112071233166,0.9
23123,0.8236231884057968,900,-49.651515151515156,0.91
23124,1.24125,503,-158.07539682539687,1.37
23125,1.236875,405,-445.8460317460318,1.36
23126,5.013884892086331,1089,-35.587571239743205,5.52
23127,4.968594594594595,714,-4.478833713850839,5.47
23128,4.970227272727272,436,-38.37576128981857,5.47
23129,4.418727272727272,942,-30.21071198261464,4.86
23130,4.234790419161675,918,-33.946602757648925,4.66
23131,4.2070909090909065,894,-21.787597409132722,4.63
23132,5.735833333333334,1022,-76.90816692879145,6.31
23133,7.992164179104476,759,-38.988529349662166,8.79
23134,7.6710810810810806,1064,-74.03963629100745,8.44
23135,5.191190476190476,1538,-66.83199158910705,5.71
23136,3.7290909090909086,127,-19.060914855072465,4.1
23137,3.4539999999999997,80,-16.7463768115942,3.8
23138,1.4449999999999996,875,-44.04479166666667,1.59
23139,1.2566666666666666,407,-36.970345911949686,1.38
23140,4.256857142857143,160,-4.755711553945246,4.68
23141,3.5900000000000003,68,0.8234126984126984,3.95
23142,10.330555555555554,116,-30.10089285714286,11.36
23143,7.175000000000002,25,0.0,7.89
23144,0.8369747899159663,4894,-27.456034090909093,0.92
23145,0.9607284768211923,2054,-12.574669421910855,1.06
23146,3.2826267281105985,781,-19.309895833333336,3.61
23147,1.4492156862745096,1845,-1.5625000000000002,1.59
23148,0.8299590163934426,2118,22.126262626262605,0.75
23149,2.4900000000000007,97,0.0,2.74
23150,2.49,139,0.0,2.74
23151,1.98,60,0.7323529411764705,2.18
23152,3.742894736842105,545,-50.929398148148174,4.12
23153,3.7883333333333336,248,-25.556195093341334,4.17
23154,2.0809210526315787,2472,-157.6557110880302,2.29
23155,0.822212389380531,2106,-59.732954545454554,0.9
23156,2.094240837696335,1638,-67.85899776864618,2.3
23157,2.1498692810457514,2543,-120.64194945210323,2.36
23158,2.1666666666666665,2538,-60.60345692178516,2.38
23159,2.082178217821782,2283,-144.5554889095087,2.29
23160,1.2293442622950819,1404,-23.042424242424246,1.35
23161,1.2283823529411766,1608,-13.657020757020758,1.35
23162,3.7471830985915493,1362,-72.85960833402085,4.12
23163,2.434925373134329,1714,-55.20579268292683,2.68
23164,4.922625000000001,564,-17.69893167097179,5.41
23165,1.632222222222222,2954,-53.200588348765436,1.8
23166,1.2203030303030302,77916,-43.58405139833712,1.34
23167,0.8270652173913043,5666,-61.12523977244721,0.91
23168,1.228116591928251,2850,-24.776675163484438,1.35
23169,4.11377358490566,1453,-67.02759176587297,4.53
23170,1.6575379939209725,6575,-56.38896644157596,1.82
23171,1.672583025830258,5966,-28.986570238250888,1.84
23172,1.6405357142857138,3688,-37.069633364602886,1.8
23173,9.705872576177287,2666,-44.03455885161023,10.68
23174,4.126728624535315,2956,-79.17479731271511,4.54
23175,3.1950549450549453,3066,-78.6614527414635,3.51
23176,2.263544973544973,2090,-286.92654435652116,2.49
23177,2.2418181818181817,2431,-807.9446675084174,2.47
23178,2.811754385964912,312,-77.84554985682249,3.09
23179,2.9330000000000003,304,-49.8691863213415,3.23
23180,4.766666666666667,104,-2.9999999999999996,5.24
23181,8.184782608695652,185,-23.636363636363637,9.0
23182,0.8776029962546816,3414,-15.08434991296118,0.97
23183,4.056610169491526,178,-2.232390913707567,4.46
23184,5.097939698492465,778,-12.314864513815715,5.61
23185,0.34968750000000004,323,-7.000000000000033,0.38
23186,0.34098591549295765,1982,14.17982407407414,0.31
23187,0.3154666666666666,2338,12.067010309278416,0.28
23188,1.7055555555555557,3098,-6.1955136348238495,1.88
23189,2.858421052631579,1215,-21.377534722222222,3.14
23190,1.6513333333333333,1678,-141.05471131859758,1.82
23191,1.6749027237354084,2176,-26.822163545296174,1.84
23192,1.6540740740740743,3286,-75.47544519446032,1.82
23193,2.2652447552447548,1855,-243.40994642428646,2.49
23194,2.2498870056497178,1754,-111.63989986251686,2.47
23196,1.4442386831275713,1760,-28.00706845238096,1.59
23197,1.5413978494623652,1368,-27.389073067632857,1.7
23198,1.4803367875647664,3067,-58.432146073783166,1.63
23199,2.062052341597796,13887,-82.097125695604,2.27
23200,2.0721383647798732,6733,-70.7155722714595,2.28
23201,2.058357424441524,12540,-69.31651736187874,2.26
23202,2.078401534526854,10716,-53.080581574389015,2.29
23203,2.0553642987249545,19516,-64.63253530657373,2.26
23204,0.8429976580796251,7039,-72.30608058608058,0.93
23205,0.851862464183381,5152,-57.32987038602423,0.94
23206,1.6415083798882677,11565,-94.91070601851854,1.81
23207,1.652921013412817,7554,-121.7829089861751,1.82
23208,1.6451219512195123,6225,-100.52525,1.81
23209,1.6463848396501455,13004,-82.68703251008066,1.81
23210,1.2437869822485206,2803,-66.42645502645505,1.37
23211,1.24125,2208,-152.86848072562358,1.37
23212,1.239090909090909,2179,-39.5597127739985,1.36
23213,1.24328,1595,-95.68882275132276,1.37
23214,2.1816326530612242,777,-8.381873423044576,2.4
23215,2.1392610837438415,3547,-71.20148836731636,2.35
23216,1.3480487804878047,518,-11.006076061099986,1.48
23217,1.4022093023255815,1290,-12.351061886992902,1.54
23218,1.383939393939394,372,-4.429097796143251,1.52
23219,1.3117307692307694,404,-23.65325987144169,1.44
23220,0.9096202531645567,930,-62.39247685185186,1.0
23221,0.9132456140350877,1461,-18.01377290295489,1.0
23222,0.9616666666666666,776,-8.484510866571535,1.06
23223,0.9427142857142854,747,-4.018244804982762,1.04
23224,0.9328813559322033,719,-12.99879181841599,1.03
23225,0.9561428571428571,1297,-44.94658558835345,1.05
23226,1.24125,1199,-25.01322751322752,1.37
23227,1.26816091954023,1592,-17.4399815252088,1.39
23228,1.3925316455696202,1397,-25.943459613528606,1.53
23229,3.7842009132420094,1804,-57.8908650823568,4.16
23230,0.41733905579399144,7950,-21.23139880952382,0.46
23231,0.41906614785992213,7225,-20.23437500000001,0.46
23232,0.4175308641975309,8626,-27.675781250000007,0.46
23233,0.418616352201258,5175,-37.78125000000001,0.46
23234,2.9257446808510634,1635,-24.45253668146988,3.22
23235,2.7372727272727277,729,-46.43116531165313,3.01
23236,2.9325675675675678,2459,-52.77944521626929,3.23
23237,4.133529411764705,1044,-88.28013392857136,4.55
23238,4.133606557377048,1788,-70.52597656249995,4.55
23239,3.912576687116563,823,-111.27940972222214,4.3
23240,4.1331325301204815,4103,-103.01509046052625,4.55
23241,2.0753220338983054,2024,-273.3487067230274,2.28
23242,2.0741326530612243,1436,-208.92327898550724,2.28
23243,4.888174807197944,4663,21.966690865318697,4.4
23244,1.974380952380952,925,-41.79600808213191,2.17
23245,4.93283356258597,5856,-39.669100154957434,5.43
23247,2.969783393501805,2060,-33.05128459618875,3.27
23249,1.6442028985507253,802,-36.020833333333336,1.81
23250,1.247640449438202,1103,-23.000000000000004,1.37
23251,1.2398058252427184,1646,-83.320987654321,1.36
23252,3.7428125,590,-44.18795289855072,4.12
23253,15.656382978723412,214,-12.314009661835751,17.22
23254,4.1429577464788725,1664,-217.16666666666652,4.56
23255,4.164861111111111,963,-69.79640952093393,4.58
23256,4.151636363636362,2018,-142.5145833333332,4.57
23263,1.3159628770301626,3747,-30.81490040423792,1.45
23264,1.3221722846441948,1845,-10.615958777835605,1.45
23265,1.3167407407407408,1680,-1.3222832980202148,1.45
23266,1.3101010101010102,1975,-15.283907965864147,1.44
23267,1.2477659574468085,1158,-23.000000000000004,1.37
23268,1.5168354430379747,1435,-28.818530397819302,1.67
23269,1.4474683544303797,755,-8.776041666666668,1.59
23270,1.443599999999999,1166,-20.343261718750007,1.59
23271,0.8366666666666666,1622,-12.188448660714284,0.92
23272,1.5637142857142856,352,-1.8478618942033573,1.72
23273,1.6793877551020406,928,-2.8014481707317076,1.85
23274,1.7425490196078433,1142,-12.431735899390246,1.92
23275,1.2872982456140352,3642,-15.870228738878472,1.42
23280,0.8339259259259258,1995,-101.45829718452418,0.92
23281,0.8229787234042552,1270,-200.76920995670994,0.91
23282,0.8738461538461538,753,-55.80092616065845,0.96
23283,7.912870813397129,967,-26.039584960763293,8.7
23284,7.91351145038168,5342,-28.47526153139915,8.7
23285,0.8465909090909091,4679,161.26373862524068,0.76
23286,0.8464634146341461,4901,153.99541948022238,0.76
23287,0.8456375838926173,1782,-33.29230769230769,0.93
23288,0.8485925925925926,4505,-6.875450031071546,0.93
23289,1.2457746478873237,1553,-43.14062500000001,1.37
23290,1.2419540229885058,2367,-70.35193452380955,1.37
23291,1.2693835616438358,1549,-42.436942886658805,1.4
23292,1.263433734939759,2082,-55.18120092975207,1.39
23293,0.823978947368421,8243,-87.41049860305179,0.91
23294,0.8249006622516555,4292,-97.06348484848486,0.91
23295,0.8246486486486486,5963,-95.96582300275482,0.91
23296,1.2396296296296296,4879,-52.13206987775955,1.36
23297,1.6359154929577469,4260,-247.23815359477126,1.8
23298,4.916591796875001,7785,-87.55818166687519,5.41
23299,3.7924193548387093,983,-73.7878248406281,4.17
23300,1.6653004622496144,6303,-98.44352652590503,1.83
23301,1.6638151041666667,7740,-75.83701417535929,1.83
23302,1.5799999999999996,1481,-113.39793837684115,1.74
23303,1.95,65,0.0,2.14
23304,1.9500000000000002,71,0.0,2.15
23305,1.9500000000000002,82,0.0,2.15
23306,1.4610900473933641,2692,-44.53832199546486,1.61
23307,0.5561625708884688,11675,-77.12925213675211,0.61
23308,0.5635646687697159,5967,-70.3372737556561,0.62
23309,0.5684126984126983,7727,-149.49741928771718,0.63
23310,0.4292523364485981,11891,-26.114877005406328,0.47
23311,2.54524647887324,2199,-17.891975308641985,2.8
23312,4.139898989898988,1365,-145.79232142857134,4.55
23313,4.9512938005390845,2755,-79.91808290525115,5.45
23314,12.440283018867925,393,-28.508592680358092,13.68
23315,9.831578947368424,202,-21.711111111111126,10.81
23316,9.818750000000001,236,-14.072751322751332,10.8
23317,9.873943661971836,162,-21.170910493827172,10.86
23318,2.4571513353115737,3647,-74.16606743086062,2.7
23319,2.4641732283464575,3539,-50.63726932507419,2.71
23320,2.6578504672897196,2635,-42.063721084978724,2.92
23321,1.643785123966942,4283,-52.40388826684032,1.81
23322,2.9476136363636365,2908,-37.173544715714904,3.24
23323,2.09645390070922,1426,-32.31375,2.31
23324,2.0682051282051277,381,-215.95697463768116,2.28
23325,1.6233333333333333,444,-15.728515625000004,1.79
23326,0.6194642857142857,3370,-72.90710227272729,0.68
23327,0.6185714285714285,1710,-95.77500000000005,0.68
23328,3.7216262975778553,2067,-59.05438757810232,4.09
23329,1.6483539094650201,1712,-9.08246527777778,1.81
23330,1.2489999999999999,1761,-3.8267195767195776,1.37
23331,0.6290697674418606,1492,-39.781250000000014,0.69
23332,1.6485765124555163,1996,-5.435763888888889,1.81
23333,1.2481896551724136,2030,-2.917989417989419,1.37
23334,0.6284158415841585,2154,-34.52083333333335,0.69
23335,2.0744578313253017,359,-161.989356884058,2.28
23336,2.111538461538462,200,0.0,2.32
23337,2.08,169,0.0,2.29
23338,2.0749450549450548,405,-80.80751811594203,2.28
23339,2.08,150,0.0,2.29
23340,1.6451612903225803,2465,-95.5888888888889,1.81
23341,8.457070707070708,282,-46.850000000000016,9.3
23342,8.483757961783438,367,-48.916666666666686,9.33
23343,2.078434343434343,4908,-68.37883766415811,2.29
23344,2.0702990033222592,8954,-72.93161322955328,2.28
23345,1.2438405797101448,2398,-134.1593921568628,1.37
23346,1.244014084507042,2571,-624.3665882352942,1.37
23347,1.247605633802817,827,-29.946666666666676,1.37
23348,2.0708661417322825,680,-51.084219348659005,2.28
23349,1.2450972762645915,2857,-35.416351725875536,1.37
23350,1.246705882352941,2593,-21.451719576719583,1.37
23351,1.2439568345323742,3058,-30.18226973329015,1.37
23352,1.2474545454545454,1596,-61.58730158730159,1.37
23353,0.8295785440613026,3735,-67.22727272727273,0.91
23354,0.8295940959409593,3346,-67.04545454545455,0.91
23355,4.867162162162163,5338,-46.26594263747166,5.35
23356,5.892917547568713,2352,-40.902525000000004,6.48
23357,4.4532967032967035,435,-24.031096813725497,4.9
23358,3.44235294117647,528,-9.891666666666667,3.79
23359,1.9305194805194794,979,-81.83333333333331,2.12
23360,1.9419642857142851,1151,-25.334490740740737,2.14
23365,0.6492481203007519,1531,-14.641666666666671,0.71
23366,0.6493103448275862,1923,-311.3854166666668,0.71
23367,0.6495798319327735,2785,-25.041666666666675,0.71
23368,0.6494594594594596,2155,-25.041666666666675,0.71
23369,1.2441836734693879,901,-144.20052083333334,1.37
23370,1.2466371681415929,1359,-117.89925986842108,1.37
23371,1.2445714285714287,1505,-288.8647203947369,1.37
23372,1.242761904761905,1296,-242.80664062500006,1.37
23373,0.8177272727272729,1563,-29.980000000000004,0.9
23374,0.8175409836065575,2444,-81.32000000000001,0.9
23375,0.8188764044943819,1327,-40.14000000000001,0.9
23376,0.389406779661017,2642,-49.51587301587301,0.43
23377,0.39000000000000007,1203,0.0,0.43
23378,0.38910256410256416,3419,-49.51587301587302,0.43
23379,0.3886274509803923,1175,-99.78042328042328,0.43
23380,0.3892708333333334,2159,-99.53174603174602,0.43
23381,0.38895522388059717,1487,-99.65873015873017,0.43
23382,3.710731707317073,1712,-52.70359531772575,4.08
23388,4.1384057971014485,793,-112.6249999999999,4.55
23389,4.142452830188678,1050,-145.1523437499999,4.56
23390,4.13954248366013,725,-242.41796874999983,4.55
23391,4.138732394366194,361,-80.27343749999993,4.55
23392,2.0730120481927714,592,-114.04965876436782,2.28
23393,3.75,769,0.0,4.12
23394,3.75,395,0.0,4.12
23395,3.747513513513513,696,-48.11503623188406,4.12
23396,3.7473714285714284,616,-39.47282608695652,4.12
23397,9.847727272727274,434,-31.258412719610654,10.83
23398,0.8480303030303029,591,-4.653846153846153,0.93
23399,0.8493193717277482,1823,-1.3846153846153844,0.93
23400,6.153333333333333,448,-78.22880616815857,6.77
23401,6.0931428571428565,443,-25.66335283036556,6.7
23402,3.7417857142857143,281,-194.55615942028987,4.12
23403,3.707142857142857,596,-152.3032618523357,4.08
23404,4.863676470588236,969,-61.45621027832567,5.35
23405,4.909999999999998,237,-19.476562500000004,5.4
23406,6.143473684210527,435,-78.75086517165005,6.76
23407,9.925462184873952,250,-31.56466894977171,10.92
23408,2.08,310,0.0,2.29
23409,3.7275609756097556,208,-7.753170289855073,4.1
23410,8.027777777777779,36,-0.2500000000000002,8.83
23411,4.915957446808509,217,-30.086263020833343,5.41
23412,7.394583333333334,351,-49.53274768240631,8.13
23413,4.896666666666666,160,-10.722222222222223,5.39
23414,9.902903225806456,139,-26.275684931506866,10.89
23415,1.3699999999999999,326,1.0912698412698414,1.23
23416,1.1600000000000001,123,0.0,1.28
23417,1.1345454545454545,140,-1.3095238095238098,1.25
23418,2.0657377049180328,534,-13.073275862068966,2.27
23419,2.075322580645161,438,-13.073275862068964,2.28
23420,2.0799999999999996,160,0.0,2.29
23421,2.08,154,0.0,2.29
23422,2.0799999999999996,196,0.0,2.29
23423,3.75,202,0.0,4.12
23424,4.926923076923078,413,-17.486111111111118,5.42
23425,2.052857142857144,237,0.0,2.26
23426,2.8548571428571425,1232,-64.6134148967459,3.14
23427,12.305555555555555,228,-16.610158730158734,13.54
23428,8.107692307692309,70,-35.90454545454544,8.92
23429,8.150000000000002,44,0.0,8.97
23430,8.15,35,0.0,8.97
23431,0.8254166666666666,1432,-39.13636363636364,0.91
23432,0.8269444444444444,1274,-13.363636363636365,0.91
23433,0.8286585365853657,1215,-13.772727272727275,0.91
23434,0.9038235294117647,1792,0.5839793281653747,0.99
23435,0.9046666666666667,679,0.5624461670973299,1.0
23436,1.2408695652173913,1929,-26.040158730158733,1.36
23437,1.248108108108108,1909,-98.63206349206351,1.37
23438,1.2479,1796,-98.63206349206351,1.37
23439,2.0943609022556395,3762,-52.362760416666674,2.3
23440,2.022,164,-1025.655172413793,2.22
23441,0.42,22,0.0,0.46
23442,2.0799999999999996,42,0.0,2.29
23444,15.189873417721518,79,0.0,16.71
23445,0.8265625,2667,-36.98181818181819,0.91
23446,1.5833333333333333,157,-1179.7500000000002,1.74
23447,1.5999999999999999,158,-1179.7500000000002,1.76
23448,1.6499999999999997,25,0.0,1.81
23449,1.25,12,0.0,1.38
23451,1.9434782608695655,269,-4.624999999999999,2.14
23452,1.946296296296296,510,-4.624999999999999,2.14
23453,1.944,323,0.0,2.14
23454,4.142452830188679,166,-123.80468749999991,4.56
23455,2.8671428571428574,206,-26.46406250000001,3.15
23456,4.116666666666668,158,-34.12499999999997,4.53
23457,4.919999999999999,105,-75.56249999999997,5.41
23458,14.949999999999996,51,0.0,16.44
23459,12.5,33,0.0,13.75
23460,9.900930232558139,108,-74.89218009478674,10.89
23461,4.1369791666666655,839,-203.0755396110056,4.55
23462,19.74545454545455,77,-15.183333333333332,21.72
23463,9.950000000000001,12,0.0,10.95
23464,4.95,16,0.0,5.44
23465,8.25,28,0.0,9.08
23466,8.214285714285714,49,-42.25,9.04
23467,3.29,23,0.0,3.62
23468,8.25,19,0.0,9.08
23469,4.122698412698413,320,-4.166182170542634,4.53
23470,6.215599999999999,220,-34.93771533161067,6.84
23471,9.76111111111111,65,-14.703431372549025,10.74
23472,14.791935483870965,55,-17.16836734693878,16.27
23473,0.8274999999999998,666,-6.136363636363637,0.91
23474,0.8299999999999997,297,0.0,0.91
23475,0.8299999999999998,280,0.0,0.91
23476,1.25,198,0.0,1.38
23477,1.25,85,0.0,1.38
23478,1.2289999999999999,278,-46.964285714285715,1.35
23479,7.776829268292683,110,-40.45486111111113,8.55
23480,3.726741573033708,1719,-62.79066318556408,4.1
23481,1.2429999999999999,217,-22.071428571428573,1.37
23482,1.6388888888888886,415,-36.51171875,1.8
23483,1.2286956521739132,1322,-18.556689342403633,1.35
23484,2.8592307692307695,174,-20.656250000000007,3.15
23485,24.160000000000004,259,-8.392352092352096,26.58
23486,16.44705882352942,267,-49.031446608946645,18.09
23487,9.869047619047619,78,-17.82444852941177,10.86
23489,2.8872027972027965,876,-34.05031250000001,3.18
23490,3.7404166666666665,539,-96.1340579710145,4.11
23491,8.25,226,0.0,9.08
23492,8.25,74,0.0,9.08
23493,1.9483516483516479,3522,-64.42437499999998,2.14
23494,5.93324022346369,726,-32.56789682539682,6.53
23495,1.25,192,0.0,1.38
23496,1.25,88,0.0,1.38
23497,1.4384357541899435,2514,-31.543361815156167,1.58
23498,1.4406451612903215,1591,-115.19353974654375,1.58
23499,0.42000000000000004,1247,0.0,0.46
23500,1.2432258064516128,1585,-9.124444444444446,1.37
23501,1.238202247191011,1772,-30.678641975308647,1.36
23502,1.2452272727272726,690,-75.07095238095239,1.37
23503,1.2481305637982196,3435,-13.430952380952379,1.37
23504,1.2489655172413792,1668,-0.27777777777777835,1.37
23505,1.2424324324324325,1065,-91.01738335738337,1.37
23506,0.41912408759124087,2718,-57.74833333333334,0.46
23507,0.4183783783783785,2841,-951.0923055555555,0.46
23508,0.41898305084745774,2476,-62.808333333333344,0.46
23509,0.41789473684210526,1043,-22.6,0.46
23510,0.4188118811881189,2298,-1421.2531250000002,0.46
23511,2.0734090909090908,526,-51.71785201149425,2.28
23512,2.0625999999999998,485,-200.7514367816092,2.27
23513,2.0706451612903227,556,-300.6127873563218,2.28
23514,2.0706451612903227,458,-42.37015086206897,2.28
23515,2.0655,558,-199.81082375478925,2.27
23516,3.72860465116279,292,-158.29355374396135,4.1
23517,2.8743137254901954,312,-13.766992187500005,3.16
23518,2.870952380952381,358,-201.73515625000005,3.16
23519,3.701578947368421,219,-219.3851902173913,4.07
23520,3.7351612903225804,166,-23.9068538647343,4.11
23521,2.618181818181818,388,-2.6640197714594858,2.88
23522,2.575714285714286,341,-4.221390999376265,2.83
23523,3.656315789473684,357,-18.09899115809068,4.02
23524,3.6588235294117646,465,-85.34655125371184,4.02
23525,3.6604444444444444,568,-22.595308182543427,4.03
23526,5.814565217391306,882,-64.31902380812107,6.4
23527,3.6834090909090906,416,-87.87540497717504,4.05
23528,3.6267647058823536,462,-56.19114336999259,3.99
23529,3.610333333333334,629,-104.44413469446046,3.97
23530,4.754533333333334,1043,-35.866845996074574,5.23
23531,6.746969696969699,963,-37.99304419292956,7.42
23532,4.470769230769231,205,-6.783911900550315,4.92
23533,5.1519354838709654,210,-89.26981850509922,5.67
23534,5.881581632653063,1207,-56.55482848471975,6.47
23535,5.868203592814373,1128,-42.740861224704254,6.46
23536,5.869864864864866,613,-99.67071239381369,6.46
23537,4.835714285714286,98,-30.02922453703705,5.32
23538,4.795,327,-7.360443701000271,5.27
23539,5.79742857142857,237,-6.547282608695648,6.38
23540,6.142,146,0.41530279838298223,6.76
23541,8.1105,829,-81.18876310809135,8.92
23542,8.045714285714286,484,-23.3072043901949,8.85
23543,7.8629896907216486,1228,-34.371574857687385,8.65
23544,7.522999999999999,164,-9.011051948938496,8.28
23545,0.41904761904761906,2475,-19.96875000000001,0.46
23546,0.42,3275,0.0,0.46
23547,0.42000000000000015,1575,0.0,0.46
23548,0.42000000000000015,1075,0.0,0.46
23549,0.4200000000000001,1300,0.0,0.46
23550,0.4187301587301589,1850,-20.23437500000001,0.46
23551,0.39000000000000007,1617,0.0,0.43
23552,2.0623423423423426,1731,-149.30281173807037,2.27
23553,12.376984126984127,558,-364.8510906298001,13.61
23554,12.389285714285714,421,-120.1119354838709,13.63
23555,12.410576923076924,422,-144.71806451612898,13.65
23556,12.387272727272727,438,-124.8463824884792,13.63
23557,12.39310344827586,347,-202.5285483870967,13.63
23558,12.406999999999998,413,-503.8171935483868,13.65
23559,2.0725641025641037,566,-92.53241738505747,2.28
23560,2.870952380952381,164,-215.62750000000008,3.16
23561,2.8592307692307695,167,-107.25250000000003,3.15
23562,2.87974358974359,245,-215.93875000000008,3.17
23564,1.2449999999999999,587,-427.8650793650794,1.37
23565,1.25,348,0.0,1.38
23566,1.241063829787234,786,-330.8783068783069,1.37
23567,1.25,187,0.0,1.38
23568,1.2349999999999999,580,-92.7830687830688,1.36
23569,4.945652173913045,933,-333.33680555555566,5.44
23570,1.25,1846,0.0,1.38
23571,1.6491189427312771,2036,-48.84895833333334,1.81
23574,7.5,14,0.0,8.25
23575,1.9375,164,-51.04166666666665,2.13
23576,1.9400000000000006,185,-51.21354166666665,2.13
23578,1.95,56,0.0,2.14
23579,1.9384615384615387,151,-18.77083333333333,2.13
23580,1.9500000000000006,111,0.0,2.15
23581,2.0596190476190475,4373,-60.99519818463784,2.27
23582,2.0665975103734433,4447,-124.41599442702892,2.27
23583,1.6448553054662383,3315,-89.15046875000002,1.81
23597,2.9100000000000006,248,-134.37630208333323,3.2
23598,2.9313953488372095,421,-36.21562499999997,3.22
23630,2.99,1,0.0,3.29
23660,1.6499999999999995,293,0.0,1.81
23661,1.6499999999999997,204,0.0,1.81
23664,1.65,1,0.0,1.82
23681,1.6416666666666662,1548,-42.47175,1.81
23691,0.4184210526315789,1175,-27.125,0.46
23692,0.42,50,0.0,0.46
23694,0.4175,348,-20.0,0.46
23695,0.4173913043478263,727,-20.0,0.46
23697,0.41777777777777775,438,-9.5,0.46
23702,8.5,4,-1.0192307692307692,9.35
23843,2.08,80995,0.0,2.29
35001G,3.626666666666667,157,-9.551325827488618,3.99
35001W,3.0840000000000005,92,-37.34457939721098,3.39
35004B,5.1000000000000005,475,-50.21347313596493,5.61
35004C,5.239473684210525,393,-35.96143973214287,5.76
35004G,5.300000000000001,126,-8.829435077903216,5.83
35004P,5.45,1,0.0,6.0
35095A,0.41617647058823526,811,-96.38589743589743,0.46
35095B,0.416829268292683,772,-23.712179487179483,0.46
35241,4.786666666666667,89,-22.985119047619047,5.27
35265,2.318181818181818,16,0.6896052631578948,2.55
35271S,0.19,19,0.0,0.21
35400,8.95,10,0.0,9.85
35443,0.85,7,0.0,0.94
35471D,0.47310810810810816,1668,-5.208333333333334,0.52
35591T,1.25,5,0.0,1.38
35597A,1.25,1,0.0,1.38
35597B,1.25,1,0.0,1.38
35597D,0.38,46,0.0,0.42
35598A,2.95,9,0.0,3.25
35598B,1.2772727272727271,554,-5.262907608695652,1.4
35598C,2.95,2,0.0,3.25
35598D,0.7504166666666666,660,-16.02117384131369,0.83
35599B,3.0334782608695656,209,-27.594386077406202,3.34
35599D,2.573157894736843,186,-1.8318710876369326,2.83
35607A,0.19,24,0.0,0.21
35607B,0.18999999999999997,96,0.0,0.21
35610A,1.25,8,0.0,1.38
35610B,1.25,24,0.0,1.38
35610C,1.25,24,0.0,1.38
35637A,2.6166666666666667,166,-2.975,2.88
35637C,2.5214285714285714,28,-2.975,2.77
35638A,3.55,38,-47.6,3.9
35638B,1.95,56,0.0,2.14
35645,4.25,4,0.0,4.68
35646,1.4330434782608696,513,-1.8651531549258817,1.58
35647,1.25,13,0.0,1.38
35648,0.9924999999999999,814,-8.820027047768793,1.09
35649,3.095714285714286,16,0.0,3.41
35650,4.95,1,0.0,5.44
35651,1.8352941176470587,330,-3.274801587301587,2.02
35653,2.95,47,0.0,3.25
35809A,1.1021428571428569,389,-4.960629921259843,1.21
35809B,1.6766666666666667,8,-0.5446194225721784,1.84
35810A,1.018148148148148,603,-4.960629921259843,1.12
35810B,1.1928571428571424,147,-1.6535433070866143,1.31
35815P,0.724,162,-57.38372093023255,0.8
35816P,0.38,78,0.0,0.42
35817P,1.4649999999999999,18,-1.1751152073732718,1.61
35818B,0.38000000000000006,31,0.0,0.42
35818P,0.38,264,0.0,0.42
35819B,0.3800000000000001,268,0.0,0.42
35819P,0.5042857142857142,95,0.451559934318555,0.55
35833P,1.25,37,0.0,1.38
35909A,2.9500000000000006,8,0.0,3.25
35909B,2.95,8,0.0,3.25
35910A,1.95,20,0.0,2.14
35910B,1.95,13,0.0,2.14
35911A,1.0984,205,243.37916666666644,0.99
35911B,2.1,17,0.0,2.31
35912B,1.228888888888889,249,-147.48757309941524,1.35
35913B,0.85,35,0.0,0.94
35914,1.2447368421052634,136,-0.11333333333333333,1.37
35915B,1.6499999999999997,91,0.0,1.81
35915C,1.65,49,0.0,1.82
35916A,0.85,20,0.0,0.94
35916B,0.85,6,0.0,0.94
35916C,0.85,54,0.0,0.94
35920,1.25,67,0.0,1.38
35921,1.25,54,0.0,1.38
35922,4.950000000000001,28,0.0,5.45
35923,0.48333333333333345,1265,-40.15717465305055,0.53
35924,2.0006060606060605,724,-82.31187895212283,2.2
35933,0.38,222,0.0,0.42
35953,0.4962921348314607,3017,-1.4534883720930234,0.55
35954,0.25764705882352934,1124,-20.086956521739133,0.28
35957,0.32142857142857145,558,-4.017391304347827,0.35
35958,0.85,12,0.0,0.94
35961,0.8467295597484273,2692,-280.55288461538464,0.93
35964,0.4327500000000001,624,-0.10769980506822613,0.48
35965,1.407142857142857,181,-6.828703703703703,1.55
35966,0.38,27,0.0,0.42
35967,0.39655172413793116,381,0.8085106382978724,0.44
35968,0.37,145,-11.611111111111112,0.41
35970,1.7350429799426934,4647,-38.9965439435337,1.91
35971,1.4080357142857145,423,-4.855944957516015,1.55
35972,1.25,96,0.0,1.38
37327,0.4189583333333335,1375,-4.65748031496063,0.46
37330,0.39,6,0.0,0.43
37333,3.5863636363636373,14,1.2375,3.23
37340,0.40437500000000004,2042,0.0,0.44
37342,0.795625,1435,7.08333333333334,0.72
37343,1.4925,62,-5.238095238095239,1.64
37351,0.39,4,0.0,0.43
37370,1.2404166666666667,2508,-91.0447412602018,1.36
37379A,1.25,6,0.0,1.38
37413,0.4112345679012347,701,-7.005410206718346,0.45
37423,0.5433333333333333,78,-12.934782608695652,0.6
37444A,0.8700000000000001,49,0.3841145833333333,0.96
37444B,2.9500000000000006,4,0.0,3.25
37444C,1.2433333333333334,21,-0.576171875,1.37
37446,1.4323899371069182,1297,-28.041015625000007,1.58
37447,1.4836842105263157,757,-20.578125,1.63
37448,1.4825465838509317,1404,-21.819791666666667,1.63
37449,9.75875816993464,562,-31.83891300785819,10.73
37450,2.8917475728155333,668,-31.145833333333304,3.18
37461,1.25,1,0.0,1.38
37462E,0.2475,27,-9.130434782608697,0.27
37464,1.25,3,0.0,1.38
37467,0.5154545454545454,128,1.2318840579710144,0.46
37468,0.38999999999999996,64,0.0,0.43
37471,0.85,12,0.0,0.94
37475,9.755333333333331,57,-19.299086757990878,10.73
37476,9.787777777777777,17,-18.976027397260285,10.77
37479B,0.898235294117647,127,-5.902777777777778,0.99
37479P,0.5778260869565218,130,-1.1805555555555556,0.64
37482P,0.6235135135135136,489,-3.5416666666666665,0.69
37487B,0.29,68,0.0,0.32
37488A,0.38999999999999996,28,0.0,0.43
37489A,0.49399999999999983,33,-3.75,0.54
37489B,0.6499999999999999,31,-1.25,0.72
37489C,0.78,23,-1.25,0.86
37489D,0.48176470588235293,40,-3.75,0.53
37491B,1.65,4,0.0,1.82
37491C,1.65,8,0.0,1.82
37491D,1.65,2,0.0,1.82
37495,3.7309523809523806,428,-13.357638888888891,4.1
37500,6.266,338,-2.530287483401275,6.89
37501,6.949999999999998,102,0.0,7.64
37509,2.55,2,0.0,2.8
40001,0.8200000000000001,755,-17.246938775510205,0.9
40003,1.2227272727272727,147,-199.3020833333333,1.34
40005B,0.85,12,0.0,0.94
40016,0.5113333333333333,5524,-20.2360727881133,0.56
40046A,1.25,50,0.0,1.38
44089A,0.42,15,0.0,0.46
44089C,0.42,24,0.0,0.46
44091A,0.42,9,0.0,0.46
44092B,0.85,14,0.0,0.94
44092C,0.85,20,0.0,0.94
44228,0.85,36,0.0,0.94
44234,0.20739130434782607,645,-755.3125,0.23
44235,0.41625,539,-503.4861111111111,0.46
44236,1.3414285714285714,52,-1.2046632124352332,1.48
44242A,0.79,12,0.0,0.87
44242B,0.9433333333333334,52,1.0869565217391306,0.85
44265,4.25,2,0.0,4.68
45013,2.95,3,0.0,3.25
46000M,1.55,1008,0.0,1.71
46000P,4.25,17,0.0,4.68
46000R,1.4500000000000004,101,0.0,1.6
46000S,1.4499999999999993,1551,0.0,1.59
46000U,1.25,107,0.0,1.38
46115B,0.19,12,0.0,0.21
46118,0.85,193,0.0,0.94
46126A,1.25,48,0.0,1.38
46138B,1.0333333333333332,43,1.3295454545454544,0.93
46775D,16.949999999999996,24,0.0,18.64
46776A,4.95,14,0.0,5.44
46776B,4.95,15,0.0,5.44
46776C,4.95,11,0.0,5.44
46776D,4.95,12,0.0,5.44
46776E,4.95,14,0.0,5.44
46776F,4.95,19,0.0,5.44
47013A,0.205,14,0.8529411764705883,0.23
47013C,0.1442857142857143,43,-0.8529411764705883,0.16
47016,2.1,2,0.0,2.31
47021G,0.6193333333333334,518,-5.813953488372094,0.68
47310M,1.3279166666666666,265,-11.902729338406258,1.46
47341A,1.75,27,0.0,1.93
47341B,1.25,45,0.0,1.38
47343A,0.9714285714285714,159,1.7738095238095237,0.87
47344B,0.9700000000000001,44,2.3384353741496597,0.87
47348A,0.7020000000000003,97,0.20833333333333331,0.77
47351B,2.905555555555556,86,-43.484374999999964,3.2
47367B,3.6772727272727277,57,-6.223958333333335,4.05
47369A,2.9499999999999997,8,0.0,3.24
47369B,3.896666666666667,3,0.0,4.29
47420,0.19,202,0.0,0.21
47421,0.4161904761904764,975,-33.0625,0.46
47422,0.41672727272727295,555,-67.53486842105262,0.46
47469,0.6364705882352942,359,-80.87545289855072,0.7
47471,0.7030769230769229,264,-80.97124565972223,0.77
47480,1.8477777777777784,692,-111.07762484397094,2.03
47481,0.8414999999999999,222,-29.472222222222236,0.93
47503A,0.5028571428571428,2754,-39.51430546748397,0.55
47503H,1.1444444444444444,96,0.0,1.26
47503J,7.95,1,0.0,8.75
47504H,1.2371739130434782,948,-8.077022636307657,1.36
47504K,1.0931284916201118,1958,-13.894692950727432,1.2
47518F,0.14142857142857143,827,0.0,0.16
47556B,2.325,2600,0.0,2.56
47559B,1.2808536585365855,2004,-20.364877580471894,1.41
47563A,1.3043478260869565,199,-16.5,1.43
47566,4.8763753581661895,15291,-56.459149448057055,5.36
47566B,4.861041009463722,2291,-67.31636824324323,5.35
47567B,5.950078125000002,592,-56.7253653156879,6.55
47570B,10.400769230769232,180,-75.17183333333332,11.44
47574A,1.2211538461538463,423,-0.5753968253968255,1.34
47574B,4.25,4,0.0,4.68
47578A,0.8500000000000003,198,0.0,0.94
47579,2.1,1,0.0,2.31
47580,2.5693589743589755,330,-13.306927923774401,2.83
47585A,3.75,102,0.0,4.12
47586A,2.55,21,0.0,2.8
47589,5.45,13,0.0,6.0
47590A,5.468033707865169,1950,-67.59979879317522,6.01
47590B,5.412534435261709,2287,-105.82987413194448,5.95
47591B,1.65,38,0.0,1.82
47591D,1.973840399002493,3144,-60.605680227716995,2.17
47593A,0.5853846153846154,33,-6.510416666666667,0.64
47593B,0.4895833333333333,1663,-4.681948929148827,0.54
47594A,1.9500000000000002,52,0.0,2.15
47594B,1.9500000000000004,91,0.0,2.15
47599A,2.069109589041096,2409,-91.12029995072675,2.28
47599B,2.0772222222222223,1451,-126.0851044489611,2.28
48111,7.792429378531074,1107,-19.31737998291445,8.57
48116,7.699647887323943,1419,-40.34934753761607,8.47
48129,7.966775956284153,880,-21.317029646210294,8.76
48138,7.794423076923078,3625,-34.90600579710455,8.57
48173C,7.745568181818183,1787,-54.45091048658016,8.52
48184,7.7769832402234655,1975,-43.72534193445856,8.55
48185,7.9065573770491815,3429,-59.0910847033685,8.7
48187,7.816219739292365,3721,-27.575953419044875,8.6
48188,7.909407114624507,2028,-6.32095331610423,8.7
48194,7.949690082644629,3271,-18.20419621629133,8.74
51008,3.4236842105263166,511,-688.7624999999999,3.77
51014A,0.5099378881987577,3621,-1.6209694688131986,0.56
51014C,0.5386725663716814,2462,5.232890205561879,0.48
51014L,0.5366355140186916,1936,-4.828804994675487,0.59
51020A,0.5566666666666666,325,-0.6510416666666666,0.61
51020B,0.6739999999999996,197,0.0,0.74
62018,1.807627118644068,4402,-244.23498376623377,1.99
62043B,0.8299999999999998,17,0.0,0.91
62074B,0.42,16,0.0,0.46
62086A,1.9499999999999997,86,0.0,2.14
62094B,2.55,13,0.0,2.8
62096A,1.25,106,0.0,1.38
62096B,1.25,2,0.0,1.38
62097B,0.83,9,0.0,0.91
70006,1.2366666666666666,2620,-31.73280543293299,1.36
70007,1.4041379310344833,732,-9.313930218014168,1.54
71038,5.401020408163265,239,-46.904947916666686,5.94
71050,0.35000000000000003,33,0.0,0.39
71053,3.7684030418250947,1639,-45.854094720008305,4.15
71101E,0.8330434782608698,348,-9.666666666666666,0.92
71143,0.85,10,0.0,0.94
71215,0.42,11,0.0,0.46
71270,1.2845714285714287,207,-1.0165289256198347,1.41
71279,2.9362068965517247,156,-87.20312499999993,3.23
71403,2.9500000000000006,54,0.0,3.25
71406C,0.42000000000000004,138,0.0,0.46
71459,0.8327105263157893,12941,-24.50517125080988,0.92
71477,3.539813432835821,6652,-91.28590111634664,3.89
71495A,0.36,96,0.0,0.4
71495B,0.384,160,-77.0,0.42
71496A,0.554,114,-16.25,0.61
71496B,0.56,13,-2.7083333333333335,0.62
71510,0.81,52,-2.121744791666667,0.89
72024U,0.21,72,0.0,0.23
72051S,0.42,46,0.0,0.46
72122,0.9500000000000004,292,0.0,1.05
72127,1.2436666666666667,168,-15.110526315789476,1.37
72128,0.8372727272727274,189,-53.97354497354498,0.92
72130,0.6356,215,-96.44791666666667,0.7
72131,1.9026315789473687,137,-86.96354166666664,2.09
72132,1.95,28,0.0,2.14
72133,1.25,39,0.0,1.38
72134,0.7424999999999999,98,-20.221899224806204,0.82
72140E,0.85,31,0.0,0.94
72225C,0.28,600,-6.09375,0.31
72232,0.18999999999999995,3317,0.0,0.21
72349B,2.082736842105263,689,-150.364985602981,2.29
72351A,2.0823021582733814,1248,-120.29668021680213,2.29
72351B,2.071635220125786,2060,-103.20226810790835,2.28
72369A,1.25,28,0.0,1.38
72586,0.42,626,0.0,0.46
72598,0.8402325581395349,459,-48.98809523809524,0.92
72709,0.8499999999999999,44,0.0,0.94
72741,1.4284860557768921,5801,-44.33586201690822,1.57
72760B,9.885588235294119,386,-23.554711282344005,10.87
72780,0.85,137,0.0,0.94
72783,2.1,16,0.0,2.31
72798C,1.6499999999999997,7,0.0,1.81
72799C,2.23,80,-1.3657407407407407,2.45
72799E,2.5612,394,-195.30092592592592,2.82
72799F,2.9318181818181825,128,-41.359374999999964,3.23
72800B,2.324358974358975,140,-1.4488636363636365,2.56
72800C,2.275,126,-1.4488636363636365,2.5
72800D,2.5499999999999994,86,0.0,2.8
72800E,2.3160784313725493,453,-16.351177213309576,2.55
72801C,1.2364285714285717,138,-12.54166666666667,1.36
72801D,1.25,58,0.0,1.38
72801G,1.25,55,0.0,1.38
72802A,4.385438596491228,316,-31.91876540704666,4.82
72802B,4.0116000000000005,968,-72.17149642024643,4.41
72802C,4.039010989010989,1375,-55.81433131126419,4.44
72803A,4.158536585365853,530,-115.09934640522876,4.57
72807A,4.2305882352941175,340,-135.6045454545455,4.65
72807B,4.233902439024391,350,-151.60028409090913,4.66
72807C,4.226428571428571,669,-184.94642857142858,4.65
72811,1.4500000000000002,49,-3.90625,1.6
72812,3.115,18,-0.1724137931034483,3.43
72815,3.75,2,0.0,4.12
72816,1.24875,827,-18.120821212205797,1.37
72817,0.9349999999999997,1048,-0.5307640102139938,1.03
72818,0.5966153846153847,1821,-13.279023866892032,0.66
72819,2.188333333333333,208,-3.67806267806268,2.41
72821,1.65,11,0.0,1.82
75011,0.7999999999999998,172,12.986111111111123,0.72
75013B,1.6500000000000001,25,0.0,1.82
75049L,1.117741935483871,6821,-51.62797458692528,1.23
75131,1.5692307692307694,488,-92.69780735856047,1.73
75172,1.53,93,-6.33445945945946,1.68
75178,0.9733333333333333,455,-22.82740963855422,1.07
77079,2.12,1,0.0,2.33
77101A,1.231904761904762,386,-19.22715643274854,1.36
78033,5.464285714285714,37,-9.791666666666664,6.01
78034B,1.9499999999999997,8,0.0,2.14
78124,1.3333333333333333,191,-5.5,1.47
79000,0.8211340206185564,3808,-29.107253787878793,0.9
79026B,0.4855555555555556,25,0.0,0.53
79030D,0.5525806451612904,462,-3.928571428571429,0.61
79030G,0.5564150943396228,1364,-1.3095238095238098,0.61
79051A,0.341,791,-5.651234567901234,0.38
79062D,0.38,52,1.2037037037037035,0.34
79063C,0.18928571428571428,235,-46.549999999999955,0.21
79063D,0.1890909090909091,189,-14.399999999999988,0.21
79066K,0.9029090909090904,739,-9.09642628783254,0.99
79067,3.7055555555555557,143,-10.923750000000002,4.08
79071B,2.95,20,0.0,3.25
79144B,0.41374999999999995,108,-15.220833333333335,0.46
79144C,0.4057142857142857,64,-74.65000000000002,0.45
79149B,0.42,18,0.0,0.46
79151B,0.42,11,0.0,0.46
79157B,0.85,4,0.0,0.94
79157V,0.85,5,0.0,0.94
79160,2.0620370370370362,446,-42.417047764227625,2.27
79161A,2.95,2,0.0,3.25
79163,0.5045454545454546,1517,-14.404761904761907,0.56
79164,0.6300000000000002,1672,-3.928571428571429,0.69
79190A,0.42,340,0.0,0.46
79190B,0.41714285714285715,655,-125.42000000000002,0.46
79190D,0.42,227,0.0,0.46
79191B,0.8500000000000001,154,0.0,0.94
79191C,0.8364615384615384,1105,-51.59197443181819,0.92
79191D,0.8499999999999999,25,0.0,0.94
79192A,1.25,3,0.0,1.38
79302M,2.85,355,-36.018614411156996,3.14
79321,5.428759541984733,9650,-41.000886692304945,5.97
79323B,6.75,8,0.0,7.43
79323P,6.75,4,0.0,7.43
79329,1.015,12,0.0,1.12
79331,0.8033333333333332,26,-1.2992125984251968,0.88
79336,0.38000000000000006,36,0.0,0.42
79337,0.634,644,-16.543963254593177,0.7
79403,0.85,89,0.0,0.94
79406,0.22,140,0.0,0.24
81950B,0.29,117,0.0,0.32
81950V,0.53,21,-4.553571428571428,0.58
81952B,0.19,200,0.0,0.21
81952V,0.19000000000000006,367,0.0,0.21
81953B,0.19,11,0.0,0.21
81953P,0.19000000000000003,28,0.0,0.21
82001S,3.8275471698113206,1508,-69.25391843443249,4.21
82011A,3.75,16,0.0,4.12
82011B,3.6657894736842107,41,-18.109375000000004,4.03
82011C,3.6700000000000004,51,-16.67857142857143,4.04
82095,7.65,7,0.0,8.42
82482,2.6555129650507334,8276,-44.148573203673074,2.92
82483,6.73034548944338,2341,-22.652185064426327,7.4
82484,7.46414191419142,5921,-27.237397379165447,8.21
82486,8.682653778558876,2085,-30.26503606617002,9.55
82494L,2.9329756097560975,6282,-42.13652107529785,3.23
82551,1.4927450980392152,2791,47.74028917694401,1.34
82552,1.4683612040133773,2922,76.488281941446,1.32
82567,2.0572185430463574,497,-5.190170702560426,2.26
82578,0.5613839285714285,1956,-51.24934639237142,0.62
82580,0.5641752577319586,5505,-25.13474833808522,0.62
82581,0.5550495049504949,3749,8.021460632528624,0.5
82582,2.1090476190476193,4290,-94.88589264522072,2.32
82583,2.0818316831683172,6415,-68.56506758810964,2.29
82599,2.095287356321839,421,0.0,2.3
82600,2.083522458628842,5833,-66.48869244900804,2.29
82605,2.1,14,0.0,2.31
82613A,1.25,67,0.0,1.38
82613B,1.0334782608695652,401,-19.525502008032127,1.14
82613C,1.009736842105263,361,-9.256626506024096,1.11
82613D,0.9570588235294119,470,-9.85863453815261,1.05
82615,2.55,36,0.0,2.8
82616B,1.6914000000000002,308,-7.342723793455156,1.86
82616C,1.5763461538461538,277,-4.695291725505629,1.73
84006,0.8499999999999998,832,0.0,0.93
84012,1.0826315789473677,1212,-13.152777777777779,1.19
84016,0.42,25,0.0,0.46
84029E,4.0547560975609755,3707,-61.12747745956282,4.46
84029G,4.00159509202454,2469,-53.387939412708626,4.4
84030E,4.2714634146341455,1423,-51.5170739414367,4.7
84031A,3.9132000000000007,174,-1.6561420874017623,4.3
84031B,4.017368421052631,94,-3.883797666009201,4.42
84032A,2.7440740740740743,449,1.1877333846693225,2.47
84032B,2.6472932330827064,654,-2.078756704115338,2.91
84033,1.6500000000000001,23,0.0,1.82
84050,1.640873786407767,3139,-36.02062728241023,1.8
84051,0.841923076923077,280,-120.85238095238097,0.93
84077,0.292600422832981,54415,-24.052837725104755,0.32
84078A,38.86509433962263,357,-23.811132246376815,42.75
84086B,2.95,16,0.0,3.25
84086C,2.9500000000000006,140,0.0,3.25
84192,1.25,115,0.0,1.38
84199,0.21,129,0.0,0.23
84201B,0.19,13,0.0,0.21
84201C,0.19,5,0.0,0.21
84206A,0.19000000000000003,24,0.0,0.21
84206B,0.19,5,0.0,0.21
84206C,0.19,8,0.0,0.21
84212,0.61873786407767,10297,-55.9635597826087,0.68
84218,1.9435000000000002,122,-36.891666666666666,2.14
84226,0.8266666666666667,49,-133.57142857142858,0.91
84227,0.42,1,0.0,0.46
84228,0.41736842105263156,284,-20.43833333333334,0.46
84231,0.65,105,0.0,0.72
84247E,2.9500000000000006,83,0.0,3.25
84247G,0.42,336,0.0,0.46
84247K,2.95,23,0.0,3.25
84247L,0.42,108,0.0,0.46
84247N,2.9500000000000006,22,0.0,3.25
84249A,0.48307692307692307,160,-0.9390243902439024,0.53
84251B,0.18999999999999997,157,0.0,0.21
84251C,0.19,24,0.0,0.21
84251G,0.18999999999999997,180,0.0,0.21
84279B,3.7439999999999998,182,-60.430555555555586,4.12
84279P,3.7353061224489794,339,-36.796875000000014,4.11
84306,10.95,2,0.0,12.04
84313B,3.188461538461539,76,0.0,3.51
84313C,2.2375000000000003,461,0.0,2.46
84341B,0.5044117647058823,618,-128.40425531914892,0.55
84347,2.605840978593273,7907,-60.97059498879011,2.87
84352,16.768181818181816,33,-15.515625,18.44
84356,5.645652173913042,337,-25.60482129629629,6.21
84358,9.341666666666667,32,-7.78204500978474,10.28
84360,5.797058823529412,74,-21.664262820512825,6.38
84375,2.148901869158879,4149,-23.03595982645932,2.36
84378,1.327706766917293,6019,-248.90556035732163,1.46
84380,1.328248031496063,5293,-67.95485696663623,1.46
84387A,1.95,11,0.0,2.14
84388,1.0199999999999998,24,-5.238095238095239,1.12
84402B,0.79,61,0.0,0.87
84406B,3.816311475409835,1918,-69.86334033808959,4.2
84415A,1.25,12,0.0,1.38
84415B,2.5,6,-1.5,2.75
84422,0.4475,551,-1.847826086956522,0.49
84429A,2.950000000000001,47,0.0,3.25
84452,0.85,74,0.0,0.94
84457,0.8500000000000002,120,0.0,0.94
84459A,1.4773684210526314,671,-30.39283854166667,1.63
84459B,1.482131147540983,676,-173.23160807291669,1.63
84461,2.55,41,0.0,2.8
84462,1.25,12,0.0,1.38
84465,2.9499999999999997,10,0.0,3.24
84466,1.25,46,0.0,1.38
84497,3.75,13,0.0,4.12
84499,0.85,7,0.0,0.94
84507B,2.55,31,0.0,2.8
84507C,2.55,63,0.0,2.8
84508A,2.408571428571428,1630,-323.8321486928106,2.65
84508B,2.5499999999999994,57,0.0,2.8
84508C,2.5499999999999994,52,0.0,2.8
84509A,3.80705035971223,612,-35.798801134054266,4.19
84509B,3.75,156,0.0,4.12
84509C,3.716666666666667,78,-55.44270833333334,4.09
84509E,2.385,70,0.07713963963963963,2.62
84509G,2.717391304347826,491,-3.5681818181818175,2.99
84510A,1.271523178807947,1063,-27.45806031607946,1.4
84510C,1.3211764705882354,98,-1.3178374655647382,1.45
84510E,1.0188888888888892,25,0.9615384615384615,1.12
84519A,1.4506557377049178,477,-91.6069397677901,1.6
84519B,1.3353763440860216,426,-5.675490196078431,1.47
84520B,0.8461818181818183,481,-193.73809523809527,0.93
84522,1.95,12,0.0,2.14
84527,1.8999999999999997,47,-5.885416666666665,2.09
84531A,0.6900000000000001,140,-0.41666666666666663,0.76
84531B,0.75,150,0.625,0.82
84534B,0.85,46,0.0,0.94
84535A,0.6385000000000002,398,-112.53491847826086,0.7
84535B,0.6680733944954133,1272,-15.57088812846663,0.73
84536A,0.42364444444444443,2729,-23.451219512195124,0.47
84536B,0.4303,1684,-51.921053190924084,0.47
84539,1.65,16,0.0,1.82
84548,1.65,15,0.0,1.82
84549,1.5833333333333333,31,-15.848958333333336,1.74
84550,1.65,1,0.0,1.82
84551,1.65,1,0.0,1.82
84558A,2.9499999999999997,293,0.0,3.24
84559A,0.8685714285714287,272,0.0,0.96
84559B,0.8500000000000001,216,0.0,0.94
84562A,7.95,2,0.0,8.75
84563A,4.021428571428573,59,-6.856944444444444,4.42
84563B,3.2000000000000006,73,-13.883333333333333,3.52
84568,0.20166666666666666,12480,-12.200000000000008,0.22
84569A,1.2965384615384616,191,-0.9039256198347108,1.43
84569B,1.25,76,0.0,1.38
84569C,1.25,1,0.0,1.38
84569D,1.2845714285714287,269,-5.392561983471075,1.41
84575A,3.9499999999999997,14,0.74375,4.34
84576,1.9500000000000002,57,0.0,2.15
84580,3.7654471544715444,335,-4.490253411306044,4.14
84581,3.7607042253521126,166,-9.384868421052634,4.14
84584,2.5499999999999994,83,0.0,2.8
84592,2.95,70,0.0,3.25
84593,2.95,5,0.0,3.25
84595E,2.1166666666666663,64,0.0,2.33
84596B,0.4817414248021108,4491,-16.556875698037775,0.53
84596E,0.7605555555555558,392,-78.90941543953593,0.84
84596F,0.5010526315789473,3301,-16.606555496407708,0.55
84596G,0.4851234567901235,1662,-23.3968971704708,0.53
84596J,0.5122222222222222,469,-1.506024096385542,0.56
84596L,0.48224999999999996,1039,-1.506024096385542,0.53
84597B,1.25,41,0.0,1.38
84597C,1.25,46,0.0,1.38
84598,0.21000000000000002,1248,0.0,0.23
84600,7.849999999999999,48,-16.663541666666667,8.64
84609,8.352941176470589,90,-14.1475,9.19
84613A,4.65,6,0.0,5.12
84613C,4.65,1,0.0,5.12
84614A,5.95,2,0.0,6.55
84616,29.95,11,0.0,32.94
84617,12.75,3,0.0,14.02
84620,5.95,2,0.0,6.55
84625A,1.459677419354839,455,-4.038548752834467,1.61
84625C,1.5250000000000004,439,-6.895894071914479,1.68
84629,10.05,20,-5.1647058823529415,11.06
84631,7.95,17,0.0,8.75
84632,59.95,6,0.0,65.95
84637,5.950000000000001,29,0.0,6.55
84638,6.95,19,0.0,7.64
84658,7.024444444444445,46,0.0,7.73
84659A,2.469545454545454,134,-77.40833333333337,2.72
84660A,1.3680555555555556,837,-4.462281317111715,1.5
84660B,1.3226666666666664,697,-5.599399399399399,1.45
84660C,1.0018518518518518,639,-0.8709459459459459,1.1
84661A,2.1290909090909085,94,-18.634692246203038,2.34
84661B,2.565833333333333,95,-11.335872380933425,2.82
84661C,1.494,62,1.2073863636363638,1.34
84663A,2.1212,260,-9.430836024978467,2.33
84665,5.95,105,0.0,6.55
84666,3.95,24,0.0,4.35
84673A,0.6499999999999999,63,0.0,0.72
84673B,0.8600000000000001,135,0.5298833819241983,0.95
84674,2.8285714285714287,187,-2.901654411764706,3.11
84675,2.95,9,0.0,3.25
84678,2.16,138,-2.8105769230769235,2.38
84679,11.95,6,-1.246875,13.14
84683,0.9928571428571429,187,-16.937500000000004,1.09
84685,3.75,21,0.0,4.12
84686,2.9525,49,-8.598265895953757,3.25
84687,5.700000000000001,70,-10.6265625,6.27
84688,4.25,34,0.0,4.68
84689,3.975,3,-1.5063291139240507,4.37
84691,0.7525,242,-130.2,0.83
84692,0.4308266666666667,6808,-16.150835353083576,0.47
84705C,1.25,12,0.0,1.38
84706D,4.283333333333332,6,0.0,4.71
84706F,2.95,16,0.0,3.25
84707A,9.5512,66,-0.3558584272869987,10.51
84707B,8.873846153846156,29,0.0,9.76
84708B,4.850000000000001,53,-1.1383928571428568,5.34
84709B,5.95,20,0.0,6.55
84711A,9.950000000000001,14,0.0,10.95
84711B,9.95,15,0.0,10.94
84712B,7.805454545454546,19,0.0,8.59
84715,2.9500000000000006,16,0.0,3.25
84723,3.9499999999999997,41,-14.575000000000001,4.34
84725,1.2444444444444445,41,0.0,1.37
84731,1.02,2,0.0,1.12
84732B,0.39,22,0.0,0.43
84732D,0.39,11,0.0,0.43
84741C,1.9499999999999997,60,0.0,2.14
84743C,1.25,1,0.0,1.38
84744,1.25,108,0.0,1.38
84745A,0.42000000000000004,32,0.0,0.46
84745B,0.42000000000000004,32,0.0,0.46
84746,3.75,3,0.0,4.12
84748,3.75,28,0.0,4.12
84750A,1.95,24,0.0,2.14
84750B,1.1700000000000002,61,0.625,1.29
84751B,1.7766666666666664,19,0.6334459459459459,1.95
84754,1.2397297297297298,502,-295.41703216374276,1.36
84755,0.6483955223880599,15611,-29.065436255011566,0.71
84760S,1.45,43,0.0,1.6
84763,1.2422448979591838,573,-179.69167763157898,1.37
84766,3.378571428571429,146,-5.684374999999999,3.72
84773,2.95,3,0.0,3.25
84789,3.6409090909090907,181,-22.63020833333334,4.0
84792,4.666113989637306,775,44.49651060216462,4.2
84795B,7.8,167,-22.80300925925926,8.58
84795C,7.95,2,0.0,8.75
84796A,12.75,14,0.0,14.02
84796B,12.432352941176472,69,-25.092013888888875,13.68
84798A,2.55,14,0.0,2.8
84798B,2.55,7,0.0,2.8
84799,0.9733333333333333,220,-0.44277108433734935,1.07
84800L,1.9245454545454541,360,-13.568759689922478,2.12
84800M,1.5372727272727273,127,-18.282366071428577,1.69
84800S,1.2120000000000002,113,-38.50877192982457,1.33
84801A,2.1,46,0.0,2.31
84801B,2.1,22,0.0,2.31
84802A,1.69,2,0.0,1.86
84802B,1.69,4,0.0,1.86
84803B,1.6900000000000002,15,0.0,1.86
84804A,2.68,70,-4.097222222222222,2.95
84804B,2.23,99,-4.097222222222222,2.45
84805A,2.0833333333333335,30,-1.5,2.29
84805B,2.0833333333333335,38,-7.5,2.29
84806A,1.0645454545454547,137,-15.047169811320755,1.17
84806B,1.3836842105263158,296,-6.6501572327044025,1.52
84809A,2.1,38,0.0,2.31
84809B,2.1,18,0.0,2.31
84813,9.359545454545453,145,-29.235981876972215,10.3
84816,39.95,13,0.0,43.95
84817,1.4351785714285714,951,-6.9308114035087725,1.58
84818,1.3433999999999993,1424,-6.5583677685950414,1.48
84819,2.219677419354838,811,-4.433186650113736,2.44
84820,3.7812500000000004,261,-5.094926350245499,4.16
84821,0.6200000000000001,947,-1.0930160984848485,0.68
84823,7.95,112,0.0,8.75
84824,15.95,2,0.0,17.55
84826,0.5745714285714287,1162,-13.000784632034634,0.63
84827,0.4855555555555556,511,-50.753769841269836,0.53
84828,1.308803418803419,954,-15.34597469914456,1.44
84832,0.8723437499999998,2607,-19.642628205128204,0.96
84836,1.2554582484725052,5757,-13.24125072495288,1.38
84840,8.5,3,0.0,9.35
84842,3.75,14,0.0,4.12
84843,5.857142857142857,161,-12.411752136752137,6.44
84846A,2.1000000000000005,53,0.0,2.31
84847,3.75,21,0.0,4.12
84849A,1.6899999999999995,155,0.0,1.86
84849B,1.6899999999999997,232,0.0,1.86
84849D,1.69,479,0.0,1.86
84854,4.95,5,0.0,5.44
84857B,1.95,24,0.0,2.14
84857C,2.76875,95,-6.4885496183206115,3.05
84858C,4.07,185,-69.29137115839244,4.48
84859A,2.219677419354839,123,-2.126697247706422,2.44
84859B,2.148181818181818,31,-0.33543577981651385,2.36
84859C,2.348095238095239,83,-0.00491972477064222,2.58
84865,5.7250000000000005,26,-1.5315315315315314,6.3
84870B,3.75,20,0.0,4.12
84870C,3.75,20,0.0,4.12
84872A,16.95,3,0.0,18.64
84873A,16.95,2,0.0,18.64
84874B,1.6500000000000001,34,0.0,1.82
84875B,1.5833333333333333,125,-34.5,1.74
84875D,1.25,51,0.0,1.38
84876B,1.25,203,0.0,1.38
84876D,2.4038461538461537,125,-14.145833333333334,2.64
84877A,1.25,12,0.0,1.38
84877B,1.25,126,0.0,1.38
84877D,1.6666666666666667,88,-7.5,1.83
84879,1.6807954545454544,35362,-86.76992283728347,1.85
84880,7.061029411764705,303,-25.81283160322954,7.77
84881,6.35,11,0.0,6.98
84882,3.75,34,0.0,4.12
84884A,4.028124999999999,286,-18.344260578131546,4.43
84898F,2.1,45,0.0,2.31
84905,4.95,12,0.0,5.44
84906,4.3500000000000005,28,-2.975,4.79
84907,7.650000000000001,5,0.0,8.42
84910A,5.95,10,0.0,6.55
84912A,3.75,103,0.0,4.12
84912B,3.75,149,0.0,4.12
84913A,4.65,37,0.0,5.12
84913B,4.650000000000001,70,0.0,5.12
84915,2.8899999999999997,199,-1.2130978714879979,3.18
84916,3.8055555555555554,212,-7.717730496453901,4.19
84917,3.2642857142857147,170,-5.961702127659574,3.59
84919,6.95,29,0.0,7.64
84920,3.75,73,0.0,4.12
84921,3.75,11,0.0,4.12
84922,4.25,8,0.0,4.68
84924A,4.059166666666667,72,-0.33692722371967654,4.47
84924F,0.79,10,0.0,0.87
84925D,2.55,15,0.0,2.8
84925F,1.9633333333333332,80,-15.9375,2.16
84926A,0.4758064516129031,597,-5.208333333333333,0.52
84926D,0.6515625,705,-11.59637725248151,0.72
84926E,0.43657894736842096,990,-6.820367443275406,0.48
84926F,0.9091304347826087,423,-3.5876248369052255,1.0
84927A,1.4892857142857145,46,-6.140350877192983,1.64
84927D,0.8175000000000002,45,-2.456140350877193,0.9
84927E,1.5300000000000002,57,-6.140350877192983,1.68
84927F,0.7971428571428573,295,0.6140350877192983,0.88
84929,0.2770967741935485,2244,-5.601851851851852,0.3
84931A,2.549999999999999,84,0.0,2.8
84931B,2.55,134,0.0,2.8
84944,2.1486301369863012,564,-17.98076923076923,2.36
84945,0.8538461538461538,10279,-36.67975401791191,0.94
84946,1.238577648766328,16473,-27.182081628280613,1.36
84947,1.245821917808219,8273,-40.540356138097906,1.37
84949,1.6326771653543306,4665,-72.40304487179488,1.8
84950,0.6760674157303371,3361,-8.713910329813254,0.74
84951A,0.9970588235294118,363,-1.023258407427569,1.1
84951B,1.0784375000000002,334,-8.804810362552487,1.19
84952A,4.368333333333333,38,0.0,4.81
84952B,3.266153846153846,145,-9.001796945193172,3.59
84952C,3.0,140,-23.05277777777778,3.3
84963A,42.95,4,0.0,47.24
84963B,49.95,3,0.0,54.95
84968A,12.676530612244898,147,-52.3081597222222,13.94
84968B,12.75,2,0.0,14.02
84968C,12.75,94,0.0,14.02
84968D,13.537741935483872,62,-1.0221130221130221,14.89
84968E,13.141363636363634,87,-56.12210648148146,14.46
84968F,12.69,78,-84.37326388888886,13.96
84969,4.402876712328767,295,2.8183271452145213,3.96
84970L,1.0281360946745561,5700,-17.088465231072444,1.13
84970S,0.8686506024096383,8470,-35.133659336995656,0.96
84971S,0.8573504273504271,1679,-17.21656079891866,0.94
84974,9.95,40,0.0,10.94
84975,1.69,5,0.0,1.86
84976,1.0003448275862068,502,-9.175074074074075,1.1
84978,1.2280378657487092,10980,-18.025228115158086,1.35
84984A,4.6499999999999995,19,0.0,5.12
84984B,4.65,17,0.0,5.12
84984D,4.65,13,0.0,5.12
84985A,1.4499999999999997,42,0.0,1.59
84987,1.4632644628099167,2928,-53.15528364539429,1.61
84988,1.4692556634304204,3954,-145.6892990689866,1.62
84989A,0.5500000000000002,28,0.0,0.61
84990,0.55,2,0.0,0.61
84991,0.5482199710564398,17689,-88.06816028278988,0.6
84992,0.5559322033898305,13070,-135.23143189872536,0.61
84993A,0.42,305,0.0,0.46
84993B,0.42,57,0.0,0.46
84997A,4.0808547008547,2525,-107.10702804014919,4.49
84997B,4.044181818181818,4035,-111.3577017671999,4.45
84997C,4.019773462783171,3694,-192.0184216192936,4.42
84997D,4.085664335664335,4922,-103.12616172548108,4.49
85006,1.55,55,-1.4047619047619049,1.71
85008,4.457142857142857,12,0.0,4.9
85014A,6.096186770428017,1133,-34.92962048237755,6.71
85014B,6.092450980392158,1846,-58.56057980147944,6.7
85015,1.011913043478261,2130,-8.073317389673283,1.11
85016,1.714,522,-19.696898496240603,1.89
85017A,0.85,6,0.0,0.94
85017B,0.4998666666666668,947,-5.077796234772978,0.55
85017C,0.6349999999999999,50,0.0,0.7
85018D,2.5500000000000003,12,0.0,2.81
85019A,1.7857142857142858,409,-11.501984126984127,1.96
85019B,1.37,498,-4.25,1.51
85019C,2.45,181,-1.3165509259259258,2.7
85020,2.1,78,0.0,2.31
85023B,2.5125,104,-203.4351851851853,2.76
85024B,1.6333333333333329,193,-48.949652777777786,1.8
85024C,1.65,12,0.0,1.82
85025B,1.6409090909090907,305,-592.8958333333335,1.8
85025C,1.643333333333333,308,-303.18750000000006,1.81
85026B,0.85,75,0.0,0.94
85027L,2.9500000000000006,70,-1.3250000000000002,3.25
85028L,1.95,10,0.0,2.14
85028S,2.025,24,6.468750000000001,1.82
85030,1.95,15,0.0,2.14
85031A,3.892857142857143,16,-6.689189189189189,4.28
85031B,4.95,1,0.0,5.44
85031C,4.95,3,0.0,5.44
85032A,0.7695876288659795,738,-1.0402298850574712,0.85
85032B,0.7579787234042558,751,-1.4482758620689653,0.83
85032C,0.7833333333333339,597,-33.3103448275862,0.86
85032D,0.871186440677966,630,0.0,0.96
85034A,2.2505263157894735,492,-8.67376893939394,2.48
85034B,2.071276595744681,884,-5.790113196587517,2.28
85034C,1.7832394366197184,1072,-2.7216433454611906,1.96
85035A,3.367402597402597,263,-2.0519801980198022,3.7
85035B,2.6136363636363638,558,-67.34837962962963,2.88
85035C,2.1812280701754387,1105,-20.858019777672215,2.4
85036A,3.526774193548387,211,-74.97705842012773,3.88
85036B,2.090222222222222,360,-22.431860269360275,2.3
85036C,2.3057142857142856,742,-8.351053233795602,2.54
85038,2.1417948717948723,1018,-36.988294937095,2.36
85039A,1.6007142857142858,445,38.40644282015477,1.44
85039B,1.6151923076923076,491,-63.16564758355915,1.78
85039C,1.3358333333333328,222,-6.80691056910569,1.47
85040A,1.710606060606061,807,-12.009982638888891,1.88
85040B,1.6499999999999997,135,0.0,1.81
85045,4.880000000000001,41,-20.587797619047617,5.37
85047,6.35,3,0.0,6.98
85048,7.769444444444446,1266,-24.48409226190476,8.55
85049A,1.292080291970803,2907,-113.71024097624755,1.42
85049B,1.25,54,0.0,1.38
85049C,1.254811320754717,1198,-236.68249480450442,1.38
85049D,1.25,539,0.0,1.38
85049E,1.2912968299711818,2747,-4.7687263310239025,1.42
85049F,1.25,374,0.0,1.38
85049G,1.2732377049180328,1580,-81.29864390659847,1.4
85049H,1.1948051948051945,448,-2.2251428217844733,1.31
85053,2.1328455284552854,1549,-20.092569492218967,2.35
85054,2.788444444444444,551,-5.699425766655121,3.07
85055,3.6700000000000004,37,-42.18750000000001,4.04
85059,3.3588750000000003,290,-4.777571877807727,3.69
85061W,0.8559504132231402,1986,-28.902866809116812,0.94
85062,1.666592592592593,1380,-36.29985425240056,1.83
85064,5.3817391304347835,205,-138.33805732484078,5.92
85066,12.648483516483516,1705,35.741507228738456,11.38
85067,18.55,7,-12.299999999999999,20.4
85071A,0.723804347826087,976,-5.451459186189472,0.8
85071B,0.6224545454545455,1256,-4.135637691512646,0.68
85071C,0.7483561643835615,607,-4.040395155968318,0.82
85071D,0.6845454545454545,362,0.787037037037037,0.75
85078,0.29892307692307685,1746,-2.923079933798533,0.33
85084,0.85,17,0.0,0.94
85086A,0.85,45,0.0,0.94
85087,2.998571428571428,40,4.338235294117649,2.7
85088,2.273809523809524,188,-1.6990846333880238,2.5
85089,2.9499999999999997,14,0.0,3.24
85092,2.3,27,-11.166666666666666,2.53
85093,0.5947619047619049,451,-1.4534883720930234,0.65
85094,0.2925806451612903,502,0.0982704402515723,0.32
85095,2.356,66,-3.3602009611183914,2.59
85096,3.75,20,0.0,4.12
85099B,2.0158776266996288,46181,-89.43288010831806,2.22
85099C,2.0122306525037934,12793,-110.07898763931371,2.21
85099F,2.0072138554216865,16807,-84.00157080520127,2.21
85103,6.3500000000000005,91,-42.18750000000001,6.99
85104,3.084285714285714,196,-69.58788775697498,3.39
85106,2.464,530,-746.701504245109,2.71
85107,2.4313793103448273,243,-23.65193798449613,2.67
85109,0.85,12,0.0,0.94
85111,0.30777777777777765,1407,-6.510416666666667,0.34
85114A,1.630952380952381,585,-53.401190476190486,1.79
85114B,1.642307692307693,394,-27.04166666666667,1.81
85114C,1.6436507936507943,457,-133.41145833333337,1.81
85116,1.2315789473684209,694,-7.408608012170385,1.35
85118,1.105,142,-2.5256008359456636,1.22
85123A,2.8931056511056514,36782,-45.76925822522207,3.18
85124B,2.55,82,0.0,2.8
85124C,2.5499999999999994,84,0.0,2.8
85125,4.802631578947369,129,-45.75552721088435,5.28
85127,4.950000000000001,80,0.0,5.45
85129B,1.389375,101,-4.204714610217004,1.53
85129C,1.5525000000000002,77,-16.088957759412306,1.71
85129D,1.4920000000000002,166,-3.3310376492194673,1.64
85130A,1.65,77,0.0,1.82
85130B,0.9563999999999999,816,-24.79730620155039,1.05
85130C,0.9428888888888888,479,0.0,1.04
85130D,1.1207692307692307,552,1.2790697674418605,1.01
85131A,1.2092,469,-5.952412721059677,1.33
85131B,0.8946153846153847,142,1.984126984126984,0.81
85131C,1.0036363636363637,73,-8.30509607351713,1.1
85131D,1.0050000000000001,115,-3.960146103896104,1.11
85132A,2.8730769230769218,455,-6.218750000000001,3.16
85132B,2.749999999999999,513,-13.68125,3.02
85132C,2.3279527559055113,1404,-13.68125,2.56
85135A,7.95,15,0.0,8.75
85135B,7.95,47,0.0,8.75
85135C,7.95,78,0.0,8.75
85136A,7.949999999999998,51,0.0,8.74
85136B,7.95,2,0.0,8.75
85136C,7.95,35,0.0,8.75
85141,5.526190476190475,123,-23.417438271604933,6.08
85144,3.8772727272727256,222,0.6839622641509434,4.26
85145,5.207142857142858,38,-4.346590909090908,5.73
85146,3.616666666666667,43,-1.278125,3.98
85150,2.514065040650407,3899,-94.2762302878193,2.77
85152,2.1021308724832215,8164,-107.37213996043752,2.31
85159A,1.9744444444444447,451,-3.5544321895424837,2.17
85159B,2.090677966101695,622,-3.840822440087146,2.3
85160B,0.44375,105,0.9689922480620156,0.49
85161,18.727777777777774,12,-12.299999999999999,20.6
85163A,11.572222222222223,45,-11.326458333333331,12.73
85163B,11.235714285714284,44,-14.200347222222216,12.36
85167B,3.392857142857143,48,-15.004629629629626,3.73
85168B,9.061428571428571,17,43.06898859807024,8.16
85169A,1.169183673469388,502,-3.205948417095638,1.29
85169B,1.1503999999999999,201,-5.397590361445783,1.27
85169C,1.1833333333333333,336,-128.30932549747865,1.3
85169D,1.1659090909090908,232,-1.4676281881913624,1.28
85170A,2.1,1,0.0,2.31
85170B,1.8282608695652178,179,-17.959537037037038,2.01
85170C,1.95448275862069,252,-16.72331896551724,2.15
85170D,2.1970588235294115,355,-5.127198138390016,2.42
85172,0.42000000000000015,1328,0.0,0.46
85173,2.1670000000000003,434,-11.808169145131947,2.38
85174,5.033809523809524,497,-25.022138334480093,5.54
85175,0.41946564885496185,5217,-36.05398485137195,0.46
85176,0.9227999999999997,626,-3.4718215811965814,1.02
85177,0.8813953488372094,775,-23.0707264957265,0.97
85178,1.2702999999999998,2371,-96.71620652652182,1.4
85179A,2.9770588235294118,119,-3.5467739126107296,3.27
85179C,1.7357142857142858,69,-31.455882352941178,1.91
85180A,3.052105263157895,434,-5.4911996048419365,3.36
85180B,3.354761904761905,196,-1.520833333333333,3.69
85183A,1.3283132530120483,657,-20.203125,1.46
85183B,1.4042056074766356,977,-9.356481481481483,1.54
85184C,2.5598571428571426,1523,-14.483096820084592,2.82
85185B,2.9382352941176464,291,-43.617187499999964,3.23
85185D,2.95,15,0.0,3.25
85186A,0.42,525,0.0,0.46
85186C,0.42,413,0.0,0.46
85187,1.6433333333333338,324,-118.18671875000001,1.81
85188A,0.8500000000000001,302,0.0,0.94
85188B,0.85,75,0.0,0.94
85189,0.85,9,0.0,0.94
85194L,0.8477192982456141,901,-38.5,0.93
85194S,0.46600000000000014,1163,-66.41304347826086,0.51
85195,2.1,11,0.0,2.31
85197,2.1,33,0.0,2.31
85198,0.815,86,-2.7857142857142865,0.9
85199L,0.6481538461538462,925,-1.6458333333333335,0.71
85199S,0.44170588235294117,2234,-15.156729900632342,0.49
85200,1.25,183,0.0,1.38
85202,0.42000000000000004,300,0.0,0.46
85203,0.4189090909090912,570,-20.125,0.46
85204,0.1868181818181818,1876,-81.61666666666666,0.21
85205B,2.55,116,0.0,2.8
85206A,1.642452830188679,916,-112.06105324074078,1.81
85206B,1.65,14,0.0,1.82
85208,2.0836000000000006,161,-122.16920731707313,2.29
85211,1.2321052631578946,142,-54.64760981912146,1.36
85212,0.38753424657534247,2452,-4.840625,0.43
85213,0.5139999999999999,821,0.0,0.57
85214,1.6500000000000004,103,0.0,1.82
85215,0.65,163,0.0,0.72
85216,0.65,55,0.0,0.72
85224,2.1,3,0.0,2.31
85225,1.0833333333333333,6,-15.0,1.19
85227,0.8732075471698109,1322,-44.27880291005292,0.96
85230A,0.26333333333333336,840,-4.955357142857143,0.29
85230B,0.2773684210526315,1264,-7.205078125,0.31
85230E,0.26666666666666666,1101,-6.914527529761905,0.29
85230F,0.27666666666666667,338,-2.46875,0.3
85230G,0.2708,1032,-5.640625,0.3
85231B,0.8898198198198194,798,-24.12665598290598,0.98
85231G,0.8577611940298506,573,-69.64051282051282,0.94
85232A,4.922000000000001,74,-83.97767857142856,5.41
85232B,4.950000000000001,268,0.0,5.45
85232D,4.924074074074072,175,-27.406249999999996,5.42
90000A,5.95,11,0.0,6.55
90000B,5.95,3,0.0,6.55
90000D,5.95,6,0.0,6.55
90001A,4.25,2,0.0,4.68
90001B,4.25,4,0.0,4.68
90001C,4.25,2,0.0,4.68
90001D,4.25,5,0.0,4.68
90002D,3.75,10,0.0,4.12
90003B,3.75,6,0.0,4.12
90003C,3.75,12,0.0,4.12
90003D,3.75,18,0.0,4.12
90003E,3.75,8,0.0,4.12
90010A,8.95,7,0.0,9.85
90010B,8.95,7,0.0,9.85
90010E,8.950000000000001,10,0.0,9.85
90011A,2.95,1,0.0,3.25
90011B,2.95,7,0.0,3.25
90012A,2.95,8,0.0,3.25
90012B,2.95,12,0.0,3.25
90013A,3.75,16,0.0,4.12
90013C,3.75,11,0.0,4.12
90014A,7.85,16,0.0,8.64
90014B,8.2,10,0.0,9.02
90014C,7.616666666666666,4,0.7107142857142857,8.38
90016A,7.4375,14,-16.0,8.18
90016B,8.5,9,0.0,9.35
90018A,4.25,17,0.0,4.68
90018B,4.25,8,0.0,4.68
90018C,4.25,6,0.0,4.68
90019A,4.95,18,0.0,5.44
90019B,4.95,2,0.0,5.44
90019C,4.95,4,0.0,5.44
90021,11.95,1,0.0,13.14
90022,3.75,8,0.0,4.12
90023,4.25,8,0.0,4.68
90024B,8.5,4,0.0,9.35
90024C,8.5,2,0.0,9.35
90024D,8.5,1,0.0,9.35
90024F,8.5,2,0.0,9.35
90025A,3.75,2,0.0,4.12
90025F,3.75,1,0.0,4.12
90026A,8.5,2,0.0,9.35
90026B,8.5,2,0.0,9.35
90026C,8.5,3,0.0,9.35
90026D,8.5,3,0.0,9.35
90027A,2.95,4,0.0,3.25
90027D,2.95,4,0.0,3.25
90028,8.5,2,0.0,9.35
90029,8.5,3,0.0,9.35
90030A,1.0,72,0.0,1.1
90030B,1.3299999999999998,112,-0.601010101010101,1.46
90030C,1.0,74,0.0,1.1
90031,1.0,48,0.0,1.1
90032,5.73,19,-7.011217948717948,6.3
90033,2.55,2,0.0,2.8
90035A,10.75,4,0.0,11.82
90035C,10.75,2,0.0,11.82
90036A,7.95,6,0.0,8.75
90036B,7.95,4,0.0,8.75
90036C,7.95,6,0.0,8.75
90036D,7.95,11,0.0,8.75
90036E,7.95,7,0.0,8.75
90036F,7.95,4,0.0,8.75
90037B,2.55,6,0.0,2.8
90038A,3.75,6,0.0,4.12
90038B,3.75,6,0.0,4.12
90038C,3.75,6,0.0,4.12
90039A,3.75,6,0.0,4.12
90039B,3.75,6,0.0,4.12
90039C,3.75,1,0.0,4.12
90039D,3.75,14,0.0,4.12
90040A,3.5,6,0.0,3.85
90040B,3.5,4,0.0,3.85
90040C,3.5,7,0.0,3.85
90041,3.5,2,0.0,3.85
90042A,2.55,3,0.0,2.8
90043,7.455,4,-0.6586826347305388,8.2
90046,4.95,3,0.0,5.44
90048,4.95,3,0.0,5.44
90049,8.290000000000001,5,-0.6586826347305388,9.12
90050,6.95,6,0.0,7.64
90051,6.95,6,0.0,7.64
90054,2.55,1,0.0,2.8
90055,2.55,1,0.0,2.8
90057,1.3472727272727274,1008,-0.14602803738317754,1.48
90058A,0.37999999999999995,324,0.0,0.42
90058B,0.37999999999999995,612,0.0,0.42
90059A,1.65,6,0.0,1.82
90059B,1.6499999999999997,9,0.0,1.81
90059C,1.6499999999999997,8,0.0,1.81
90059D,1.65,6,0.0,1.82
90059E,1.6499999999999997,10,0.0,1.81
90059F,1.6499999999999997,9,0.0,1.81
90060B,5.95,1,0.0,6.55
90060D,5.95,3,0.0,6.55
90062,12.75,20,0.0,14.02
90063A,8.5,11,0.0,9.35
90063B,8.5,8,0.0,9.35
90064A,3.75,7,0.0,4.12
90064B,3.75,11,0.0,4.12
90065A,6.75,8,0.0,7.43
90065B,6.75,1,0.0,7.43
90067A,2.9500000000000006,10,0.0,3.25
90069,7.5,2,0.0,8.25
90070,5.95,8,0.0,6.55
90071,1.25,1,0.0,1.38
90072,3.75,10,0.0,4.12
90073,4.95,13,0.0,5.44
90074,8.95,2,0.0,9.85
90076,2.55,6,0.0,2.8
90078,7.5,2,0.0,8.25
90079,4.95,5,0.0,5.44
90081A,4.95,15,0.0,5.44
90081C,4.95,11,0.0,5.44
90082A,6.35,21,0.0,6.98
90082B,6.349999999999999,27,0.0,6.98
90082D,6.35,8,0.0,6.98
90083,1.27,19,-5.659722222222222,1.4
90084,0.85,1,0.0,0.94
90085,0.85,24,0.0,0.94
90086,1.2863636363636362,85,-5.073491323491324,1.41
90087,1.1724999999999999,90,-16.67361111111111,1.29
90089,0.19000000000000003,25,0.0,0.21
90093,0.8900000000000001,47,-6.225694444444445,0.98
90094,2.5500000000000003,13,0.0,2.81
90096,2.55,8,0.0,2.8
90098,2.55,28,0.0,2.8
90099,2.55,20,0.0,2.8
90100,2.55,1,0.0,2.8
90101,2.55,15,0.0,2.8
90102,0.85,10,0.0,0.94
90103,2.55,8,0.0,2.8
90104,0.85,1,0.0,0.94
90108,1.05,64,0.0,1.16
90114,2.5500000000000003,66,0.0,2.81
90116,1.6900000000000002,16,0.0,1.86
90118,2.55,6,0.0,2.8
90119,2.4768749999999997,60,-33.583333333333385,2.72
90120B,4.25,20,0.0,4.68
90120C,4.25,31,0.0,4.68
90120D,4.25,2,0.0,4.68
90122A,4.95,8,0.0,5.44
90122B,4.95,1,0.0,5.44
90122C,4.95,17,0.0,5.44
90123A,5.95,14,0.0,6.55
90123B,5.95,8,0.0,6.55
90123C,5.95,13,0.0,6.55
90123D,5.95,3,0.0,6.55
90124A,9.95,6,0.0,10.94
90124B,9.95,4,0.0,10.94
90124C,9.95,7,0.0,10.94
90125A,1.0583333333333333,109,-0.6658333333333333,1.16
90125B,1.6833333333333336,19,-0.6233333333333333,1.85
90125C,1.2666666666666666,73,-0.6658333333333333,1.39
90125D,1.35,74,-9.572916666666666,1.49
90125E,2.1,1,0.0,2.31
90128B,1.25,1,0.0,1.38
90129A,2.9500000000000006,7,0.0,3.25
90129B,2.9499999999999997,21,0.0,3.24
90129C,2.9499999999999997,17,0.0,3.24
90129D,2.95,8,0.0,3.25
90129E,2.95,6,0.0,3.25
90129F,2.95,16,0.0,3.25
90130A,2.95,1,0.0,3.25
90130B,2.9500000000000006,9,0.0,3.25
90131,6.95,4,0.0,7.64
90133,4.95,9,0.0,5.44
90135,4.95,6,0.0,5.44
90136,9.95,3,0.0,10.94
90138,4.95,4,0.0,5.44
90141A,4.95,4,0.0,5.44
90141B,4.95,6,0.0,5.44
90141C,4.95,4,0.0,5.44
90141D,4.95,3,0.0,5.44
90141E,4.95,3,0.0,5.44
90142D,4.95,9,0.0,5.44
90143,7.5,19,0.0,8.25
90144,3.75,7,0.0,4.12
90145,5.95,21,0.0,6.55
90146,6.25,13,-7.0,6.88
90147,9.950000000000001,21,0.0,10.95
90148,12.75,8,0.0,14.02
90149,7.12,52,-98.68421052631581,7.83
90151,8.5,8,0.0,9.35
90152A,5.95,3,0.0,6.55
90152B,5.95,1,0.0,6.55
90152C,5.95,1,0.0,6.55
90154,8.61,57,-136.34134615384622,9.47
90155,7.5,6,0.0,8.25
90156,4.95,3,0.0,5.44
90157,4.95,7,0.0,5.44
90158,4.95,14,0.0,5.44
90159,4.95,3,0.0,5.44
90160A,6.95,31,0.0,7.64
90160B,6.95,21,0.0,7.64
90160C,6.95,41,0.0,7.64
90160D,6.95,32,0.0,7.64
90161A,4.95,9,0.0,5.44
90161B,4.950000000000001,45,0.0,5.45
90161C,4.950000000000001,45,0.0,5.45
90161D,4.95,31,0.0,5.44
90162A,2.95,6,0.0,3.25
90162B,2.95,27,0.0,3.25
90162C,2.9499999999999997,14,0.0,3.24
90162D,2.95,10,0.0,3.25
90163A,7.5,4,0.0,8.25
90163B,7.5,2,0.0,8.25
90164A,4.725,19,-2.7027027027027026,5.2
90164B,2.7428571428571424,28,0.6756756756756757,3.02
90165B,2.55,1,0.0,2.8
90166,4.1875,14,46.55555555555572,3.77
90167,0.85,10,0.0,0.94
90168,2.95,6,0.0,3.25
90169,2.55,6,0.0,2.8
90170,1.6500000000000001,46,0.0,1.82
90173,3.75,16,0.0,4.12
90174,2.55,16,0.0,2.8
90175A,8.95,9,0.0,9.85
90175C,8.950000000000001,9,0.0,9.85
90175D,8.95,3,0.0,9.85
90176A,7.5,2,0.0,8.25
90176B,7.5,2,0.0,8.25
90176C,7.5,2,0.0,8.25
90176D,7.5,7,0.0,8.25
90176E,7.5,3,0.0,8.25
90177A,2.95,6,0.0,3.25
90177B,2.95,7,0.0,3.25
90177C,2.9500000000000006,13,0.0,3.25
90177D,2.9499999999999997,17,0.0,3.24
90177E,2.95,6,0.0,3.25
90178A,11.950000000000001,6,0.0,13.15
90178B,11.95,1,0.0,13.14
90179A,5.95,3,0.0,6.55
90179C,5.95,1,0.0,6.55
90180A,8.55,13,-0.7107142857142857,9.41
90180B,9.95,3,0.0,10.94
90181A,8.95,1,0.0,9.85
90182C,2.95,6,0.0,3.25
90183A,2.95,20,0.0,3.25
90183C,2.95,1,0.0,3.25
90184A,8.95,8,0.0,9.85
90184B,8.950000000000001,21,0.0,9.85
90184C,8.950000000000001,11,0.0,9.85
90185A,4.25,22,0.0,4.68
90185B,4.25,13,0.0,4.68
90185C,4.25,21,0.0,4.68
90185D,4.25,32,0.0,4.68
90186A,2.95,5,0.0,3.25
90186B,2.9499999999999997,12,0.0,3.24
90187B,3.35,4,0.0,3.69
90188,2.55,3,0.0,2.8
90189A,7.5,2,0.0,8.25
90190A,2.95,6,0.0,3.25
90190B,2.95,6,0.0,3.25
90190C,2.95,5,0.0,3.25
90191,8.55,22,-2.6020408163265305,9.41
90192,4.95,23,0.0,5.44
90194,4.25,12,0.0,4.68
90195A,6.378571428571429,16,0.0,7.02
90195B,6.949999999999999,3,0.0,7.64
90196A,12.75,8,0.0,14.02
90196B,12.75,4,0.0,14.02
90197B,4.95,3,0.0,5.44
90198A,4.25,34,0.0,4.68
90198B,4.25,30,0.0,4.68
90199A,6.349999999999999,8,0.0,6.98
90199B,6.35,2,0.0,6.98
90199C,6.35,17,0.0,6.98
90199D,6.35,2,0.0,6.98
90200A,4.25,41,0.0,4.68
90200B,4.25,67,0.0,4.68
90200C,4.25,20,0.0,4.68
90200D,4.23,99,-101.1875,4.65
90200E,4.222222222222222,76,-101.34375,4.64
90201A,2.95,47,0.0,3.25
90201B,2.95,64,0.0,3.25
90201C,2.9500000000000006,52,0.0,3.25
90201D,2.95,46,0.0,3.25
90202A,2.95,6,0.0,3.25
90202B,2.95,7,0.0,3.25
90202C,2.95,7,0.0,3.25
90202D,2.95,12,0.0,3.25
90204,3.35,17,0.0,3.69
90205A,1.6500000000000001,16,0.0,1.82
90205C,1.6499999999999997,6,0.0,1.81
90206A,4.95,6,0.0,5.44
90206C,4.95,13,0.0,5.44
90208,2.55,10,0.0,2.8
90209A,2.0125,84,-53.08333333333332,2.21
90209B,2.046153846153847,105,-17.206018518518515,2.25
90209C,2.0125000000000006,231,-63.371632996632975,2.21
90210A,1.8166666666666667,26,-0.6127450980392156,2.0
90210B,2.016666666666667,40,-6.821476453829394,2.22
90210C,1.49,94,-3.3810331825037707,1.64
90210D,1.15,104,4.166666666666667,1.03
90211A,5.95,5,0.0,6.55
90211B,5.95,4,0.0,6.55
90212B,3.75,3,0.0,4.12
90212C,3.75,6,0.0,4.12
90214A,1.1128571428571428,63,-14.322916666666666,1.22
90214B,0.77,13,-14.322916666666666,0.85
90214C,0.8233333333333334,52,-1.3020833333333333,0.91
90214D,0.9757142857142858,39,-1.3020833333333333,1.07
90214E,0.89,41,-1.3020833333333333,0.98
90214F,0.29,13,0.0,0.32
90214G,0.8385714285714286,34,-1.3020833333333333,0.92
90214H,0.93,22,-14.322916666666666,1.02
90214I,0.61,25,0.0,0.67
90214J,1.058,23,-1.3020833333333333,1.16
90214K,1.0099999999999998,47,-1.3020833333333333,1.11
90214L,0.866,51,-29.947916666666664,0.95
90214M,1.058,27,-1.3020833333333333,1.16
90214N,0.866,18,-6.510416666666667,0.95
90214O,0.29,12,0.0,0.32
90214P,0.77,28,-14.322916666666666,0.85
90214R,0.77,15,-14.322916666666666,0.85
90214S,0.77,40,1.1935763888888888,0.69
90214T,0.29,12,0.0,0.32
90214U,0.29,12,0.0,0.32
90214V,0.93,14,-14.322916666666666,1.02
90214W,0.29,12,0.0,0.32
90214Y,0.61,61,-14.322916666666666,0.67
90214Z,0.29,12,0.0,0.32
BANK CHARGES,13.750083333333334,12,0.0,15.13
C2,50.13533834586466,134,-0.23046875,55.15
DOT,744.1474999999998,16,0.0,818.56
M,175.29158450704224,7173,-12.169659041433707,192.82
PADS,0.001,3,0.0,0.0
POST,31.570482256596904,3120,0.06960373870819146,34.73
