product_id,category,cost_price,mrp,price,date,day_of_week,month,is_weekend,stock_level,units_sold,days_to_expiry,season_factor
0,beverages,81.68886881742095,107.01739087246207,102.33712916284762,2023-01-01,6,1,1,40,14,7,1.1
0,beverages,81.68886881742095,107.01739087246207,92.8626442275549,2023-01-02,0,1,0,123,14,8,1.1
0,beverages,81.68886881742095,107.01739087246207,86.97172427789319,2023-01-03,1,1,0,107,24,12,1.1
0,beverages,81.68886881742095,107.01739087246207,85.92342940189141,2023-01-04,2,1,0,108,30,1,1.1
0,beverages,81.68886881742095,107.01739087246207,94.26799017614933,2023-01-05,3,1,0,34,3,14,1.1
0,beverages,81.68886881742095,107.01739087246207,106.66114649225149,2023-01-06,4,1,0,150,17,5,1.1
0,beverages,81.68886881742095,107.01739087246207,89.3959401475173,2023-01-07,5,1,1,186,34,2,1.1
0,beverages,81.68886881742095,107.01739087246207,100.30921246392778,2023-01-08,6,1,1,130,7,12,1.1
0,beverages,81.68886881742095,107.01739087246207,96.29288946461766,2023-01-09,0,1,0,194,25,3,1.1
0,beverages,81.68886881742095,107.01739087246207,92.395326863643,2023-01-10,1,1,0,153,12,6,1.1
0,beverages,81.68886881742095,107.01739087246207,89.70037484365591,2023-01-11,2,1,0,165,14,10,1.1
0,beverages,81.68886881742095,107.01739087246207,101.22353571215018,2023-01-12,3,1,0,34,13,8,1.1
0,beverages,81.68886881742095,107.01739087246207,96.8379562232337,2023-01-13,4,1,0,59,13,5,1.1
0,beverages,81.68886881742095,107.01739087246207,93.35220797643731,2023-01-14,5,1,1,143,7,13,1.1
0,beverages,81.68886881742095,107.01739087246207,102.8152479814807,2023-01-15,6,1,1,84,21,9,1.1
0,beverages,81.68886881742095,107.01739087246207,85.89062454858248,2023-01-16,0,1,0,158,23,3,1.1
0,beverages,81.68886881742095,107.01739087246207,101.26039784644823,2023-01-17,1,1,0,52,4,11,1.1
0,beverages,81.68886881742095,107.01739087246207,104.10914928975262,2023-01-18,2,1,0,91,8,12,1.1
0,beverages,81.68886881742095,107.01739087246207,87.12355084835525,2023-01-19,3,1,0,170,12,14,1.1
0,beverages,81.68886881742095,107.01739087246207,104.62132950907692,2023-01-20,4,1,0,120,19,14,1.1
0,beverages,81.68886881742095,107.01739087246207,101.1057909440859,2023-01-21,5,1,1,161,5,7,1.1
0,beverages,81.68886881742095,107.01739087246207,95.1066114420029,2023-01-22,6,1,1,198,16,7,1.1
0,beverages,81.68886881742095,107.01739087246207,97.73958279079991,2023-01-23,0,1,0,151,8,14,1.1
0,beverages,81.68886881742095,107.01739087246207,90.08716088004711,2023-01-24,1,1,0,32,15,7,1.1
0,beverages,81.68886881742095,107.01739087246207,89.19830995899378,2023-01-25,2,1,0,85,21,10,1.1
0,beverages,81.68886881742095,107.01739087246207,102.84658503995013,2023-01-26,3,1,0,63,20,4,1.1
0,beverages,81.68886881742095,107.01739087246207,97.23114124549082,2023-01-27,4,1,0,111,9,9,1.1
0,beverages,81.68886881742095,107.01739087246207,94.84682369659252,2023-01-28,5,1,1,135,21,13,1.1
0,beverages,81.68886881742095,107.01739087246207,85.9210038658326,2023-01-29,6,1,1,174,15,9,1.1
0,beverages,81.68886881742095,107.01739087246207,90.95953404464905,2023-01-30,0,1,0,78,11,6,1.1
0,beverages,81.68886881742095,107.01739087246207,97.6296750638741,2023-01-31,1,1,0,199,9,1,1.1
0,beverages,81.68886881742095,107.01739087246207,100.565654969883,2023-02-01,2,2,0,150,12,1,1.1732050807568877
0,beverages,81.68886881742095,107.01739087246207,106.9693895592119,2023-02-02,3,2,0,132,16,2,1.1732050807568877
0,beverages,81.68886881742095,107.01739087246207,88.85147031178806,2023-02-03,4,2,0,191,24,10,1.1732050807568877
0,beverages,81.68886881742095,107.01739087246207,90.9155534752566,2023-02-04,5,2,1,87,25,7,1.1732050807568877
0,beverages,81.68886881742095,107.01739087246207,93.58652604274556,2023-02-05,6,2,1,135,25,2,1.1732050807568877
0,beverages,81.68886881742095,107.01739087246207,97.1553517662583,2023-02-06,0,2,0,163,18,1,1.1732050807568877
0,beverages,81.68886881742095,107.01739087246207,104.00835418691973,2023-02-07,1,2,0,183,19,3,1.1732050807568877
0,beverages,81.68886881742095,107.01739087246207,102.97041612073703,2023-02-08,2,2,0,167,6,7,1.1732050807568877
0,beverages,81.68886881742095,107.01739087246207,105.67327777926583,2023-02-09,3,2,0,148,13,11,1.1732050807568877
0,beverages,81.68886881742095,107.01739087246207,88.18395266415378,2023-02-10,4,2,0,170,16,14,1.1732050807568877
0,beverages,81.68886881742095,107.01739087246207,106.63857375633171,2023-02-11,5,2,1,79,17,1,1.1732050807568877
0,beverages,81.68886881742095,107.01739087246207,87.75119477675736,2023-02-12,6,2,1,159,26,5,1.1732050807568877
0,beverages,81.68886881742095,107.01739087246207,93.19194791418427,2023-02-13,0,2,0,67,27,3,1.1732050807568877
0,beverages,81.68886881742095,107.01739087246207,94.36671471094651,2023-02-14,1,2,0,180,22,8,1.1732050807568877
0,beverages,81.68886881742095,107.01739087246207,93.6821166178304,2023-02-15,2,2,0,118,9,9,1.1732050807568877
0,beverages,81.68886881742095,107.01739087246207,89.18953114439685,2023-02-16,3,2,0,101,22,2,1.1732050807568877
0,beverages,81.68886881742095,107.01739087246207,100.90290362397748,2023-02-17,4,2,0,52,11,14,1.1732050807568877
0,beverages,81.68886881742095,107.01739087246207,101.63183435342158,2023-02-18,5,2,1,147,24,8,1.1732050807568877
0,beverages,81.68886881742095,107.01739087246207,87.76334639019613,2023-02-19,6,2,1,134,17,6,1.1732050807568877
0,beverages,81.68886881742095,107.01739087246207,90.95664742328057,2023-02-20,0,2,0,57,14,6,1.1732050807568877
0,beverages,81.68886881742095,107.01739087246207,102.65834607416177,2023-02-21,1,2,0,49,27,1,1.1732050807568877
0,beverages,81.68886881742095,107.01739087246207,96.23639686464969,2023-02-22,2,2,0,80,18,3,1.1732050807568877
0,beverages,81.68886881742095,107.01739087246207,91.7123141368266,2023-02-23,3,2,0,25,23,3,1.1732050807568877
0,beverages,81.68886881742095,107.01739087246207,106.02044550142114,2023-02-24,4,2,0,112,24,1,1.1732050807568877
0,beverages,81.68886881742095,107.01739087246207,87.37397404416959,2023-02-25,5,2,1,179,13,7,1.1732050807568877
0,beverages,81.68886881742095,107.01739087246207,96.08263605729263,2023-02-26,6,2,1,37,12,9,1.1732050807568877
0,beverages,81.68886881742095,107.01739087246207,91.17278479999388,2023-02-27,0,2,0,149,21,10,1.1732050807568877
0,beverages,81.68886881742095,107.01739087246207,100.58076945530948,2023-02-28,1,2,0,62,13,6,1.1732050807568877
0,beverages,81.68886881742095,107.01739087246207,102.98342490124871,2023-03-01,2,3,0,172,19,8,1.2
0,beverages,81.68886881742095,107.01739087246207,96.63631037845208,2023-03-02,3,3,0,76,24,4,1.2
0,beverages,81.68886881742095,107.01739087246207,102.6791942883728,2023-03-03,4,3,0,134,7,7,1.2
0,beverages,81.68886881742095,107.01739087246207,98.07076360543792,2023-03-04,5,3,1,51,19,7,1.2
0,beverages,81.68886881742095,107.01739087246207,106.6316172761675,2023-03-05,6,3,1,169,20,10,1.2
0,beverages,81.68886881742095,107.01739087246207,91.08967183439404,2023-03-06,0,3,0,189,8,6,1.2
0,beverages,81.68886881742095,107.01739087246207,103.36062645699019,2023-03-07,1,3,0,79,21,12,1.2
0,beverages,81.68886881742095,107.01739087246207,95.48748929913523,2023-03-08,2,3,0,25,12,13,1.2
0,beverages,81.68886881742095,107.01739087246207,88.71249623012932,2023-03-09,3,3,0,163,22,13,1.2
0,beverages,81.68886881742095,107.01739087246207,100.95422682879196,2023-03-10,4,3,0,166,24,1,1.2
0,beverages,81.68886881742095,107.01739087246207,91.10261302243664,2023-03-11,5,3,1,136,23,14,1.2
0,beverages,81.68886881742095,107.01739087246207,100.55864300598112,2023-03-12,6,3,1,148,21,10,1.2
0,beverages,81.68886881742095,107.01739087246207,87.76756381254977,2023-03-13,0,3,0,108,23,8,1.2
0,beverages,81.68886881742095,107.01739087246207,99.33278293101316,2023-03-14,1,3,0,88,18,6,1.2
0,beverages,81.68886881742095,107.01739087246207,89.14360986386791,2023-03-15,2,3,0,105,11,9,1.2
0,beverages,81.68886881742095,107.01739087246207,87.72349882914014,2023-03-16,3,3,0,66,20,1,1.2
0,beverages,81.68886881742095,107.01739087246207,95.64487927032727,2023-03-17,4,3,0,120,9,7,1.2
0,beverages,81.68886881742095,107.01739087246207,105.93703879652337,2023-03-18,5,3,1,119,21,2,1.2
0,beverages,81.68886881742095,107.01739087246207,100.3034923446302,2023-03-19,6,3,1,35,25,8,1.2
0,beverages,81.68886881742095,107.01739087246207,105.83306741917471,2023-03-20,0,3,0,147,18,11,1.2
0,beverages,81.68886881742095,107.01739087246207,88.50318386434182,2023-03-21,1,3,0,198,27,11,1.2
0,beverages,81.68886881742095,107.01739087246207,93.97570704887009,2023-03-22,2,3,0,180,22,8,1.2
0,beverages,81.68886881742095,107.01739087246207,87.28564950261763,2023-03-23,3,3,0,27,20,13,1.2
0,beverages,81.68886881742095,107.01739087246207,86.2677030905678,2023-03-24,4,3,0,181,14,3,1.2
0,beverages,81.68886881742095,107.01739087246207,99.13462353910379,2023-03-25,5,3,1,176,20,8,1.2
0,beverages,81.68886881742095,107.01739087246207,102.84252430837424,2023-03-26,6,3,1,183,18,10,1.2
0,beverages,81.68886881742095,107.01739087246207,101.31649468975863,2023-03-27,0,3,0,55,16,2,1.2
0,beverages,81.68886881742095,107.01739087246207,98.10643489551174,2023-03-28,1,3,0,170,16,14,1.2
0,beverages,81.68886881742095,107.01739087246207,101.49199213254916,2023-03-29,2,3,0,118,9,9,1.2
0,beverages,81.68886881742095,107.01739087246207,97.12460711168617,2023-03-30,3,3,0,103,10,9,1.2
0,beverages,81.68886881742095,107.01739087246207,86.00354817833244,2023-03-31,4,3,0,166,14,12,1.2
0,beverages,81.68886881742095,107.01739087246207,106.09966548002595,2023-04-01,5,4,1,147,16,4,1.1732050807568877
0,beverages,81.68886881742095,107.01739087246207,92.00230494276717,2023-04-02,6,4,1,44,28,4,1.1732050807568877
0,beverages,81.68886881742095,107.01739087246207,101.7568159089653,2023-04-03,0,4,0,170,7,9,1.1732050807568877
0,beverages,81.68886881742095,107.01739087246207,100.7680517901673,2023-04-04,1,4,0,95,20,9,1.1732050807568877
0,beverages,81.68886881742095,107.01739087246207,98.90678539608263,2023-04-05,2,4,0,26,15,14,1.1732050807568877
0,beverages,81.68886881742095,107.01739087246207,87.57561132576431,2023-04-06,3,4,0,102,13,8,1.1732050807568877
0,beverages,81.68886881742095,107.01739087246207,93.64726316830583,2023-04-07,4,4,0,164,22,7,1.1732050807568877
0,beverages,81.68886881742095,107.01739087246207,87.54720804817808,2023-04-08,5,4,1,127,26,6,1.1732050807568877
0,beverages,81.68886881742095,107.01739087246207,91.05722774825202,2023-04-09,6,4,1,38,15,7,1.1732050807568877
0,beverages,81.68886881742095,107.01739087246207,97.91373013162485,2023-04-10,0,4,0,167,14,12,1.1732050807568877
0,beverages,81.68886881742095,107.01739087246207,103.25273517654112,2023-04-11,1,4,0,186,27,1,1.1732050807568877
0,beverages,81.68886881742095,107.01739087246207,95.92192495531124,2023-04-12,2,4,0,172,11,8,1.1732050807568877
0,beverages,81.68886881742095,107.01739087246207,95.04286496712095,2023-04-13,3,4,0,77,18,12,1.1732050807568877
0,beverages,81.68886881742095,107.01739087246207,86.69532191059496,2023-04-14,4,4,0,183,24,3,1.1732050807568877
0,beverages,81.68886881742095,107.01739087246207,87.37584970689139,2023-04-15,5,4,1,66,10,9,1.1732050807568877
0,beverages,81.68886881742095,107.01739087246207,101.43233759978135,2023-04-16,6,4,1,31,27,10,1.1732050807568877
0,beverages,81.68886881742095,107.01739087246207,104.68614607061915,2023-04-17,0,4,0,171,10,12,1.1732050807568877
0,beverages,81.68886881742095,107.01739087246207,94.02171633116963,2023-04-18,1,4,0,79,11,2,1.1732050807568877
0,beverages,81.68886881742095,107.01739087246207,93.42851178906332,2023-04-19,2,4,0,174,5,6,1.1732050807568877
0,beverages,81.68886881742095,107.01739087246207,98.57885794719235,2023-04-20,3,4,0,176,16,13,1.1732050807568877
0,beverages,81.68886881742095,107.01739087246207,103.24735811003451,2023-04-21,4,4,0,101,17,3,1.1732050807568877
0,beverages,81.68886881742095,107.01739087246207,105.58826948434029,2023-04-22,5,4,1,128,10,5,1.1732050807568877
0,beverages,81.68886881742095,107.01739087246207,93.77092961960444,2023-04-23,6,4,1,84,37,2,1.1732050807568877
0,beverages,81.68886881742095,107.01739087246207,93.86498755998001,2023-04-24,0,4,0,105,17,11,1.1732050807568877
0,beverages,81.68886881742095,107.01739087246207,103.58283316569079,2023-04-25,1,4,0,117,11,9,1.1732050807568877
0,beverages,81.68886881742095,107.01739087246207,104.1435423988863,2023-04-26,2,4,0,114,22,5,1.1732050807568877
0,beverages,81.68886881742095,107.01739087246207,97.57294707691679,2023-04-27,3,4,0,72,16,5,1.1732050807568877
0,beverages,81.68886881742095,107.01739087246207,90.12931133655295,2023-04-28,4,4,0,20,11,3,1.1732050807568877
0,beverages,81.68886881742095,107.01739087246207,90.1756727248488,2023-04-29,5,4,1,132,19,8,1.1732050807568877
0,beverages,81.68886881742095,107.01739087246207,100.04026602063485,2023-04-30,6,4,1,181,21,6,1.1732050807568877
0,beverages,81.68886881742095,107.01739087246207,96.82370656813714,2023-05-01,0,5,0,31,27,1,1.1
0,beverages,81.68886881742095,107.01739087246207,94.34493398757883,2023-05-02,1,5,0,131,18,7,1.1
0,beverages,81.68886881742095,107.01739087246207,98.95121713236557,2023-05-03,2,5,0,85,10,11,1.1
0,beverages,81.68886881742095,107.01739087246207,94.10617558833079,2023-05-04,3,5,0,110,20,3,1.1
0,beverages,81.68886881742095,107.01739087246207,93.17167877754952,2023-05-05,4,5,0,185,36,1,1.1
0,beverages,81.68886881742095,107.01739087246207,104.09343468091512,2023-05-06,5,5,1,152,5,13,1.1
0,beverages,81.68886881742095,107.01739087246207,105.45781261013994,2023-05-07,6,5,1,93,18,1,1.1
0,beverages,81.68886881742095,107.01739087246207,96.23852977383915,2023-05-08,0,5,0,145,14,11,1.1
0,beverages,81.68886881742095,107.01739087246207,93.02950795293917,2023-05-09,1,5,0,130,9,9,1.1
0,beverages,81.68886881742095,107.01739087246207,100.59461704046691,2023-05-10,2,5,0,151,18,8,1.1
0,beverages,81.68886881742095,107.01739087246207,94.51867545850806,2023-05-11,3,5,0,115,16,3,1.1
0,beverages,81.68886881742095,107.01739087246207,90.52877941211442,2023-05-12,4,5,0,40,13,5,1.1
0,beverages,81.68886881742095,107.01739087246207,93.15816217855819,2023-05-13,5,5,1,41,14,5,1.1
0,beverages,81.68886881742095,107.01739087246207,104.77013408940104,2023-05-14,6,5,1,196,12,14,1.1
0,beverages,81.68886881742095,107.01739087246207,92.6050417921167,2023-05-15,0,5,0,45,13,9,1.1
0,beverages,81.68886881742095,107.01739087246207,89.10815849058507,2023-05-16,1,5,0,67,9,13,1.1
0,beverages,81.68886881742095,107.01739087246207,104.21956923692692,2023-05-17,2,5,0,27,24,1,1.1
0,beverages,81.68886881742095,107.01739087246207,105.40372803154631,2023-05-18,3,5,0,33,16,10,1.1
0,beverages,81.68886881742095,107.01739087246207,97.0595637007221,2023-05-19,4,5,0,149,7,13,1.1
0,beverages,81.68886881742095,107.01739087246207,101.69821842154039,2023-05-20,5,5,1,37,13,10,1.1
0,beverages,81.68886881742095,107.01739087246207,94.21069193871381,2023-05-21,6,5,1,138,13,5,1.1
0,beverages,81.68886881742095,107.01739087246207,87.6683760301752,2023-05-22,0,5,0,145,10,12,1.1
0,beverages,81.68886881742095,107.01739087246207,93.0584775219302,2023-05-23,1,5,0,44,12,4,1.1
0,beverages,81.68886881742095,107.01739087246207,98.18409203791747,2023-05-24,2,5,0,53,18,8,1.1
0,beverages,81.68886881742095,107.01739087246207,97.76471391008286,2023-05-25,3,5,0,61,10,9,1.1
0,beverages,81.68886881742095,107.01739087246207,90.96436990260365,2023-05-26,4,5,0,78,12,13,1.1
0,beverages,81.68886881742095,107.01739087246207,105.60873476365461,2023-05-27,5,5,1,169,7,5,1.1
0,beverages,81.68886881742095,107.01739087246207,89.7367567840497,2023-05-28,6,5,1,81,8,14,1.1
0,beverages,81.68886881742095,107.01739087246207,104.82426743752538,2023-05-29,0,5,0,150,6,3,1.1
0,beverages,81.68886881742095,107.01739087246207,105.26253678297579,2023-05-30,1,5,0,98,21,6,1.1
0,beverages,81.68886881742095,107.01739087246207,96.19881790467362,2023-05-31,2,5,0,198,23,14,1.1
0,beverages,81.68886881742095,107.01739087246207,91.72121013433517,2023-06-01,3,6,0,63,11,5,1.0
0,beverages,81.68886881742095,107.01739087246207,92.6495794022383,2023-06-02,4,6,0,38,13,4,1.0
0,beverages,81.68886881742095,107.01739087246207,98.74537244330992,2023-06-03,5,6,1,83,15,6,1.0
0,beverages,81.68886881742095,107.01739087246207,89.05260591667391,2023-06-04,6,6,1,119,15,13,1.0
0,beverages,81.68886881742095,107.01739087246207,88.62882822208185,2023-06-05,0,6,0,170,19,10,1.0
0,beverages,81.68886881742095,107.01739087246207,92.62142268251502,2023-06-06,1,6,0,149,12,4,1.0
0,beverages,81.68886881742095,107.01739087246207,98.4271084894103,2023-06-07,2,6,0,171,12,6,1.0
0,beverages,81.68886881742095,107.01739087246207,93.18469713872064,2023-06-08,3,6,0,68,19,5,1.0
0,beverages,81.68886881742095,107.01739087246207,89.62344176340238,2023-06-09,4,6,0,54,30,1,1.0
0,beverages,81.68886881742095,107.01739087246207,97.97746423641307,2023-06-10,5,6,1,83,6,13,1.0
0,beverages,81.68886881742095,107.01739087246207,89.25003197420716,2023-06-11,6,6,1,184,12,5,1.0
0,beverages,81.68886881742095,107.01739087246207,99.23692900836696,2023-06-12,0,6,0,81,13,4,1.0
0,beverages,81.68886881742095,107.01739087246207,95.374543873853,2023-06-13,1,6,0,123,18,14,1.0
0,beverages,81.68886881742095,107.01739087246207,99.0317745261159,2023-06-14,2,6,0,116,7,7,1.0
0,beverages,81.68886881742095,107.01739087246207,94.0899889834539,2023-06-15,3,6,0,72,10,8,1.0
0,beverages,81.68886881742095,107.01739087246207,97.30564568861129,2023-06-16,4,6,0,153,14,3,1.0
0,beverages,81.68886881742095,107.01739087246207,102.64164580078145,2023-06-17,5,6,1,176,24,1,1.0
0,beverages,81.68886881742095,107.01739087246207,104.7632365652501,2023-06-18,6,6,1,183,5,13,1.0
0,beverages,81.68886881742095,107.01739087246207,101.57776578242633,2023-06-19,0,6,0,105,18,2,1.0
0,beverages,81.68886881742095,107.01739087246207,104.39939037186149,2023-06-20,1,6,0,116,15,6,1.0
0,beverages,81.68886881742095,107.01739087246207,102.71111768762633,2023-06-21,2,6,0,24,5,13,1.0
0,beverages,81.68886881742095,107.01739087246207,101.11690260052055,2023-06-22,3,6,0,149,13,11,1.0
0,beverages,81.68886881742095,107.01739087246207,91.12255126068536,2023-06-23,4,6,0,88,12,4,1.0
0,beverages,81.68886881742095,107.01739087246207,105.07250740035053,2023-06-24,5,6,1,57,13,6,1.0
0,beverages,81.68886881742095,107.01739087246207,89.0311215216833,2023-06-25,6,6,1,160,15,8,1.0
0,beverages,81.68886881742095,107.01739087246207,98.76309410483292,2023-06-26,0,6,0,130,17,8,1.0
0,beverages,81.68886881742095,107.01739087246207,100.57301712735905,2023-06-27,1,6,0,139,16,5,1.0
0,beverages,81.68886881742095,107.01739087246207,89.01386367769284,2023-06-28,2,6,0,111,5,10,1.0
0,beverages,81.68886881742095,107.01739087246207,89.28964299279227,2023-06-29,3,6,0,183,18,6,1.0
1,dairy,88.29067258559155,133.43394371870735,116.78710822979274,2023-01-01,6,1,1,168,19,9,1.1
1,dairy,88.29067258559155,133.43394371870735,117.29402200612189,2023-01-02,0,1,0,54,12,4,1.1
1,dairy,88.29067258559155,133.43394371870735,130.1697641571759,2023-01-03,1,1,0,149,8,7,1.1
1,dairy,88.29067258559155,133.43394371870735,101.85307709048926,2023-01-04,2,1,0,127,11,11,1.1
1,dairy,88.29067258559155,133.43394371870735,99.8892254873758,2023-01-05,3,1,0,199,8,6,1.1
1,dairy,88.29067258559155,133.43394371870735,104.01098130332677,2023-01-06,4,1,0,173,7,12,1.1
1,dairy,88.29067258559155,133.43394371870735,113.68757989450289,2023-01-07,5,1,1,100,18,4,1.1
1,dairy,88.29067258559155,133.43394371870735,114.49792034357154,2023-01-08,6,1,1,123,20,1,1.1
1,dairy,88.29067258559155,133.43394371870735,105.32854592761123,2023-01-09,0,1,0,198,16,11,1.1
1,dairy,88.29067258559155,133.43394371870735,118.15968913767438,2023-01-10,1,1,0,49,9,8,1.1
1,dairy,88.29067258559155,133.43394371870735,104.6812747692618,2023-01-11,2,1,0,134,14,2,1.1
1,dairy,88.29067258559155,133.43394371870735,115.49865036528347,2023-01-12,3,1,0,82,5,4,1.1
1,dairy,88.29067258559155,133.43394371870735,127.80464655771115,2023-01-13,4,1,0,122,12,3,1.1
1,dairy,88.29067258559155,133.43394371870735,109.35243297837357,2023-01-14,5,1,1,106,6,7,1.1
1,dairy,88.29067258559155,133.43394371870735,121.86585118363334,2023-01-15,6,1,1,112,4,8,1.1
1,dairy,88.29067258559155,133.43394371870735,120.07054939963608,2023-01-16,0,1,0,91,8,6,1.1
1,dairy,88.29067258559155,133.43394371870735,115.89792177312184,2023-01-17,1,1,0,70,25,1,1.1
1,dairy,88.29067258559155,133.43394371870735,132.97488123762207,2023-01-18,2,1,0,51,15,8,1.1
1,dairy,88.29067258559155,133.43394371870735,131.91269761853943,2023-01-19,3,1,0,184,8,6,1.1
1,dairy,88.29067258559155,133.43394371870735,93.23475814458484,2023-01-20,4,1,0,26,16,1,1.1
1,dairy,88.29067258559155,133.43394371870735,93.7858293818462,2023-01-21,5,1,1,144,25,3,1.1
1,dairy,88.29067258559155,133.43394371870735,125.99865046511704,2023-01-22,6,1,1,167,8,11,1.1
1,dairy,88.29067258559155,133.43394371870735,108.16959863931518,2023-01-23,0,1,0,138,20,12,1.1
1,dairy,88.29067258559155,133.43394371870735,107.47987728416469,2023-01-24,1,1,0,72,7,12,1.1
1,dairy,88.29067258559155,133.43394371870735,132.39728596423737,2023-01-25,2,1,0,127,6,8,1.1
1,dairy,88.29067258559155,133.43394371870735,111.89110738476327,2023-01-26,3,1,0,133,15,3,1.1
1,dairy,88.29067258559155,133.43394371870735,122.91317907638286,2023-01-27,4,1,0,44,5,7,1.1
1,dairy,88.29067258559155,133.43394371870735,98.09264929579673,2023-01-28,5,1,1,48,23,13,1.1
1,dairy,88.29067258559155,133.43394371870735,120.53042217089767,2023-01-29,6,1,1,89,19,2,1.1
1,dairy,88.29067258559155,133.43394371870735,95.4411754447533,2023-01-30,0,1,0,184,17,9,1.1
1,dairy,88.29067258559155,133.43394371870735,122.03814811175809,2023-01-31,1,1,0,136,4,10,1.1
1,dairy,88.29067258559155,133.43394371870735,122.52615971528726,2023-02-01,2,2,0,117,11,12,1.1732050807568877
1,dairy,88.29067258559155,133.43394371870735,112.83635611216327,2023-02-02,3,2,0,157,20,13,1.1732050807568877
1,dairy,88.29067258559155,133.43394371870735,109.89420210146446,2023-02-03,4,2,0,149,19,12,1.1732050807568877
1,dairy,88.29067258559155,133.43394371870735,100.21440104654523,2023-02-04,5,2,1,55,11,3,1.1732050807568877
1,dairy,88.29067258559155,133.43394371870735,107.19130692104841,2023-02-05,6,2,1,132,10,11,1.1732050807568877
1,dairy,88.29067258559155,133.43394371870735,115.77415213047823,2023-02-06,0,2,0,117,16,7,1.1732050807568877
1,dairy,88.29067258559155,133.43394371870735,101.45945647346923,2023-02-07,1,2,0,55,10,4,1.1732050807568877
1,dairy,88.29067258559155,133.43394371870735,126.97964685133135,2023-02-08,2,2,0,100,18,14,1.1732050807568877
1,dairy,88.29067258559155,133.43394371870735,112.02029307545423,2023-02-09,3,2,0,92,8,9,1.1732050807568877
1,dairy,88.29067258559155,133.43394371870735,109.51776638081007,2023-02-10,4,2,0,80,13,11,1.1732050807568877
1,dairy,88.29067258559155,133.43394371870735,95.87249050075847,2023-02-11,5,2,1,127,27,12,1.1732050807568877
1,dairy,88.29067258559155,133.43394371870735,92.91918761182836,2023-02-12,6,2,1,31,18,3,1.1732050807568877
1,dairy,88.29067258559155,133.43394371870735,113.93712425853303,2023-02-13,0,2,0,31,21,14,1.1732050807568877
1,dairy,88.29067258559155,133.43394371870735,123.59357176736549,2023-02-14,1,2,0,168,27,1,1.1732050807568877
1,dairy,88.29067258559155,133.43394371870735,102.87386901080237,2023-02-15,2,2,0,108,10,12,1.1732050807568877
1,dairy,88.29067258559155,133.43394371870735,132.93167725350338,2023-02-16,3,2,0,128,5,10,1.1732050807568877
1,dairy,88.29067258559155,133.43394371870735,100.05981204622692,2023-02-17,4,2,0,105,11,10,1.1732050807568877
1,dairy,88.29067258559155,133.43394371870735,97.61393868955045,2023-02-18,5,2,1,26,11,9,1.1732050807568877
1,dairy,88.29067258559155,133.43394371870735,125.09847515892585,2023-02-19,6,2,1,135,11,7,1.1732050807568877
1,dairy,88.29067258559155,133.43394371870735,113.98330692660173,2023-02-20,0,2,0,122,29,1,1.1732050807568877
1,dairy,88.29067258559155,133.43394371870735,112.29824940505787,2023-02-21,1,2,0,150,10,5,1.1732050807568877
1,dairy,88.29067258559155,133.43394371870735,110.66788936146145,2023-02-22,2,2,0,127,13,7,1.1732050807568877
1,dairy,88.29067258559155,133.43394371870735,105.68759323548218,2023-02-23,3,2,0,180,16,13,1.1732050807568877
1,dairy,88.29067258559155,133.43394371870735,102.19335151114343,2023-02-24,4,2,0,74,26,3,1.1732050807568877
1,dairy,88.29067258559155,133.43394371870735,125.23863894716166,2023-02-25,5,2,1,58,11,14,1.1732050807568877
1,dairy,88.29067258559155,133.43394371870735,123.95181665076426,2023-02-26,6,2,1,81,11,5,1.1732050807568877
1,dairy,88.29067258559155,133.43394371870735,108.92694852790441,2023-02-27,0,2,0,177,12,9,1.1732050807568877
1,dairy,88.29067258559155,133.43394371870735,113.98675321167032,2023-02-28,1,2,0,84,1,14,1.1732050807568877
1,dairy,88.29067258559155,133.43394371870735,127.439562328104,2023-03-01,2,3,0,165,11,14,1.2
1,dairy,88.29067258559155,133.43394371870735,103.99788591728668,2023-03-02,3,3,0,92,21,1,1.2
1,dairy,88.29067258559155,133.43394371870735,116.67627691349516,2023-03-03,4,3,0,58,21,8,1.2
1,dairy,88.29067258559155,133.43394371870735,117.17496843272802,2023-03-04,5,3,1,81,23,13,1.2
1,dairy,88.29067258559155,133.43394371870735,109.0610622509733,2023-03-05,6,3,1,112,20,6,1.2
1,dairy,88.29067258559155,133.43394371870735,113.58636200129516,2023-03-06,0,3,0,93,6,11,1.2
1,dairy,88.29067258559155,133.43394371870735,124.45669760083777,2023-03-07,1,3,0,25,5,5,1.2
1,dairy,88.29067258559155,133.43394371870735,132.1755328521535,2023-03-08,2,3,0,196,19,9,1.2
1,dairy,88.29067258559155,133.43394371870735,121.05324726484189,2023-03-09,3,3,0,22,8,3,1.2
1,dairy,88.29067258559155,133.43394371870735,101.82101509771647,2023-03-10,4,3,0,108,21,9,1.2
1,dairy,88.29067258559155,133.43394371870735,108.63705693699593,2023-03-11,5,3,1,142,18,12,1.2
1,dairy,88.29067258559155,133.43394371870735,94.51261169521239,2023-03-12,6,3,1,95,27,10,1.2
1,dairy,88.29067258559155,133.43394371870735,96.24806712561218,2023-03-13,0,3,0,143,15,6,1.2
1,dairy,88.29067258559155,133.43394371870735,122.16919413028887,2023-03-14,1,3,0,109,9,2,1.2
1,dairy,88.29067258559155,133.43394371870735,95.805920006993,2023-03-15,2,3,0,100,18,2,1.2
1,dairy,88.29067258559155,133.43394371870735,112.27889077067526,2023-03-16,3,3,0,112,25,3,1.2
1,dairy,88.29067258559155,133.43394371870735,115.74675487398542,2023-03-17,4,3,0,52,11,6,1.2
1,dairy,88.29067258559155,133.43394371870735,128.064299714206,2023-03-18,5,3,1,111,13,1,1.2
1,dairy,88.29067258559155,133.43394371870735,102.42674984451273,2023-03-19,6,3,1,189,21,4,1.2
1,dairy,88.29067258559155,133.43394371870735,123.362404642184,2023-03-20,0,3,0,26,18,5,1.2
1,dairy,88.29067258559155,133.43394371870735,106.35417406257807,2023-03-21,1,3,0,177,9,7,1.2
1,dairy,88.29067258559155,133.43394371870735,126.01997042701049,2023-03-22,2,3,0,96,9,13,1.2
1,dairy,88.29067258559155,133.43394371870735,97.42338024910624,2023-03-23,3,3,0,117,2,12,1.2
1,dairy,88.29067258559155,133.43394371870735,126.04898543220193,2023-03-24,4,3,0,89,19,3,1.2
1,dairy,88.29067258559155,133.43394371870735,106.62922792532869,2023-03-25,5,3,1,79,21,14,1.2
1,dairy,88.29067258559155,133.43394371870735,124.83231872067797,2023-03-26,6,3,1,167,10,4,1.2
1,dairy,88.29067258559155,133.43394371870735,95.44831118281822,2023-03-27,0,3,0,157,11,6,1.2
1,dairy,88.29067258559155,133.43394371870735,117.99431135008126,2023-03-28,1,3,0,69,20,14,1.2
1,dairy,88.29067258559155,133.43394371870735,93.7066002813504,2023-03-29,2,3,0,158,21,1,1.2
1,dairy,88.29067258559155,133.43394371870735,112.60702644989982,2023-03-30,3,3,0,198,12,11,1.2
1,dairy,88.29067258559155,133.43394371870735,133.31682824043844,2023-03-31,4,3,0,118,14,13,1.2
1,dairy,88.29067258559155,133.43394371870735,114.17023228768059,2023-04-01,5,4,1,48,12,13,1.1732050807568877
1,dairy,88.29067258559155,133.43394371870735,102.07500228284914,2023-04-02,6,4,1,46,33,3,1.1732050807568877
1,dairy,88.29067258559155,133.43394371870735,98.8576034370983,2023-04-03,0,4,0,111,25,13,1.1732050807568877
1,dairy,88.29067258559155,133.43394371870735,108.89872408249357,2023-04-04,1,4,0,150,9,11,1.1732050807568877
1,dairy,88.29067258559155,133.43394371870735,129.1207379839076,2023-04-05,2,4,0,34,10,2,1.1732050807568877
1,dairy,88.29067258559155,133.43394371870735,107.71481893164471,2023-04-06,3,4,0,34,12,12,1.1732050807568877
1,dairy,88.29067258559155,133.43394371870735,132.1385021933492,2023-04-07,4,4,0,193,17,9,1.1732050807568877
1,dairy,88.29067258559155,133.43394371870735,127.11216056048724,2023-04-08,5,4,1,150,8,13,1.1732050807568877
1,dairy,88.29067258559155,133.43394371870735,94.02995644137299,2023-04-09,6,4,1,79,20,10,1.1732050807568877
1,dairy,88.29067258559155,133.43394371870735,97.48302065017091,2023-04-10,0,4,0,36,20,14,1.1732050807568877
1,dairy,88.29067258559155,133.43394371870735,110.23102205458468,2023-04-11,1,4,0,185,5,9,1.1732050807568877
1,dairy,88.29067258559155,133.43394371870735,116.74591123972408,2023-04-12,2,4,0,91,22,11,1.1732050807568877
1,dairy,88.29067258559155,133.43394371870735,98.79743694573354,2023-04-13,3,4,0,40,25,2,1.1732050807568877
1,dairy,88.29067258559155,133.43394371870735,122.10677791997426,2023-04-14,4,4,0,30,15,13,1.1732050807568877
1,dairy,88.29067258559155,133.43394371870735,131.50538252693713,2023-04-15,5,4,1,188,15,8,1.1732050807568877
1,dairy,88.29067258559155,133.43394371870735,96.89181107484106,2023-04-16,6,4,1,65,22,6,1.1732050807568877
1,dairy,88.29067258559155,133.43394371870735,121.31571760580198,2023-04-17,0,4,0,187,11,2,1.1732050807568877
1,dairy,88.29067258559155,133.43394371870735,106.98579845786549,2023-04-18,1,4,0,180,6,13,1.1732050807568877
1,dairy,88.29067258559155,133.43394371870735,108.87139014044863,2023-04-19,2,4,0,185,10,7,1.1732050807568877
1,dairy,88.29067258559155,133.43394371870735,94.38255798359106,2023-04-20,3,4,0,191,44,1,1.1732050807568877
1,dairy,88.29067258559155,133.43394371870735,97.76452863247353,2023-04-21,4,4,0,142,20,6,1.1732050807568877
1,dairy,88.29067258559155,133.43394371870735,104.87641458622983,2023-04-22,5,4,1,27,24,8,1.1732050807568877
1,dairy,88.29067258559155,133.43394371870735,125.35857885967448,2023-04-23,6,4,1,81,14,11,1.1732050807568877
1,dairy,88.29067258559155,133.43394371870735,117.03964378888512,2023-04-24,0,4,0,41,16,10,1.1732050807568877
1,dairy,88.29067258559155,133.43394371870735,94.36506950411494,2023-04-25,1,4,0,125,5,14,1.1732050807568877
1,dairy,88.29067258559155,133.43394371870735,124.8686294194485,2023-04-26,2,4,0,51,7,3,1.1732050807568877
1,dairy,88.29067258559155,133.43394371870735,93.55485408110715,2023-04-27,3,4,0,169,27,5,1.1732050807568877
1,dairy,88.29067258559155,133.43394371870735,100.8323183196364,2023-04-28,4,4,0,54,7,13,1.1732050807568877
1,dairy,88.29067258559155,133.43394371870735,93.95364393104717,2023-04-29,5,4,1,116,19,7,1.1732050807568877
1,dairy,88.29067258559155,133.43394371870735,122.95470515921252,2023-04-30,6,4,1,167,14,5,1.1732050807568877
1,dairy,88.29067258559155,133.43394371870735,107.81714659621912,2023-05-01,0,5,0,39,6,12,1.1
1,dairy,88.29067258559155,133.43394371870735,110.56945848817905,2023-05-02,1,5,0,136,19,2,1.1
1,dairy,88.29067258559155,133.43394371870735,128.27863200844973,2023-05-03,2,5,0,181,12,4,1.1
1,dairy,88.29067258559155,133.43394371870735,129.86461342661514,2023-05-04,3,5,0,31,11,3,1.1
1,dairy,88.29067258559155,133.43394371870735,118.42785663688443,2023-05-05,4,5,0,162,12,1,1.1
1,dairy,88.29067258559155,133.43394371870735,100.02347238992044,2023-05-06,5,5,1,191,25,14,1.1
1,dairy,88.29067258559155,133.43394371870735,100.07616901602012,2023-05-07,6,5,1,88,18,6,1.1
1,dairy,88.29067258559155,133.43394371870735,110.84192705495354,2023-05-08,0,5,0,103,8,2,1.1
1,dairy,88.29067258559155,133.43394371870735,119.26536270223008,2023-05-09,1,5,0,108,13,9,1.1
1,dairy,88.29067258559155,133.43394371870735,108.86065812389845,2023-05-10,2,5,0,170,21,11,1.1
1,dairy,88.29067258559155,133.43394371870735,110.70830090497071,2023-05-11,3,5,0,99,10,10,1.1
1,dairy,88.29067258559155,133.43394371870735,111.01007891463384,2023-05-12,4,5,0,27,19,11,1.1
1,dairy,88.29067258559155,133.43394371870735,102.99034396344683,2023-05-13,5,5,1,137,12,4,1.1
1,dairy,88.29067258559155,133.43394371870735,114.43447337556871,2023-05-14,6,5,1,68,35,1,1.1
1,dairy,88.29067258559155,133.43394371870735,110.8852376486249,2023-05-15,0,5,0,130,7,6,1.1
1,dairy,88.29067258559155,133.43394371870735,95.03028179145211,2023-05-16,1,5,0,56,6,4,1.1
1,dairy,88.29067258559155,133.43394371870735,118.77171905284818,2023-05-17,2,5,0,54,11,6,1.1
1,dairy,88.29067258559155,133.43394371870735,108.88995072557768,2023-05-18,3,5,0,62,20,14,1.1
1,dairy,88.29067258559155,133.43394371870735,118.73575439562677,2023-05-19,4,5,0,58,16,8,1.1
1,dairy,88.29067258559155,133.43394371870735,98.39302551192236,2023-05-20,5,5,1,147,12,14,1.1
1,dairy,88.29067258559155,133.43394371870735,121.40596402437511,2023-05-21,6,5,1,143,9,7,1.1
1,dairy,88.29067258559155,133.43394371870735,99.0655624570014,2023-05-22,0,5,0,121,21,5,1.1
1,dairy,88.29067258559155,133.43394371870735,103.10351864355209,2023-05-23,1,5,0,74,21,7,1.1
1,dairy,88.29067258559155,133.43394371870735,117.86934427849602,2023-05-24,2,5,0,155,19,8,1.1
1,dairy,88.29067258559155,133.43394371870735,97.31202634514727,2023-05-25,3,5,0,108,21,14,1.1
1,dairy,88.29067258559155,133.43394371870735,126.38131006753716,2023-05-26,4,5,0,67,13,5,1.1
1,dairy,88.29067258559155,133.43394371870735,106.9021716087189,2023-05-27,5,5,1,82,22,9,1.1
1,dairy,88.29067258559155,133.43394371870735,97.14910376619858,2023-05-28,6,5,1,117,20,13,1.1
1,dairy,88.29067258559155,133.43394371870735,130.4067734157196,2023-05-29,0,5,0,38,15,6,1.1
1,dairy,88.29067258559155,133.43394371870735,128.09443170943214,2023-05-30,1,5,0,148,9,8,1.1
1,dairy,88.29067258559155,133.43394371870735,119.14119761330002,2023-05-31,2,5,0,162,20,1,1.1
1,dairy,88.29067258559155,133.43394371870735,108.53068712650006,2023-06-01,3,6,0,180,20,1,1.0
1,dairy,88.29067258559155,133.43394371870735,110.80584944757337,2023-06-02,4,6,0,121,13,10,1.0
1,dairy,88.29067258559155,133.43394371870735,123.63234202186848,2023-06-03,5,6,1,28,13,3,1.0
1,dairy,88.29067258559155,133.43394371870735,131.45772671203545,2023-06-04,6,6,1,175,13,5,1.0
1,dairy,88.29067258559155,133.43394371870735,112.12041108708901,2023-06-05,0,6,0,62,16,7,1.0
1,dairy,88.29067258559155,133.43394371870735,121.9534524819474,2023-06-06,1,6,0,142,5,11,1.0
1,dairy,88.29067258559155,133.43394371870735,102.62193275895842,2023-06-07,2,6,0,70,21,4,1.0
1,dairy,88.29067258559155,133.43394371870735,107.0263543438477,2023-06-08,3,6,0,53,9,14,1.0
1,dairy,88.29067258559155,133.43394371870735,105.22073853391689,2023-06-09,4,6,0,175,13,3,1.0
1,dairy,88.29067258559155,133.43394371870735,96.35557385574256,2023-06-10,5,6,1,177,16,2,1.0
1,dairy,88.29067258559155,133.43394371870735,127.70812646604742,2023-06-11,6,6,1,58,7,13,1.0
1,dairy,88.29067258559155,133.43394371870735,104.73151814710697,2023-06-12,0,6,0,189,8,13,1.0
1,dairy,88.29067258559155,133.43394371870735,125.5322652047112,2023-06-13,1,6,0,148,5,12,1.0
1,dairy,88.29067258559155,133.43394371870735,118.49266239163288,2023-06-14,2,6,0,142,11,13,1.0
1,dairy,88.29067258559155,133.43394371870735,101.99460737651403,2023-06-15,3,6,0,28,7,10,1.0
1,dairy,88.29067258559155,133.43394371870735,107.39901544432449,2023-06-16,4,6,0,189,12,8,1.0
1,dairy,88.29067258559155,133.43394371870735,105.00774910437754,2023-06-17,5,6,1,171,25,3,1.0
1,dairy,88.29067258559155,133.43394371870735,120.0514853337835,2023-06-18,6,6,1,108,22,2,1.0
1,dairy,88.29067258559155,133.43394371870735,98.93604328115681,2023-06-19,0,6,0,68,19,3,1.0
1,dairy,88.29067258559155,133.43394371870735,111.96549895081814,2023-06-20,1,6,0,168,10,1,1.0
1,dairy,88.29067258559155,133.43394371870735,101.1029083864649,2023-06-21,2,6,0,30,7,10,1.0
1,dairy,88.29067258559155,133.43394371870735,118.44639904335622,2023-06-22,3,6,0,172,13,2,1.0
1,dairy,88.29067258559155,133.43394371870735,110.73650934332906,2023-06-23,4,6,0,144,16,7,1.0
1,dairy,88.29067258559155,133.43394371870735,93.34957930841564,2023-06-24,5,6,1,43,18,12,1.0
1,dairy,88.29067258559155,133.43394371870735,129.58608778488224,2023-06-25,6,6,1,128,10,14,1.0
1,dairy,88.29067258559155,133.43394371870735,118.98704662134918,2023-06-26,0,6,0,183,8,3,1.0
1,dairy,88.29067258559155,133.43394371870735,117.84118211576683,2023-06-27,1,6,0,32,24,1,1.0
1,dairy,88.29067258559155,133.43394371870735,119.97727539927327,2023-06-28,2,6,0,191,13,11,1.0
1,dairy,88.29067258559155,133.43394371870735,120.40612110476083,2023-06-29,3,6,0,63,6,13,1.0
2,snacks,70.25382596783712,126.20984736400973,108.47556837114772,2023-01-01,6,1,1,54,17,2,1.1
2,snacks,70.25382596783712,126.20984736400973,78.42177501734247,2023-01-02,0,1,0,96,13,13,1.1
2,snacks,70.25382596783712,126.20984736400973,84.30414902834058,2023-01-03,1,1,0,125,7,14,1.1
2,snacks,70.25382596783712,126.20984736400973,80.05074917432803,2023-01-04,2,1,0,134,5,8,1.1
2,snacks,70.25382596783712,126.20984736400973,112.42670314784012,2023-01-05,3,1,0,127,30,1,1.1
2,snacks,70.25382596783712,126.20984736400973,78.44049927946648,2023-01-06,4,1,0,51,29,1,1.1
2,snacks,70.25382596783712,126.20984736400973,100.34681245243209,2023-01-07,5,1,1,161,10,4,1.1
2,snacks,70.25382596783712,126.20984736400973,78.36279476544117,2023-01-08,6,1,1,94,15,3,1.1
2,snacks,70.25382596783712,126.20984736400973,97.21930771849024,2023-01-09,0,1,0,74,19,6,1.1
2,snacks,70.25382596783712,126.20984736400973,118.41807737874407,2023-01-10,1,1,0,31,9,1,1.1
2,snacks,70.25382596783712,126.20984736400973,116.6363021669672,2023-01-11,2,1,0,54,14,14,1.1
2,snacks,70.25382596783712,126.20984736400973,115.19834422477395,2023-01-12,3,1,0,199,5,14,1.1
2,snacks,70.25382596783712,126.20984736400973,94.90013980407304,2023-01-13,4,1,0,85,14,11,1.1
2,snacks,70.25382596783712,126.20984736400973,107.38122750191047,2023-01-14,5,1,1,44,9,2,1.1
2,snacks,70.25382596783712,126.20984736400973,118.9734273091197,2023-01-15,6,1,1,183,6,14,1.1
2,snacks,70.25382596783712,126.20984736400973,117.04279350874562,2023-01-16,0,1,0,160,5,5,1.1
2,snacks,70.25382596783712,126.20984736400973,98.84670200092872,2023-01-17,1,1,0,44,5,4,1.1
2,snacks,70.25382596783712,126.20984736400973,104.93310327199801,2023-01-18,2,1,0,50,16,14,1.1
2,snacks,70.25382596783712,126.20984736400973,88.33278979903618,2023-01-19,3,1,0,153,2,13,1.1
2,snacks,70.25382596783712,126.20984736400973,94.03381072900414,2023-01-20,4,1,0,24,11,3,1.1
2,snacks,70.25382596783712,126.20984736400973,84.87167302114997,2023-01-21,5,1,1,145,17,11,1.1
2,snacks,70.25382596783712,126.20984736400973,96.3348319196766,2023-01-22,6,1,1,156,10,3,1.1
2,snacks,70.25382596783712,126.20984736400973,114.81370409720046,2023-01-23,0,1,0,134,12,7,1.1
2,snacks,70.25382596783712,126.20984736400973,126.03661938026019,2023-01-24,1,1,0,36,9,5,1.1
2,snacks,70.25382596783712,126.20984736400973,89.82747699478182,2023-01-25,2,1,0,71,12,4,1.1
2,snacks,70.25382596783712,126.20984736400973,120.26299479216863,2023-01-26,3,1,0,81,6,13,1.1
2,snacks,70.25382596783712,126.20984736400973,101.32572962403985,2023-01-27,4,1,0,33,14,7,1.1
2,snacks,70.25382596783712,126.20984736400973,74.77302417498852,2023-01-28,5,1,1,98,19,5,1.1
2,snacks,70.25382596783712,126.20984736400973,80.95700682338445,2023-01-29,6,1,1,186,11,5,1.1
2,snacks,70.25382596783712,126.20984736400973,79.52144895714895,2023-01-30,0,1,0,158,22,5,1.1
2,snacks,70.25382596783712,126.20984736400973,78.91029442713936,2023-01-31,1,1,0,45,10,14,1.1
2,snacks,70.25382596783712,126.20984736400973,98.7304931572433,2023-02-01,2,2,0,199,9,13,1.1732050807568877
2,snacks,70.25382596783712,126.20984736400973,114.93539900689473,2023-02-02,3,2,0,160,27,1,1.1732050807568877
2,snacks,70.25382596783712,126.20984736400973,109.85459280926484,2023-02-03,4,2,0,79,10,13,1.1732050807568877
2,snacks,70.25382596783712,126.20984736400973,122.55553763997824,2023-02-04,5,2,1,40,14,12,1.1732050807568877
2,snacks,70.25382596783712,126.20984736400973,107.15559557137298,2023-02-05,6,2,1,98,12,1,1.1732050807568877
2,snacks,70.25382596783712,126.20984736400973,100.95356028643889,2023-02-06,0,2,0,88,11,12,1.1732050807568877
2,snacks,70.25382596783712,126.20984736400973,78.21329295337536,2023-02-07,1,2,0,62,13,1,1.1732050807568877
2,snacks,70.25382596783712,126.20984736400973,77.50345736211013,2023-02-08,2,2,0,171,41,1,1.1732050807568877
2,snacks,70.25382596783712,126.20984736400973,89.31783064143478,2023-02-09,3,2,0,158,23,4,1.1732050807568877
2,snacks,70.25382596783712,126.20984736400973,108.4509945395657,2023-02-10,4,2,0,47,8,3,1.1732050807568877
2,snacks,70.25382596783712,126.20984736400973,113.85276510884295,2023-02-11,5,2,1,83,3,10,1.1732050807568877
2,snacks,70.25382596783712,126.20984736400973,78.07587314838032,2023-02-12,6,2,1,100,21,8,1.1732050807568877
2,snacks,70.25382596783712,126.20984736400973,84.55344225445926,2023-02-13,0,2,0,68,21,4,1.1732050807568877
2,snacks,70.25382596783712,126.20984736400973,114.39089232910837,2023-02-14,1,2,0,188,9,9,1.1732050807568877
2,snacks,70.25382596783712,126.20984736400973,125.1594247348261,2023-02-15,2,2,0,137,11,13,1.1732050807568877
2,snacks,70.25382596783712,126.20984736400973,112.9979659523483,2023-02-16,3,2,0,51,4,12,1.1732050807568877
2,snacks,70.25382596783712,126.20984736400973,93.48483650783972,2023-02-17,4,2,0,97,11,12,1.1732050807568877
2,snacks,70.25382596783712,126.20984736400973,82.35064089813339,2023-02-18,5,2,1,177,11,4,1.1732050807568877
2,snacks,70.25382596783712,126.20984736400973,107.634986895022,2023-02-19,6,2,1,141,18,14,1.1732050807568877
2,snacks,70.25382596783712,126.20984736400973,118.16054816266781,2023-02-20,0,2,0,194,16,2,1.1732050807568877
2,snacks,70.25382596783712,126.20984736400973,83.23749939221236,2023-02-21,1,2,0,105,27,6,1.1732050807568877
2,snacks,70.25382596783712,126.20984736400973,122.92626906725783,2023-02-22,2,2,0,48,6,13,1.1732050807568877
2,snacks,70.25382596783712,126.20984736400973,116.65390326903926,2023-02-23,3,2,0,114,5,3,1.1732050807568877
2,snacks,70.25382596783712,126.20984736400973,91.72225531081467,2023-02-24,4,2,0,41,18,11,1.1732050807568877
2,snacks,70.25382596783712,126.20984736400973,79.32187659242715,2023-02-25,5,2,1,42,11,13,1.1732050807568877
2,snacks,70.25382596783712,126.20984736400973,104.03538006363284,2023-02-26,6,2,1,44,8,5,1.1732050807568877
2,snacks,70.25382596783712,126.20984736400973,86.7031783864822,2023-02-27,0,2,0,24,24,3,1.1732050807568877
2,snacks,70.25382596783712,126.20984736400973,78.96774708135192,2023-02-28,1,2,0,83,20,10,1.1732050807568877
2,snacks,70.25382596783712,126.20984736400973,116.51403977230268,2023-03-01,2,3,0,174,10,2,1.2
2,snacks,70.25382596783712,126.20984736400973,114.8711685479253,2023-03-02,3,3,0,183,16,6,1.2
2,snacks,70.25382596783712,126.20984736400973,74.34505185450685,2023-03-03,4,3,0,140,29,2,1.2
2,snacks,70.25382596783712,126.20984736400973,109.3429618045651,2023-03-04,5,3,1,163,23,3,1.2
2,snacks,70.25382596783712,126.20984736400973,80.30693772066644,2023-03-05,6,3,1,130,14,13,1.2
2,snacks,70.25382596783712,126.20984736400973,114.6932803349547,2023-03-06,0,3,0,173,13,5,1.2
2,snacks,70.25382596783712,126.20984736400973,94.86589147345703,2023-03-07,1,3,0,90,12,4,1.2
2,snacks,70.25382596783712,126.20984736400973,111.70427218354183,2023-03-08,2,3,0,99,16,10,1.2
2,snacks,70.25382596783712,126.20984736400973,109.24274859875592,2023-03-09,3,3,0,101,12,3,1.2
2,snacks,70.25382596783712,126.20984736400973,117.03485583128128,2023-03-10,4,3,0,68,7,14,1.2
2,snacks,70.25382596783712,126.20984736400973,125.26425166664671,2023-03-11,5,3,1,136,14,4,1.2
2,snacks,70.25382596783712,126.20984736400973,96.85201862472108,2023-03-12,6,3,1,113,19,7,1.2
2,snacks,70.25382596783712,126.20984736400973,77.04643991645797,2023-03-13,0,3,0,66,17,11,1.2
2,snacks,70.25382596783712,126.20984736400973,89.47033213259326,2023-03-14,1,3,0,180,26,1,1.2
2,snacks,70.25382596783712,126.20984736400973,109.73798847168536,2023-03-15,2,3,0,66,14,14,1.2
2,snacks,70.25382596783712,126.20984736400973,112.57386761104655,2023-03-16,3,3,0,109,4,5,1.2
2,snacks,70.25382596783712,126.20984736400973,75.1403598992514,2023-03-17,4,3,0,132,19,14,1.2
2,snacks,70.25382596783712,126.20984736400973,88.08725989370154,2023-03-18,5,3,1,100,14,11,1.2
2,snacks,70.25382596783712,126.20984736400973,117.92031722989374,2023-03-19,6,3,1,184,18,4,1.2
2,snacks,70.25382596783712,126.20984736400973,97.79536341389877,2023-03-20,0,3,0,24,8,4,1.2
2,snacks,70.25382596783712,126.20984736400973,99.80259335992258,2023-03-21,1,3,0,148,15,8,1.2
2,snacks,70.25382596783712,126.20984736400973,113.91256292212884,2023-03-22,2,3,0,193,7,12,1.2
2,snacks,70.25382596783712,126.20984736400973,98.52293844292387,2023-03-23,3,3,0,177,5,8,1.2
2,snacks,70.25382596783712,126.20984736400973,88.56534717369158,2023-03-24,4,3,0,154,10,3,1.2
2,snacks,70.25382596783712,126.20984736400973,118.07008853649492,2023-03-25,5,3,1,89,3,12,1.2
2,snacks,70.25382596783712,126.20984736400973,118.50537798937809,2023-03-26,6,3,1,126,11,4,1.2
2,snacks,70.25382596783712,126.20984736400973,90.2961053644992,2023-03-27,0,3,0,26,23,6,1.2
2,snacks,70.25382596783712,126.20984736400973,74.91100886718081,2023-03-28,1,3,0,167,14,8,1.2
2,snacks,70.25382596783712,126.20984736400973,112.09320237509206,2023-03-29,2,3,0,77,7,5,1.2
2,snacks,70.25382596783712,126.20984736400973,108.07361183291803,2023-03-30,3,3,0,184,10,8,1.2
2,snacks,70.25382596783712,126.20984736400973,124.49789662010699,2023-03-31,4,3,0,188,9,1,1.2
2,snacks,70.25382596783712,126.20984736400973,85.58288740028014,2023-04-01,5,4,1,90,17,6,1.1732050807568877
2,snacks,70.25382596783712,126.20984736400973,118.87510713475731,2023-04-02,6,4,1,62,16,9,1.1732050807568877
2,snacks,70.25382596783712,126.20984736400973,102.54944411102159,2023-04-03,0,4,0,117,8,6,1.1732050807568877
2,snacks,70.25382596783712,126.20984736400973,81.15890954281335,2023-04-04,1,4,0,41,20,9,1.1732050807568877
2,snacks,70.25382596783712,126.20984736400973,98.01083597452256,2023-04-05,2,4,0,131,16,3,1.1732050807568877
2,snacks,70.25382596783712,126.20984736400973,100.64386285167848,2023-04-06,3,4,0,78,19,10,1.1732050807568877
2,snacks,70.25382596783712,126.20984736400973,115.40598205595964,2023-04-07,4,4,0,68,18,7,1.1732050807568877
2,snacks,70.25382596783712,126.20984736400973,113.31443527432128,2023-04-08,5,4,1,162,7,8,1.1732050807568877
2,snacks,70.25382596783712,126.20984736400973,108.35967787025841,2023-04-09,6,4,1,135,9,12,1.1732050807568877
2,snacks,70.25382596783712,126.20984736400973,113.13727261593995,2023-04-10,0,4,0,132,8,2,1.1732050807568877
2,snacks,70.25382596783712,126.20984736400973,98.09662360311606,2023-04-11,1,4,0,63,18,1,1.1732050807568877
2,snacks,70.25382596783712,126.20984736400973,97.45500266131371,2023-04-12,2,4,0,142,11,2,1.1732050807568877
2,snacks,70.25382596783712,126.20984736400973,96.89781005831541,2023-04-13,3,4,0,30,7,8,1.1732050807568877
2,snacks,70.25382596783712,126.20984736400973,113.49138979332952,2023-04-14,4,4,0,104,13,8,1.1732050807568877
2,snacks,70.25382596783712,126.20984736400973,94.53252747304037,2023-04-15,5,4,1,195,16,14,1.1732050807568877
2,snacks,70.25382596783712,126.20984736400973,115.3677841210737,2023-04-16,6,4,1,26,10,3,1.1732050807568877
2,snacks,70.25382596783712,126.20984736400973,120.81795670465655,2023-04-17,0,4,0,126,9,8,1.1732050807568877
2,snacks,70.25382596783712,126.20984736400973,92.83979586210859,2023-04-18,1,4,0,179,18,12,1.1732050807568877
2,snacks,70.25382596783712,126.20984736400973,90.18977513451122,2023-04-19,2,4,0,129,21,6,1.1732050807568877
2,snacks,70.25382596783712,126.20984736400973,90.53091048122043,2023-04-20,3,4,0,148,19,13,1.1732050807568877
2,snacks,70.25382596783712,126.20984736400973,108.79446624239691,2023-04-21,4,4,0,32,8,2,1.1732050807568877
2,snacks,70.25382596783712,126.20984736400973,82.27457731856676,2023-04-22,5,4,1,46,22,5,1.1732050807568877
2,snacks,70.25382596783712,126.20984736400973,101.42510974265332,2023-04-23,6,4,1,44,24,4,1.1732050807568877
2,snacks,70.25382596783712,126.20984736400973,83.59502371480531,2023-04-24,0,4,0,28,23,4,1.1732050807568877
2,snacks,70.25382596783712,126.20984736400973,79.57453454190711,2023-04-25,1,4,0,79,23,12,1.1732050807568877
2,snacks,70.25382596783712,126.20984736400973,90.23691120880427,2023-04-26,2,4,0,150,12,12,1.1732050807568877
2,snacks,70.25382596783712,126.20984736400973,82.87915385336306,2023-04-27,3,4,0,40,19,12,1.1732050807568877
2,snacks,70.25382596783712,126.20984736400973,81.21200118990353,2023-04-28,4,4,0,60,16,3,1.1732050807568877
2,snacks,70.25382596783712,126.20984736400973,113.03746404150766,2023-04-29,5,4,1,42,18,6,1.1732050807568877
2,snacks,70.25382596783712,126.20984736400973,87.08580544995213,2023-04-30,6,4,1,52,25,4,1.1732050807568877
2,snacks,70.25382596783712,126.20984736400973,79.34353640608859,2023-05-01,0,5,0,187,7,8,1.1
2,snacks,70.25382596783712,126.20984736400973,85.68056976668078,2023-05-02,1,5,0,106,19,3,1.1
2,snacks,70.25382596783712,126.20984736400973,100.65183971161129,2023-05-03,2,5,0,57,7,5,1.1
2,snacks,70.25382596783712,126.20984736400973,122.97434659246099,2023-05-04,3,5,0,164,9,7,1.1
2,snacks,70.25382596783712,126.20984736400973,76.86559765036478,2023-05-05,4,5,0,134,34,1,1.1
2,snacks,70.25382596783712,126.20984736400973,85.65701358108288,2023-05-06,5,5,1,91,10,14,1.1
2,snacks,70.25382596783712,126.20984736400973,124.99317933393417,2023-05-07,6,5,1,97,8,11,1.1
2,snacks,70.25382596783712,126.20984736400973,118.78081315928792,2023-05-08,0,5,0,102,14,14,1.1
2,snacks,70.25382596783712,126.20984736400973,113.30679025770627,2023-05-09,1,5,0,47,19,4,1.1
2,snacks,70.25382596783712,126.20984736400973,106.71341587326089,2023-05-10,2,5,0,140,16,12,1.1
2,snacks,70.25382596783712,126.20984736400973,97.35774067084844,2023-05-11,3,5,0,139,6,6,1.1
2,snacks,70.25382596783712,126.20984736400973,76.1853905759741,2023-05-12,4,5,0,180,10,8,1.1
2,snacks,70.25382596783712,126.20984736400973,117.00786838384751,2023-05-13,5,5,1,72,10,3,1.1
2,snacks,70.25382596783712,126.20984736400973,77.14865429277458,2023-05-14,6,5,1,27,27,2,1.1
2,snacks,70.25382596783712,126.20984736400973,104.87703188849432,2023-05-15,0,5,0,188,6,8,1.1
2,snacks,70.25382596783712,126.20984736400973,115.4368482246295,2023-05-16,1,5,0,177,10,12,1.1
2,snacks,70.25382596783712,126.20984736400973,125.97057551956482,2023-05-17,2,5,0,69,7,5,1.1
2,snacks,70.25382596783712,126.20984736400973,78.68870583630166,2023-05-18,3,5,0,156,23,4,1.1
2,snacks,70.25382596783712,126.20984736400973,77.15891337584301,2023-05-19,4,5,0,84,11,8,1.1
2,snacks,70.25382596783712,126.20984736400973,96.55817670070459,2023-05-20,5,5,1,66,10,9,1.1
2,snacks,70.25382596783712,126.20984736400973,82.41047212369877,2023-05-21,6,5,1,169,28,8,1.1
2,snacks,70.25382596783712,126.20984736400973,107.30956284344646,2023-05-22,0,5,0,74,5,7,1.1
2,snacks,70.25382596783712,126.20984736400973,86.04792951433967,2023-05-23,1,5,0,95,18,13,1.1
2,snacks,70.25382596783712,126.20984736400973,98.56681770452532,2023-05-24,2,5,0,124,13,1,1.1
2,snacks,70.25382596783712,126.20984736400973,95.10947946370288,2023-05-25,3,5,0,172,12,2,1.1
2,snacks,70.25382596783712,126.20984736400973,81.10984723586147,2023-05-26,4,5,0,143,21,10,1.1
2,snacks,70.25382596783712,126.20984736400973,91.14345773664597,2023-05-27,5,5,1,118,12,8,1.1
2,snacks,70.25382596783712,126.20984736400973,104.7535735328373,2023-05-28,6,5,1,68,0,14,1.1
2,snacks,70.25382596783712,126.20984736400973,117.46843952160413,2023-05-29,0,5,0,167,2,12,1.1
2,snacks,70.25382596783712,126.20984736400973,85.22590063887402,2023-05-30,1,5,0,125,3,11,1.1
2,snacks,70.25382596783712,126.20984736400973,88.33643193757115,2023-05-31,2,5,0,107,10,5,1.1
2,snacks,70.25382596783712,126.20984736400973,119.90944609579745,2023-06-01,3,6,0,60,11,7,1.0
2,snacks,70.25382596783712,126.20984736400973,110.59530554728772,2023-06-02,4,6,0,166,3,11,1.0
2,snacks,70.25382596783712,126.20984736400973,95.8885916778865,2023-06-03,5,6,1,95,16,8,1.0
2,snacks,70.25382596783712,126.20984736400973,111.21276694059566,2023-06-04,6,6,1,31,7,13,1.0
2,snacks,70.25382596783712,126.20984736400973,87.2762977577621,2023-06-05,0,6,0,196,16,4,1.0
2,snacks,70.25382596783712,126.20984736400973,79.77063026143449,2023-06-06,1,6,0,180,11,4,1.0
2,snacks,70.25382596783712,126.20984736400973,113.16079558965238,2023-06-07,2,6,0,95,5,10,1.0
2,snacks,70.25382596783712,126.20984736400973,113.09118842964381,2023-06-08,3,6,0,21,13,13,1.0
2,snacks,70.25382596783712,126.20984736400973,74.29783029447728,2023-06-09,4,6,0,70,4,6,1.0
2,snacks,70.25382596783712,126.20984736400973,81.85965405557573,2023-06-10,5,6,1,22,20,4,1.0
2,snacks,70.25382596783712,126.20984736400973,117.24296787102588,2023-06-11,6,6,1,113,18,8,1.0
2,snacks,70.25382596783712,126.20984736400973,110.20846296804675,2023-06-12,0,6,0,31,10,3,1.0
2,snacks,70.25382596783712,126.20984736400973,121.49700845641823,2023-06-13,1,6,0,81,8,1,1.0
2,snacks,70.25382596783712,126.20984736400973,98.23698334529928,2023-06-14,2,6,0,171,7,9,1.0
2,snacks,70.25382596783712,126.20984736400973,94.94826628269139,2023-06-15,3,6,0,192,11,7,1.0
2,snacks,70.25382596783712,126.20984736400973,118.95916338651429,2023-06-16,4,6,0,49,3,12,1.0
2,snacks,70.25382596783712,126.20984736400973,104.14517387417672,2023-06-17,5,6,1,60,5,7,1.0
2,snacks,70.25382596783712,126.20984736400973,104.2989583163783,2023-06-18,6,6,1,76,13,6,1.0
2,snacks,70.25382596783712,126.20984736400973,82.51722190409895,2023-06-19,0,6,0,184,10,7,1.0
2,snacks,70.25382596783712,126.20984736400973,120.44616990142941,2023-06-20,1,6,0,66,2,4,1.0
2,snacks,70.25382596783712,126.20984736400973,74.11843248002974,2023-06-21,2,6,0,145,10,11,1.0
2,snacks,70.25382596783712,126.20984736400973,109.27697849187255,2023-06-22,3,6,0,88,11,8,1.0
2,snacks,70.25382596783712,126.20984736400973,81.13758294116363,2023-06-23,4,6,0,88,4,14,1.0
2,snacks,70.25382596783712,126.20984736400973,100.27426686441939,2023-06-24,5,6,1,94,8,13,1.0
2,snacks,70.25382596783712,126.20984736400973,74.9911789624432,2023-06-25,6,6,1,78,14,13,1.0
2,snacks,70.25382596783712,126.20984736400973,88.93547632184821,2023-06-26,0,6,0,141,8,13,1.0
2,snacks,70.25382596783712,126.20984736400973,97.05805353335298,2023-06-27,1,6,0,37,6,12,1.0
2,snacks,70.25382596783712,126.20984736400973,78.39210833326784,2023-06-28,2,6,0,78,7,14,1.0
2,snacks,70.25382596783712,126.20984736400973,102.15973513580806,2023-06-29,3,6,0,184,8,9,1.0
3,snacks,25.150326032721722,33.90627260762013,32.69564515300553,2023-01-01,6,1,1,150,17,10,1.1
3,snacks,25.150326032721722,33.90627260762013,30.21289352812704,2023-01-02,0,1,0,146,9,12,1.1
3,snacks,25.150326032721722,33.90627260762013,32.63670220929274,2023-01-03,1,1,0,87,9,3,1.1
3,snacks,25.150326032721722,33.90627260762013,27.96233443977923,2023-01-04,2,1,0,36,23,3,1.1
3,snacks,25.150326032721722,33.90627260762013,31.08240844355266,2023-01-05,3,1,0,171,10,10,1.1
3,snacks,25.150326032721722,33.90627260762013,32.800687415873796,2023-01-06,4,1,0,120,20,4,1.1
3,snacks,25.150326032721722,33.90627260762013,27.400427388657402,2023-01-07,5,1,1,110,19,5,1.1
3,snacks,25.150326032721722,33.90627260762013,26.692644438356275,2023-01-08,6,1,1,158,5,7,1.1
3,snacks,25.150326032721722,33.90627260762013,32.363175609765996,2023-01-09,0,1,0,39,18,9,1.1
3,snacks,25.150326032721722,33.90627260762013,30.03263928657897,2023-01-10,1,1,0,115,15,6,1.1
3,snacks,25.150326032721722,33.90627260762013,29.22222747836291,2023-01-11,2,1,0,121,7,11,1.1
3,snacks,25.150326032721722,33.90627260762013,30.24160573810011,2023-01-12,3,1,0,198,24,5,1.1
3,snacks,25.150326032721722,33.90627260762013,29.464084102831382,2023-01-13,4,1,0,198,20,4,1.1
3,snacks,25.150326032721722,33.90627260762013,26.85378574675063,2023-01-14,5,1,1,192,36,1,1.1
3,snacks,25.150326032721722,33.90627260762013,28.645635715810492,2023-01-15,6,1,1,91,17,3,1.1
3,snacks,25.150326032721722,33.90627260762013,33.37581413922819,2023-01-16,0,1,0,190,18,3,1.1
3,snacks,25.150326032721722,33.90627260762013,27.41589477850161,2023-01-17,1,1,0,145,11,5,1.1
3,snacks,25.150326032721722,33.90627260762013,27.987798814146288,2023-01-18,2,1,0,76,7,14,1.1
3,snacks,25.150326032721722,33.90627260762013,33.88993244589607,2023-01-19,3,1,0,27,17,10,1.1
3,snacks,25.150326032721722,33.90627260762013,31.960250978826263,2023-01-20,4,1,0,56,16,13,1.1
3,snacks,25.150326032721722,33.90627260762013,32.173556201514835,2023-01-21,5,1,1,147,19,9,1.1
3,snacks,25.150326032721722,33.90627260762013,27.0722386039418,2023-01-22,6,1,1,28,13,2,1.1
3,snacks,25.150326032721722,33.90627260762013,29.463775335908476,2023-01-23,0,1,0,177,14,6,1.1
3,snacks,25.150326032721722,33.90627260762013,30.734741521662407,2023-01-24,1,1,0,53,20,13,1.1
3,snacks,25.150326032721722,33.90627260762013,30.326346526922933,2023-01-25,2,1,0,35,11,2,1.1
3,snacks,25.150326032721722,33.90627260762013,31.709880981308828,2023-01-26,3,1,0,85,20,2,1.1
3,snacks,25.150326032721722,33.90627260762013,31.408203712750012,2023-01-27,4,1,0,178,14,12,1.1
3,snacks,25.150326032721722,33.90627260762013,27.550075139512302,2023-01-28,5,1,1,74,5,11,1.1
3,snacks,25.150326032721722,33.90627260762013,30.781357972897816,2023-01-29,6,1,1,58,28,1,1.1
3,snacks,25.150326032721722,33.90627260762013,32.10373566723641,2023-01-30,0,1,0,50,24,1,1.1
3,snacks,25.150326032721722,33.90627260762013,32.90848249835188,2023-01-31,1,1,0,93,20,10,1.1
3,snacks,25.150326032721722,33.90627260762013,30.354104673523672,2023-02-01,2,2,0,197,10,12,1.1732050807568877
3,snacks,25.150326032721722,33.90627260762013,28.681321848493813,2023-02-02,3,2,0,98,15,6,1.1732050807568877
3,snacks,25.150326032721722,33.90627260762013,27.59727442174474,2023-02-03,4,2,0,53,31,2,1.1732050807568877
3,snacks,25.150326032721722,33.90627260762013,31.819621074118196,2023-02-04,5,2,1,124,14,12,1.1732050807568877
3,snacks,25.150326032721722,33.90627260762013,30.858053946206745,2023-02-05,6,2,1,106,25,8,1.1732050807568877
3,snacks,25.150326032721722,33.90627260762013,26.43648575806245,2023-02-06,0,2,0,88,18,12,1.1732050807568877
3,snacks,25.150326032721722,33.90627260762013,29.10903125654686,2023-02-07,1,2,0,166,19,9,1.1732050807568877
3,snacks,25.150326032721722,33.90627260762013,28.757459845641954,2023-02-08,2,2,0,119,30,2,1.1732050807568877
3,snacks,25.150326032721722,33.90627260762013,29.23713545284384,2023-02-09,3,2,0,198,8,5,1.1732050807568877
3,snacks,25.150326032721722,33.90627260762013,26.724964067038382,2023-02-10,4,2,0,176,43,1,1.1732050807568877
3,snacks,25.150326032721722,33.90627260762013,27.450992827173327,2023-02-11,5,2,1,168,23,11,1.1732050807568877
3,snacks,25.150326032721722,33.90627260762013,33.65168219222422,2023-02-12,6,2,1,127,20,11,1.1732050807568877
3,snacks,25.150326032721722,33.90627260762013,27.19791385710356,2023-02-13,0,2,0,159,9,5,1.1732050807568877
3,snacks,25.150326032721722,33.90627260762013,29.10765564777191,2023-02-14,1,2,0,67,11,7,1.1732050807568877
3,snacks,25.150326032721722,33.90627260762013,27.974134875599628,2023-02-15,2,2,0,124,16,12,1.1732050807568877
3,snacks,25.150326032721722,33.90627260762013,27.80272282912337,2023-02-16,3,2,0,160,25,4,1.1732050807568877
3,snacks,25.150326032721722,33.90627260762013,29.94921451220446,2023-02-17,4,2,0,119,15,13,1.1732050807568877
3,snacks,25.150326032721722,33.90627260762013,26.67732598237052,2023-02-18,5,2,1,156,29,8,1.1732050807568877
3,snacks,25.150326032721722,33.90627260762013,33.71575107654821,2023-02-19,6,2,1,191,18,5,1.1732050807568877
3,snacks,25.150326032721722,33.90627260762013,29.918263520042583,2023-02-20,0,2,0,84,8,4,1.1732050807568877
3,snacks,25.150326032721722,33.90627260762013,32.58137068718782,2023-02-21,1,2,0,73,12,10,1.1732050807568877
3,snacks,25.150326032721722,33.90627260762013,27.1566867292598,2023-02-22,2,2,0,93,10,14,1.1732050807568877
3,snacks,25.150326032721722,33.90627260762013,26.643456672018985,2023-02-23,3,2,0,150,17,6,1.1732050807568877
3,snacks,25.150326032721722,33.90627260762013,30.870395702047883,2023-02-24,4,2,0,43,12,13,1.1732050807568877
3,snacks,25.150326032721722,33.90627260762013,31.48834578408682,2023-02-25,5,2,1,103,22,7,1.1732050807568877
3,snacks,25.150326032721722,33.90627260762013,32.20354017291245,2023-02-26,6,2,1,123,25,12,1.1732050807568877
3,snacks,25.150326032721722,33.90627260762013,27.309207860260518,2023-02-27,0,2,0,153,7,7,1.1732050807568877
3,snacks,25.150326032721722,33.90627260762013,28.607196500843312,2023-02-28,1,2,0,52,12,7,1.1732050807568877
3,snacks,25.150326032721722,33.90627260762013,26.417992402401342,2023-03-01,2,3,0,62,17,5,1.2
3,snacks,25.150326032721722,33.90627260762013,33.712771443914335,2023-03-02,3,3,0,130,6,3,1.2
3,snacks,25.150326032721722,33.90627260762013,32.25943828387355,2023-03-03,4,3,0,64,8,6,1.2
3,snacks,25.150326032721722,33.90627260762013,33.1523445295571,2023-03-04,5,3,1,176,22,9,1.2
3,snacks,25.150326032721722,33.90627260762013,26.85562226307006,2023-03-05,6,3,1,191,25,10,1.2
3,snacks,25.150326032721722,33.90627260762013,33.83285467888882,2023-03-06,0,3,0,138,16,5,1.2
3,snacks,25.150326032721722,33.90627260762013,30.61666282898878,2023-03-07,1,3,0,41,11,9,1.2
3,snacks,25.150326032721722,33.90627260762013,31.84890729999807,2023-03-08,2,3,0,125,16,9,1.2
3,snacks,25.150326032721722,33.90627260762013,27.5098319649747,2023-03-09,3,3,0,123,17,4,1.2
3,snacks,25.150326032721722,33.90627260762013,31.4627613505287,2023-03-10,4,3,0,84,40,1,1.2
3,snacks,25.150326032721722,33.90627260762013,30.448094112968054,2023-03-11,5,3,1,178,18,9,1.2
3,snacks,25.150326032721722,33.90627260762013,31.58248325812259,2023-03-12,6,3,1,133,14,5,1.2
3,snacks,25.150326032721722,33.90627260762013,32.11480992887318,2023-03-13,0,3,0,80,14,10,1.2
3,snacks,25.150326032721722,33.90627260762013,26.97951679442063,2023-03-14,1,3,0,57,25,14,1.2
3,snacks,25.150326032721722,33.90627260762013,29.653282948077667,2023-03-15,2,3,0,22,16,14,1.2
3,snacks,25.150326032721722,33.90627260762013,30.01708709650441,2023-03-16,3,3,0,127,14,1,1.2
3,snacks,25.150326032721722,33.90627260762013,29.346164446980648,2023-03-17,4,3,0,89,9,9,1.2
3,snacks,25.150326032721722,33.90627260762013,33.5420724272592,2023-03-18,5,3,1,67,19,8,1.2
3,snacks,25.150326032721722,33.90627260762013,28.353998298501892,2023-03-19,6,3,1,108,27,2,1.2
3,snacks,25.150326032721722,33.90627260762013,26.955839331478476,2023-03-20,0,3,0,137,34,2,1.2
3,snacks,25.150326032721722,33.90627260762013,33.21565813469326,2023-03-21,1,3,0,117,34,1,1.2
3,snacks,25.150326032721722,33.90627260762013,30.317971075631327,2023-03-22,2,3,0,181,13,7,1.2
3,snacks,25.150326032721722,33.90627260762013,28.73235524795617,2023-03-23,3,3,0,113,26,1,1.2
3,snacks,25.150326032721722,33.90627260762013,32.26673213479929,2023-03-24,4,3,0,103,18,8,1.2
3,snacks,25.150326032721722,33.90627260762013,32.67208970366482,2023-03-25,5,3,1,55,16,5,1.2
3,snacks,25.150326032721722,33.90627260762013,30.546903126327038,2023-03-26,6,3,1,190,13,5,1.2
3,snacks,25.150326032721722,33.90627260762013,31.873159038088417,2023-03-27,0,3,0,110,11,6,1.2
3,snacks,25.150326032721722,33.90627260762013,26.626569773139366,2023-03-28,1,3,0,127,13,13,1.2
3,snacks,25.150326032721722,33.90627260762013,30.018706485551775,2023-03-29,2,3,0,86,5,4,1.2
3,snacks,25.150326032721722,33.90627260762013,26.652425745653918,2023-03-30,3,3,0,118,28,1,1.2
3,snacks,25.150326032721722,33.90627260762013,33.849601641471416,2023-03-31,4,3,0,112,12,4,1.2
3,snacks,25.150326032721722,33.90627260762013,29.524219169115135,2023-04-01,5,4,1,133,16,1,1.1732050807568877
3,snacks,25.150326032721722,33.90627260762013,26.699755949895987,2023-04-02,6,4,1,141,20,1,1.1732050807568877
3,snacks,25.150326032721722,33.90627260762013,32.907259400551915,2023-04-03,0,4,0,188,12,13,1.1732050807568877
3,snacks,25.150326032721722,33.90627260762013,29.613435008263604,2023-04-04,1,4,0,95,23,10,1.1732050807568877
3,snacks,25.150326032721722,33.90627260762013,27.48622421248796,2023-04-05,2,4,0,66,23,7,1.1732050807568877
3,snacks,25.150326032721722,33.90627260762013,32.25935864631419,2023-04-06,3,4,0,125,16,4,1.1732050807568877
3,snacks,25.150326032721722,33.90627260762013,27.94262186044758,2023-04-07,4,4,0,155,10,9,1.1732050807568877
3,snacks,25.150326032721722,33.90627260762013,31.17716243733803,2023-04-08,5,4,1,87,24,10,1.1732050807568877
3,snacks,25.150326032721722,33.90627260762013,30.208949892506226,2023-04-09,6,4,1,130,22,8,1.1732050807568877
3,snacks,25.150326032721722,33.90627260762013,32.5924565648903,2023-04-10,0,4,0,53,14,9,1.1732050807568877
3,snacks,25.150326032721722,33.90627260762013,26.748295674628103,2023-04-11,1,4,0,135,26,7,1.1732050807568877
3,snacks,25.150326032721722,33.90627260762013,30.397169798085173,2023-04-12,2,4,0,73,2,6,1.1732050807568877
3,snacks,25.150326032721722,33.90627260762013,33.70440108984004,2023-04-13,3,4,0,154,7,7,1.1732050807568877
3,snacks,25.150326032721722,33.90627260762013,26.41889368650721,2023-04-14,4,4,0,66,26,4,1.1732050807568877
3,snacks,25.150326032721722,33.90627260762013,28.08969137951785,2023-04-15,5,4,1,183,21,9,1.1732050807568877
3,snacks,25.150326032721722,33.90627260762013,28.84704521506103,2023-04-16,6,4,1,44,11,11,1.1732050807568877
3,snacks,25.150326032721722,33.90627260762013,27.34781912738891,2023-04-17,0,4,0,142,15,6,1.1732050807568877
3,snacks,25.150326032721722,33.90627260762013,30.475523329089178,2023-04-18,1,4,0,35,10,11,1.1732050807568877
3,snacks,25.150326032721722,33.90627260762013,32.06038178199031,2023-04-19,2,4,0,51,5,11,1.1732050807568877
3,snacks,25.150326032721722,33.90627260762013,31.120111220273202,2023-04-20,3,4,0,36,23,4,1.1732050807568877
3,snacks,25.150326032721722,33.90627260762013,31.14804626058789,2023-04-21,4,4,0,142,16,5,1.1732050807568877
3,snacks,25.150326032721722,33.90627260762013,27.698241421007765,2023-04-22,5,4,1,100,18,9,1.1732050807568877
3,snacks,25.150326032721722,33.90627260762013,27.60028023660944,2023-04-23,6,4,1,34,18,7,1.1732050807568877
3,snacks,25.150326032721722,33.90627260762013,31.87405599571269,2023-04-24,0,4,0,145,10,9,1.1732050807568877
3,snacks,25.150326032721722,33.90627260762013,32.45960723258108,2023-04-25,1,4,0,92,6,13,1.1732050807568877
3,snacks,25.150326032721722,33.90627260762013,27.299213667875595,2023-04-26,2,4,0,68,18,12,1.1732050807568877
3,snacks,25.150326032721722,33.90627260762013,29.672090655202105,2023-04-27,3,4,0,84,22,1,1.1732050807568877
3,snacks,25.150326032721722,33.90627260762013,31.91501894864724,2023-04-28,4,4,0,165,9,1,1.1732050807568877
3,snacks,25.150326032721722,33.90627260762013,32.69900529570473,2023-04-29,5,4,1,97,17,10,1.1732050807568877
3,snacks,25.150326032721722,33.90627260762013,31.703182676261736,2023-04-30,6,4,1,196,13,8,1.1732050807568877
3,snacks,25.150326032721722,33.90627260762013,30.19301693049405,2023-05-01,0,5,0,46,7,6,1.1
3,snacks,25.150326032721722,33.90627260762013,31.485422483543044,2023-05-02,1,5,0,191,10,7,1.1
3,snacks,25.150326032721722,33.90627260762013,32.529641679757454,2023-05-03,2,5,0,76,7,5,1.1
3,snacks,25.150326032721722,33.90627260762013,32.78660895334387,2023-05-04,3,5,0,102,5,3,1.1
3,snacks,25.150326032721722,33.90627260762013,31.461933700210082,2023-05-05,4,5,0,143,21,1,1.1
3,snacks,25.150326032721722,33.90627260762013,29.054477061850324,2023-05-06,5,5,1,164,11,6,1.1
3,snacks,25.150326032721722,33.90627260762013,31.90193507649453,2023-05-07,6,5,1,97,6,5,1.1
3,snacks,25.150326032721722,33.90627260762013,29.652914605610192,2023-05-08,0,5,0,38,12,6,1.1
3,snacks,25.150326032721722,33.90627260762013,26.832145931440753,2023-05-09,1,5,0,66,25,7,1.1
3,snacks,25.150326032721722,33.90627260762013,31.148965976437786,2023-05-10,2,5,0,33,13,7,1.1
3,snacks,25.150326032721722,33.90627260762013,32.03871205180282,2023-05-11,3,5,0,167,9,13,1.1
3,snacks,25.150326032721722,33.90627260762013,33.73459029560449,2023-05-12,4,5,0,85,12,6,1.1
3,snacks,25.150326032721722,33.90627260762013,33.74848694139224,2023-05-13,5,5,1,188,6,5,1.1
3,snacks,25.150326032721722,33.90627260762013,30.30480851238929,2023-05-14,6,5,1,90,17,11,1.1
3,snacks,25.150326032721722,33.90627260762013,30.282955658833785,2023-05-15,0,5,0,54,13,2,1.1
3,snacks,25.150326032721722,33.90627260762013,30.934173793099546,2023-05-16,1,5,0,58,6,11,1.1
3,snacks,25.150326032721722,33.90627260762013,33.54202301623094,2023-05-17,2,5,0,60,13,6,1.1
3,snacks,25.150326032721722,33.90627260762013,30.55731630147043,2023-05-18,3,5,0,72,21,2,1.1
3,snacks,25.150326032721722,33.90627260762013,29.20670502691764,2023-05-19,4,5,0,46,14,10,1.1
3,snacks,25.150326032721722,33.90627260762013,30.35018868745598,2023-05-20,5,5,1,78,9,12,1.1
3,snacks,25.150326032721722,33.90627260762013,27.713181638533253,2023-05-21,6,5,1,102,13,10,1.1
3,snacks,25.150326032721722,33.90627260762013,33.44929649107997,2023-05-22,0,5,0,168,16,11,1.1
3,snacks,25.150326032721722,33.90627260762013,31.09589670519287,2023-05-23,1,5,0,177,3,9,1.1
3,snacks,25.150326032721722,33.90627260762013,33.42837619639461,2023-05-24,2,5,0,156,22,4,1.1
3,snacks,25.150326032721722,33.90627260762013,28.061123936258724,2023-05-25,3,5,0,92,13,13,1.1
3,snacks,25.150326032721722,33.90627260762013,31.394257346468564,2023-05-26,4,5,0,93,23,2,1.1
3,snacks,25.150326032721722,33.90627260762013,28.860163794774103,2023-05-27,5,5,1,104,14,9,1.1
3,snacks,25.150326032721722,33.90627260762013,31.832565352849823,2023-05-28,6,5,1,173,16,3,1.1
3,snacks,25.150326032721722,33.90627260762013,31.00656727065739,2023-05-29,0,5,0,140,7,9,1.1
3,snacks,25.150326032721722,33.90627260762013,27.90205705788364,2023-05-30,1,5,0,170,7,4,1.1
3,snacks,25.150326032721722,33.90627260762013,28.270274404274403,2023-05-31,2,5,0,129,6,5,1.1
3,snacks,25.150326032721722,33.90627260762013,29.592962037316994,2023-06-01,3,6,0,81,14,10,1.0
3,snacks,25.150326032721722,33.90627260762013,30.867932765931496,2023-06-02,4,6,0,113,17,7,1.0
3,snacks,25.150326032721722,33.90627260762013,33.40170704473039,2023-06-03,5,6,1,96,9,8,1.0
3,snacks,25.150326032721722,33.90627260762013,31.03275121153126,2023-06-04,6,6,1,84,16,7,1.0
3,snacks,25.150326032721722,33.90627260762013,29.190606826681616,2023-06-05,0,6,0,92,13,13,1.0
3,snacks,25.150326032721722,33.90627260762013,30.444486874730586,2023-06-06,1,6,0,132,10,12,1.0
3,snacks,25.150326032721722,33.90627260762013,32.312009052531515,2023-06-07,2,6,0,104,18,2,1.0
3,snacks,25.150326032721722,33.90627260762013,28.27032950554002,2023-06-08,3,6,0,187,15,4,1.0
3,snacks,25.150326032721722,33.90627260762013,29.552606094773157,2023-06-09,4,6,0,82,16,6,1.0
3,snacks,25.150326032721722,33.90627260762013,30.89824281131736,2023-06-10,5,6,1,23,14,6,1.0
3,snacks,25.150326032721722,33.90627260762013,33.35971674045311,2023-06-11,6,6,1,148,14,7,1.0
3,snacks,25.150326032721722,33.90627260762013,26.494017844051058,2023-06-12,0,6,0,140,36,1,1.0
3,snacks,25.150326032721722,33.90627260762013,32.30552557707574,2023-06-13,1,6,0,111,13,5,1.0
3,snacks,25.150326032721722,33.90627260762013,31.810952858182898,2023-06-14,2,6,0,66,11,4,1.0
3,snacks,25.150326032721722,33.90627260762013,30.557325087673924,2023-06-15,3,6,0,172,17,5,1.0
3,snacks,25.150326032721722,33.90627260762013,26.98249058564769,2023-06-16,4,6,0,107,19,9,1.0
3,snacks,25.150326032721722,33.90627260762013,32.30429096555996,2023-06-17,5,6,1,129,9,10,1.0
3,snacks,25.150326032721722,33.90627260762013,28.443656811868134,2023-06-18,6,6,1,99,20,1,1.0
3,snacks,25.150326032721722,33.90627260762013,30.31901903592472,2023-06-19,0,6,0,24,19,10,1.0
3,snacks,25.150326032721722,33.90627260762013,28.993161772288918,2023-06-20,1,6,0,177,4,9,1.0
3,snacks,25.150326032721722,33.90627260762013,29.490399096331558,2023-06-21,2,6,0,179,6,14,1.0
3,snacks,25.150326032721722,33.90627260762013,30.077397514341097,2023-06-22,3,6,0,64,27,1,1.0
3,snacks,25.150326032721722,33.90627260762013,32.32734459799893,2023-06-23,4,6,0,113,14,6,1.0
3,snacks,25.150326032721722,33.90627260762013,28.99652507019368,2023-06-24,5,6,1,145,20,11,1.0
3,snacks,25.150326032721722,33.90627260762013,27.29576924892416,2023-06-25,6,6,1,47,14,11,1.0
3,snacks,25.150326032721722,33.90627260762013,26.84074290483223,2023-06-26,0,6,0,146,13,3,1.0
3,snacks,25.150326032721722,33.90627260762013,33.803144236222415,2023-06-27,1,6,0,156,20,1,1.0
3,snacks,25.150326032721722,33.90627260762013,30.463780790096347,2023-06-28,2,6,0,93,14,8,1.0
3,snacks,25.150326032721722,33.90627260762013,29.496881385476996,2023-06-29,3,6,0,148,4,2,1.0
4,beverages,20.38551779610256,31.870366537800912,22.631399699330597,2023-01-01,6,1,1,176,8,7,1.1
4,beverages,20.38551779610256,31.870366537800912,25.505826503704192,2023-01-02,0,1,0,68,11,3,1.1
4,beverages,20.38551779610256,31.870366537800912,26.71926457732859,2023-01-03,1,1,0,72,14,1,1.1
4,beverages,20.38551779610256,31.870366537800912,27.981636549664767,2023-01-04,2,1,0,179,5,10,1.1
4,beverages,20.38551779610256,31.870366537800912,21.509227299999466,2023-01-05,3,1,0,175,16,9,1.1
4,beverages,20.38551779610256,31.870366537800912,30.230685132799707,2023-01-06,4,1,0,127,10,3,1.1
4,beverages,20.38551779610256,31.870366537800912,26.96805565827613,2023-01-07,5,1,1,176,23,3,1.1
4,beverages,20.38551779610256,31.870366537800912,21.54469414891993,2023-01-08,6,1,1,193,14,14,1.1
4,beverages,20.38551779610256,31.870366537800912,21.56709724989154,2023-01-09,0,1,0,147,8,2,1.1
4,beverages,20.38551779610256,31.870366537800912,27.074632525761793,2023-01-10,1,1,0,55,14,12,1.1
4,beverages,20.38551779610256,31.870366537800912,31.67892339830119,2023-01-11,2,1,0,101,12,2,1.1
4,beverages,20.38551779610256,31.870366537800912,29.036653014002045,2023-01-12,3,1,0,59,13,11,1.1
4,beverages,20.38551779610256,31.870366537800912,25.323945593379086,2023-01-13,4,1,0,79,7,4,1.1
4,beverages,20.38551779610256,31.870366537800912,25.373616638140874,2023-01-14,5,1,1,149,20,14,1.1
4,beverages,20.38551779610256,31.870366537800912,25.310976199319434,2023-01-15,6,1,1,178,4,12,1.1
4,beverages,20.38551779610256,31.870366537800912,27.140266239772025,2023-01-16,0,1,0,131,13,13,1.1
4,beverages,20.38551779610256,31.870366537800912,28.494941063963623,2023-01-17,1,1,0,118,6,5,1.1
4,beverages,20.38551779610256,31.870366537800912,28.338067695834855,2023-01-18,2,1,0,146,12,12,1.1
4,beverages,20.38551779610256,31.870366537800912,23.06545899856345,2023-01-19,3,1,0,163,19,7,1.1
4,beverages,20.38551779610256,31.870366537800912,30.327583644243017,2023-01-20,4,1,0,81,7,10,1.1
4,beverages,20.38551779610256,31.870366537800912,25.747705172115886,2023-01-21,5,1,1,30,11,6,1.1
4,beverages,20.38551779610256,31.870366537800912,27.681744077207235,2023-01-22,6,1,1,149,20,14,1.1
4,beverages,20.38551779610256,31.870366537800912,28.985472840210832,2023-01-23,0,1,0,158,21,1,1.1
4,beverages,20.38551779610256,31.870366537800912,26.122425724826133,2023-01-24,1,1,0,81,14,1,1.1
4,beverages,20.38551779610256,31.870366537800912,28.650726428582185,2023-01-25,2,1,0,185,13,3,1.1
4,beverages,20.38551779610256,31.870366537800912,23.402949771338164,2023-01-26,3,1,0,141,7,14,1.1
4,beverages,20.38551779610256,31.870366537800912,27.634983384441792,2023-01-27,4,1,0,41,15,10,1.1
4,beverages,20.38551779610256,31.870366537800912,29.367538719223706,2023-01-28,5,1,1,89,7,8,1.1
4,beverages,20.38551779610256,31.870366537800912,28.719693570187843,2023-01-29,6,1,1,180,5,12,1.1
4,beverages,20.38551779610256,31.870366537800912,25.75052833296057,2023-01-30,0,1,0,115,20,3,1.1
4,beverages,20.38551779610256,31.870366537800912,27.998521933737898,2023-01-31,1,1,0,65,18,2,1.1
4,beverages,20.38551779610256,31.870366537800912,26.78620213064469,2023-02-01,2,2,0,176,20,7,1.1732050807568877
4,beverages,20.38551779610256,31.870366537800912,30.043241451890694,2023-02-02,3,2,0,21,6,8,1.1732050807568877
4,beverages,20.38551779610256,31.870366537800912,22.398164268666275,2023-02-03,4,2,0,39,12,12,1.1732050807568877
4,beverages,20.38551779610256,31.870366537800912,29.23496692406936,2023-02-04,5,2,1,80,10,10,1.1732050807568877
4,beverages,20.38551779610256,31.870366537800912,24.586644651393176,2023-02-05,6,2,1,32,32,1,1.1732050807568877
4,beverages,20.38551779610256,31.870366537800912,30.737058708511764,2023-02-06,0,2,0,168,9,3,1.1732050807568877
4,beverages,20.38551779610256,31.870366537800912,22.79299517619907,2023-02-07,1,2,0,118,23,3,1.1732050807568877
4,beverages,20.38551779610256,31.870366537800912,30.451582806607153,2023-02-08,2,2,0,157,18,3,1.1732050807568877
4,beverages,20.38551779610256,31.870366537800912,25.478313543574867,2023-02-09,3,2,0,39,22,3,1.1732050807568877
4,beverages,20.38551779610256,31.870366537800912,25.37258181480571,2023-02-10,4,2,0,47,12,5,1.1732050807568877
4,beverages,20.38551779610256,31.870366537800912,26.576332132561788,2023-02-11,5,2,1,132,16,10,1.1732050807568877
4,beverages,20.38551779610256,31.870366537800912,27.612534239964482,2023-02-12,6,2,1,51,22,11,1.1732050807568877
4,beverages,20.38551779610256,31.870366537800912,22.55666900503309,2023-02-13,0,2,0,94,18,5,1.1732050807568877
4,beverages,20.38551779610256,31.870366537800912,21.974024027036943,2023-02-14,1,2,0,78,16,9,1.1732050807568877
4,beverages,20.38551779610256,31.870366537800912,28.06027350576942,2023-02-15,2,2,0,23,12,1,1.1732050807568877
4,beverages,20.38551779610256,31.870366537800912,28.78447878459816,2023-02-16,3,2,0,194,31,1,1.1732050807568877
4,beverages,20.38551779610256,31.870366537800912,28.726922571855226,2023-02-17,4,2,0,31,19,8,1.1732050807568877
4,beverages,20.38551779610256,31.870366537800912,31.461373488443243,2023-02-18,5,2,1,150,10,12,1.1732050807568877
4,beverages,20.38551779610256,31.870366537800912,27.397456397155484,2023-02-19,6,2,1,85,7,4,1.1732050807568877
4,beverages,20.38551779610256,31.870366537800912,29.155227748722233,2023-02-20,0,2,0,127,12,8,1.1732050807568877
4,beverages,20.38551779610256,31.870366537800912,23.82019195040329,2023-02-21,1,2,0,147,24,4,1.1732050807568877
4,beverages,20.38551779610256,31.870366537800912,30.645003020200313,2023-02-22,2,2,0,81,8,11,1.1732050807568877
4,beverages,20.38551779610256,31.870366537800912,24.403384898696082,2023-02-23,3,2,0,92,9,3,1.1732050807568877
4,beverages,20.38551779610256,31.870366537800912,23.66773320248145,2023-02-24,4,2,0,138,12,9,1.1732050807568877
4,beverages,20.38551779610256,31.870366537800912,31.612318304926717,2023-02-25,5,2,1,196,32,1,1.1732050807568877
4,beverages,20.38551779610256,31.870366537800912,31.221137148021995,2023-02-26,6,2,1,166,10,14,1.1732050807568877
4,beverages,20.38551779610256,31.870366537800912,24.215450614656135,2023-02-27,0,2,0,157,11,4,1.1732050807568877
4,beverages,20.38551779610256,31.870366537800912,26.950304626682716,2023-02-28,1,2,0,56,6,14,1.1732050807568877
4,beverages,20.38551779610256,31.870366537800912,28.004184469060966,2023-03-01,2,3,0,112,4,14,1.2
4,beverages,20.38551779610256,31.870366537800912,30.05582820147543,2023-03-02,3,3,0,47,18,1,1.2
4,beverages,20.38551779610256,31.870366537800912,23.037222778450104,2023-03-03,4,3,0,29,14,8,1.2
4,beverages,20.38551779610256,31.870366537800912,24.666806293425964,2023-03-04,5,3,1,191,16,12,1.2
4,beverages,20.38551779610256,31.870366537800912,24.612109437153677,2023-03-05,6,3,1,76,6,7,1.2
4,beverages,20.38551779610256,31.870366537800912,25.78575861789797,2023-03-06,0,3,0,28,22,6,1.2
4,beverages,20.38551779610256,31.870366537800912,29.53705959440773,2023-03-07,1,3,0,162,10,10,1.2
4,beverages,20.38551779610256,31.870366537800912,27.035509504866297,2023-03-08,2,3,0,186,19,13,1.2
4,beverages,20.38551779610256,31.870366537800912,23.447323090109748,2023-03-09,3,3,0,101,20,13,1.2
4,beverages,20.38551779610256,31.870366537800912,26.559811180465672,2023-03-10,4,3,0,191,21,6,1.2
4,beverages,20.38551779610256,31.870366537800912,25.662238966767873,2023-03-11,5,3,1,58,16,4,1.2
4,beverages,20.38551779610256,31.870366537800912,26.782535983617922,2023-03-12,6,3,1,160,24,13,1.2
4,beverages,20.38551779610256,31.870366537800912,27.46765144091387,2023-03-13,0,3,0,109,12,14,1.2
4,beverages,20.38551779610256,31.870366537800912,23.810062028054755,2023-03-14,1,3,0,58,10,8,1.2
4,beverages,20.38551779610256,31.870366537800912,27.379352881341845,2023-03-15,2,3,0,72,18,14,1.2
4,beverages,20.38551779610256,31.870366537800912,26.540930616815764,2023-03-16,3,3,0,169,10,13,1.2
4,beverages,20.38551779610256,31.870366537800912,29.626998821479262,2023-03-17,4,3,0,51,23,3,1.2
4,beverages,20.38551779610256,31.870366537800912,30.76086097784136,2023-03-18,5,3,1,95,27,1,1.2
4,beverages,20.38551779610256,31.870366537800912,31.750239008677585,2023-03-19,6,3,1,146,10,9,1.2
4,beverages,20.38551779610256,31.870366537800912,26.847666660846404,2023-03-20,0,3,0,103,16,7,1.2
4,beverages,20.38551779610256,31.870366537800912,27.687083042704728,2023-03-21,1,3,0,196,15,4,1.2
4,beverages,20.38551779610256,31.870366537800912,23.83338993545011,2023-03-22,2,3,0,183,27,1,1.2
4,beverages,20.38551779610256,31.870366537800912,23.88602097496578,2023-03-23,3,3,0,128,9,7,1.2
4,beverages,20.38551779610256,31.870366537800912,23.576828473518603,2023-03-24,4,3,0,130,18,11,1.2
4,beverages,20.38551779610256,31.870366537800912,29.363069718171356,2023-03-25,5,3,1,164,25,14,1.2
4,beverages,20.38551779610256,31.870366537800912,29.457517142732026,2023-03-26,6,3,1,113,11,2,1.2
4,beverages,20.38551779610256,31.870366537800912,27.842472519564083,2023-03-27,0,3,0,199,12,10,1.2
4,beverages,20.38551779610256,31.870366537800912,22.696253907424875,2023-03-28,1,3,0,147,11,4,1.2
4,beverages,20.38551779610256,31.870366537800912,24.921300040519057,2023-03-29,2,3,0,159,35,1,1.2
4,beverages,20.38551779610256,31.870366537800912,30.980435603876675,2023-03-30,3,3,0,155,18,8,1.2
4,beverages,20.38551779610256,31.870366537800912,23.496247069323786,2023-03-31,4,3,0,134,19,11,1.2
4,beverages,20.38551779610256,31.870366537800912,28.223278533937208,2023-04-01,5,4,1,179,19,10,1.1732050807568877
4,beverages,20.38551779610256,31.870366537800912,25.458345714957062,2023-04-02,6,4,1,197,7,6,1.1732050807568877
4,beverages,20.38551779610256,31.870366537800912,30.058342193979634,2023-04-03,0,4,0,73,13,8,1.1732050807568877
4,beverages,20.38551779610256,31.870366537800912,21.719847953659333,2023-04-04,1,4,0,134,22,2,1.1732050807568877
4,beverages,20.38551779610256,31.870366537800912,31.171319517610115,2023-04-05,2,4,0,175,9,11,1.1732050807568877
4,beverages,20.38551779610256,31.870366537800912,30.280742671327197,2023-04-06,3,4,0,138,20,5,1.1732050807568877
4,beverages,20.38551779610256,31.870366537800912,29.13955296502961,2023-04-07,4,4,0,196,13,11,1.1732050807568877
4,beverages,20.38551779610256,31.870366537800912,27.08782403078311,2023-04-08,5,4,1,102,10,10,1.1732050807568877
4,beverages,20.38551779610256,31.870366537800912,22.89357626135549,2023-04-09,6,4,1,47,16,1,1.1732050807568877
4,beverages,20.38551779610256,31.870366537800912,31.711768567272294,2023-04-10,0,4,0,133,8,4,1.1732050807568877
4,beverages,20.38551779610256,31.870366537800912,23.130407327218283,2023-04-11,1,4,0,130,16,8,1.1732050807568877
4,beverages,20.38551779610256,31.870366537800912,23.986217399166314,2023-04-12,2,4,0,137,15,10,1.1732050807568877
4,beverages,20.38551779610256,31.870366537800912,28.181424421526263,2023-04-13,3,4,0,123,6,10,1.1732050807568877
4,beverages,20.38551779610256,31.870366537800912,31.258474950944553,2023-04-14,4,4,0,132,7,3,1.1732050807568877
4,beverages,20.38551779610256,31.870366537800912,28.34894819695894,2023-04-15,5,4,1,45,30,2,1.1732050807568877
4,beverages,20.38551779610256,31.870366537800912,24.492894853712603,2023-04-16,6,4,1,195,7,7,1.1732050807568877
4,beverages,20.38551779610256,31.870366537800912,26.01025323071362,2023-04-17,0,4,0,85,21,14,1.1732050807568877
4,beverages,20.38551779610256,31.870366537800912,30.01267135834693,2023-04-18,1,4,0,135,15,6,1.1732050807568877
4,beverages,20.38551779610256,31.870366537800912,31.3460378659262,2023-04-19,2,4,0,129,17,4,1.1732050807568877
4,beverages,20.38551779610256,31.870366537800912,25.487625423036185,2023-04-20,3,4,0,89,14,1,1.1732050807568877
4,beverages,20.38551779610256,31.870366537800912,23.685333147181083,2023-04-21,4,4,0,110,10,2,1.1732050807568877
4,beverages,20.38551779610256,31.870366537800912,28.72744940289615,2023-04-22,5,4,1,59,23,2,1.1732050807568877
4,beverages,20.38551779610256,31.870366537800912,31.270261976957666,2023-04-23,6,4,1,80,6,5,1.1732050807568877
4,beverages,20.38551779610256,31.870366537800912,22.3693841699112,2023-04-24,0,4,0,121,8,13,1.1732050807568877
4,beverages,20.38551779610256,31.870366537800912,30.778785973063094,2023-04-25,1,4,0,21,21,1,1.1732050807568877
4,beverages,20.38551779610256,31.870366537800912,23.7392659414769,2023-04-26,2,4,0,186,20,10,1.1732050807568877
4,beverages,20.38551779610256,31.870366537800912,29.23472531940065,2023-04-27,3,4,0,144,9,6,1.1732050807568877
4,beverages,20.38551779610256,31.870366537800912,22.915072139258108,2023-04-28,4,4,0,50,8,4,1.1732050807568877
4,beverages,20.38551779610256,31.870366537800912,26.88442619125952,2023-04-29,5,4,1,41,22,8,1.1732050807568877
4,beverages,20.38551779610256,31.870366537800912,28.61308823442411,2023-04-30,6,4,1,189,20,5,1.1732050807568877
4,beverages,20.38551779610256,31.870366537800912,22.204780620404627,2023-05-01,0,5,0,118,16,13,1.1
4,beverages,20.38551779610256,31.870366537800912,30.13926610182447,2023-05-02,1,5,0,97,14,13,1.1
4,beverages,20.38551779610256,31.870366537800912,23.720183381221865,2023-05-03,2,5,0,91,15,13,1.1
4,beverages,20.38551779610256,31.870366537800912,24.290752891536904,2023-05-04,3,5,0,182,8,12,1.1
4,beverages,20.38551779610256,31.870366537800912,31.177016297742835,2023-05-05,4,5,0,68,10,7,1.1
4,beverages,20.38551779610256,31.870366537800912,25.67211118403519,2023-05-06,5,5,1,78,31,2,1.1
4,beverages,20.38551779610256,31.870366537800912,27.288421644622712,2023-05-07,6,5,1,33,4,14,1.1
4,beverages,20.38551779610256,31.870366537800912,27.818053146051817,2023-05-08,0,5,0,182,24,1,1.1
4,beverages,20.38551779610256,31.870366537800912,23.8273654934483,2023-05-09,1,5,0,182,19,10,1.1
4,beverages,20.38551779610256,31.870366537800912,25.31324501781236,2023-05-10,2,5,0,126,11,2,1.1
4,beverages,20.38551779610256,31.870366537800912,25.119001247404363,2023-05-11,3,5,0,160,15,6,1.1
4,beverages,20.38551779610256,31.870366537800912,25.541408846941916,2023-05-12,4,5,0,87,8,8,1.1
4,beverages,20.38551779610256,31.870366537800912,30.06298460451071,2023-05-13,5,5,1,151,11,13,1.1
4,beverages,20.38551779610256,31.870366537800912,22.406653082378057,2023-05-14,6,5,1,155,27,8,1.1
4,beverages,20.38551779610256,31.870366537800912,24.15036311693548,2023-05-15,0,5,0,64,29,2,1.1
4,beverages,20.38551779610256,31.870366537800912,25.624623942150983,2023-05-16,1,5,0,165,23,2,1.1
4,beverages,20.38551779610256,31.870366537800912,25.88885109260672,2023-05-17,2,5,0,79,24,2,1.1
4,beverages,20.38551779610256,31.870366537800912,27.059306400984394,2023-05-18,3,5,0,141,10,13,1.1
4,beverages,20.38551779610256,31.870366537800912,25.37166949950081,2023-05-19,4,5,0,170,9,6,1.1
4,beverages,20.38551779610256,31.870366537800912,26.785096992754184,2023-05-20,5,5,1,25,9,8,1.1
4,beverages,20.38551779610256,31.870366537800912,24.2514149057524,2023-05-21,6,5,1,158,24,11,1.1
4,beverages,20.38551779610256,31.870366537800912,29.02761192519496,2023-05-22,0,5,0,152,17,6,1.1
4,beverages,20.38551779610256,31.870366537800912,26.01564803993611,2023-05-23,1,5,0,169,12,7,1.1
4,beverages,20.38551779610256,31.870366537800912,28.60558458888844,2023-05-24,2,5,0,132,19,11,1.1
4,beverages,20.38551779610256,31.870366537800912,23.300980492351233,2023-05-25,3,5,0,102,9,13,1.1
4,beverages,20.38551779610256,31.870366537800912,25.77096180122565,2023-05-26,4,5,0,175,6,2,1.1
4,beverages,20.38551779610256,31.870366537800912,25.78091842906493,2023-05-27,5,5,1,44,21,10,1.1
4,beverages,20.38551779610256,31.870366537800912,22.45392093612856,2023-05-28,6,5,1,188,18,9,1.1
4,beverages,20.38551779610256,31.870366537800912,27.70977221039143,2023-05-29,0,5,0,29,7,3,1.1
4,beverages,20.38551779610256,31.870366537800912,24.334030628702287,2023-05-30,1,5,0,21,3,12,1.1
4,beverages,20.38551779610256,31.870366537800912,31.105504236046592,2023-05-31,2,5,0,94,8,1,1.1
4,beverages,20.38551779610256,31.870366537800912,31.313137944987663,2023-06-01,3,6,0,127,8,11,1.0
4,beverages,20.38551779610256,31.870366537800912,21.826116749272547,2023-06-02,4,6,0,95,11,12,1.0
4,beverages,20.38551779610256,31.870366537800912,24.28532938674593,2023-06-03,5,6,1,46,22,8,1.0
4,beverages,20.38551779610256,31.870366537800912,25.32647376745762,2023-06-04,6,6,1,193,4,8,1.0
4,beverages,20.38551779610256,31.870366537800912,23.725869135916394,2023-06-05,0,6,0,139,18,4,1.0
4,beverages,20.38551779610256,31.870366537800912,31.141946133476125,2023-06-06,1,6,0,55,1,12,1.0
4,beverages,20.38551779610256,31.870366537800912,24.33249549161828,2023-06-07,2,6,0,33,16,10,1.0
4,beverages,20.38551779610256,31.870366537800912,30.51647599989973,2023-06-08,3,6,0,144,16,5,1.0
4,beverages,20.38551779610256,31.870366537800912,27.189768518348167,2023-06-09,4,6,0,125,15,5,1.0
4,beverages,20.38551779610256,31.870366537800912,29.360313275789487,2023-06-10,5,6,1,48,15,4,1.0
4,beverages,20.38551779610256,31.870366537800912,22.71890939682597,2023-06-11,6,6,1,165,19,5,1.0
4,beverages,20.38551779610256,31.870366537800912,27.525464992449233,2023-06-12,0,6,0,38,12,7,1.0
4,beverages,20.38551779610256,31.870366537800912,24.669130456674917,2023-06-13,1,6,0,92,4,7,1.0
4,beverages,20.38551779610256,31.870366537800912,28.187584140503333,2023-06-14,2,6,0,135,4,9,1.0
4,beverages,20.38551779610256,31.870366537800912,21.878828078440893,2023-06-15,3,6,0,106,13,14,1.0
4,beverages,20.38551779610256,31.870366537800912,22.263218539069097,2023-06-16,4,6,0,87,20,13,1.0
4,beverages,20.38551779610256,31.870366537800912,26.68592085039083,2023-06-17,5,6,1,87,8,3,1.0
4,beverages,20.38551779610256,31.870366537800912,25.086634610155997,2023-06-18,6,6,1,182,13,9,1.0
4,beverages,20.38551779610256,31.870366537800912,26.077064142608688,2023-06-19,0,6,0,79,15,8,1.0
4,beverages,20.38551779610256,31.870366537800912,30.30654337481458,2023-06-20,1,6,0,65,16,7,1.0
4,beverages,20.38551779610256,31.870366537800912,27.225647899172028,2023-06-21,2,6,0,23,5,7,1.0
4,beverages,20.38551779610256,31.870366537800912,29.969613642001235,2023-06-22,3,6,0,114,26,1,1.0
4,beverages,20.38551779610256,31.870366537800912,24.05285929025657,2023-06-23,4,6,0,43,5,4,1.0
4,beverages,20.38551779610256,31.870366537800912,22.722986969690382,2023-06-24,5,6,1,59,24,2,1.0
4,beverages,20.38551779610256,31.870366537800912,28.484583649637464,2023-06-25,6,6,1,132,16,6,1.0
4,beverages,20.38551779610256,31.870366537800912,28.547886864981578,2023-06-26,0,6,0,79,11,6,1.0
4,beverages,20.38551779610256,31.870366537800912,23.772864286480946,2023-06-27,1,6,0,61,8,8,1.0
4,beverages,20.38551779610256,31.870366537800912,28.324009621353323,2023-06-28,2,6,0,137,4,10,1.0
4,beverages,20.38551779610256,31.870366537800912,22.68167116116769,2023-06-29,3,6,0,126,17,11,1.0
5,snacks,26.51071610352064,41.26353507347679,33.35989476584357,2023-01-01,6,1,1,92,8,12,1.1
5,snacks,26.51071610352064,41.26353507347679,39.14223462492737,2023-01-02,0,1,0,58,14,12,1.1
5,snacks,26.51071610352064,41.26353507347679,36.87076089665797,2023-01-03,1,1,0,183,13,8,1.1
5,snacks,26.51071610352064,41.26353507347679,33.1787554006859,2023-01-04,2,1,0,34,14,12,1.1
5,snacks,26.51071610352064,41.26353507347679,30.06385194025031,2023-01-05,3,1,0,122,14,8,1.1
5,snacks,26.51071610352064,41.26353507347679,29.548038235394344,2023-01-06,4,1,0,181,12,10,1.1
5,snacks,26.51071610352064,41.26353507347679,29.760132626959784,2023-01-07,5,1,1,55,16,13,1.1
5,snacks,26.51071610352064,41.26353507347679,39.92435305289597,2023-01-08,6,1,1,115,31,1,1.1
5,snacks,26.51071610352064,41.26353507347679,36.08712644407542,2023-01-09,0,1,0,57,9,3,1.1
5,snacks,26.51071610352064,41.26353507347679,40.246916133801754,2023-01-10,1,1,0,168,5,8,1.1
5,snacks,26.51071610352064,41.26353507347679,33.776032611284926,2023-01-11,2,1,0,159,23,1,1.1
5,snacks,26.51071610352064,41.26353507347679,29.64324555436261,2023-01-12,3,1,0,63,36,1,1.1
5,snacks,26.51071610352064,41.26353507347679,40.16783576406382,2023-01-13,4,1,0,117,8,5,1.1
5,snacks,26.51071610352064,41.26353507347679,38.30712773610901,2023-01-14,5,1,1,98,3,11,1.1
5,snacks,26.51071610352064,41.26353507347679,37.39831767586556,2023-01-15,6,1,1,36,9,12,1.1
5,snacks,26.51071610352064,41.26353507347679,39.26489384917217,2023-01-16,0,1,0,54,10,5,1.1
5,snacks,26.51071610352064,41.26353507347679,28.978328081633407,2023-01-17,1,1,0,172,17,6,1.1
5,snacks,26.51071610352064,41.26353507347679,29.689424934039945,2023-01-18,2,1,0,115,14,11,1.1
5,snacks,26.51071610352064,41.26353507347679,40.95194654641647,2023-01-19,3,1,0,176,13,6,1.1
5,snacks,26.51071610352064,41.26353507347679,31.941562601261936,2023-01-20,4,1,0,100,23,2,1.1
5,snacks,26.51071610352064,41.26353507347679,36.996232892984565,2023-01-21,5,1,1,48,15,3,1.1
5,snacks,26.51071610352064,41.26353507347679,29.44164470826034,2023-01-22,6,1,1,128,27,4,1.1
5,snacks,26.51071610352064,41.26353507347679,39.55638252510503,2023-01-23,0,1,0,38,6,6,1.1
5,snacks,26.51071610352064,41.26353507347679,38.14167603567568,2023-01-24,1,1,0,71,18,5,1.1
5,snacks,26.51071610352064,41.26353507347679,30.95865021588493,2023-01-25,2,1,0,61,12,10,1.1
5,snacks,26.51071610352064,41.26353507347679,35.105439556389705,2023-01-26,3,1,0,39,4,8,1.1
5,snacks,26.51071610352064,41.26353507347679,29.252607758407542,2023-01-27,4,1,0,31,12,7,1.1
5,snacks,26.51071610352064,41.26353507347679,28.39454437625391,2023-01-28,5,1,1,190,26,3,1.1
5,snacks,26.51071610352064,41.26353507347679,31.22411559931271,2023-01-29,6,1,1,132,9,10,1.1
5,snacks,26.51071610352064,41.26353507347679,29.65817737384628,2023-01-30,0,1,0,194,7,8,1.1
5,snacks,26.51071610352064,41.26353507347679,40.02467260867547,2023-01-31,1,1,0,87,11,9,1.1
5,snacks,26.51071610352064,41.26353507347679,40.47907093175767,2023-02-01,2,2,0,184,15,14,1.1732050807568877
5,snacks,26.51071610352064,41.26353507347679,40.2445078849956,2023-02-02,3,2,0,32,16,9,1.1732050807568877
5,snacks,26.51071610352064,41.26353507347679,36.914505539436945,2023-02-03,4,2,0,141,10,11,1.1732050807568877
5,snacks,26.51071610352064,41.26353507347679,35.22759233407758,2023-02-04,5,2,1,192,8,7,1.1732050807568877
5,snacks,26.51071610352064,41.26353507347679,38.789818701896344,2023-02-05,6,2,1,48,9,3,1.1732050807568877
5,snacks,26.51071610352064,41.26353507347679,30.065886134854996,2023-02-06,0,2,0,54,14,14,1.1732050807568877
5,snacks,26.51071610352064,41.26353507347679,27.838756475262375,2023-02-07,1,2,0,66,15,5,1.1732050807568877
5,snacks,26.51071610352064,41.26353507347679,36.54026625126728,2023-02-08,2,2,0,185,10,7,1.1732050807568877
5,snacks,26.51071610352064,41.26353507347679,30.490009688040217,2023-02-09,3,2,0,93,11,10,1.1732050807568877
5,snacks,26.51071610352064,41.26353507347679,34.88904543236165,2023-02-10,4,2,0,69,17,6,1.1732050807568877
5,snacks,26.51071610352064,41.26353507347679,36.90801054483186,2023-02-11,5,2,1,23,23,1,1.1732050807568877
5,snacks,26.51071610352064,41.26353507347679,37.21115994259513,2023-02-12,6,2,1,23,10,1,1.1732050807568877
5,snacks,26.51071610352064,41.26353507347679,29.400232978685263,2023-02-13,0,2,0,171,13,3,1.1732050807568877
5,snacks,26.51071610352064,41.26353507347679,34.95231374652637,2023-02-14,1,2,0,62,13,11,1.1732050807568877
5,snacks,26.51071610352064,41.26353507347679,39.635735462167524,2023-02-15,2,2,0,118,9,11,1.1732050807568877
5,snacks,26.51071610352064,41.26353507347679,35.83461358325996,2023-02-16,3,2,0,36,20,7,1.1732050807568877
5,snacks,26.51071610352064,41.26353507347679,38.9599325280486,2023-02-17,4,2,0,177,14,6,1.1732050807568877
5,snacks,26.51071610352064,41.26353507347679,36.29669074324995,2023-02-18,5,2,1,55,16,2,1.1732050807568877
5,snacks,26.51071610352064,41.26353507347679,32.17460309342656,2023-02-19,6,2,1,109,11,7,1.1732050807568877
5,snacks,26.51071610352064,41.26353507347679,33.12842821429405,2023-02-20,0,2,0,63,13,8,1.1732050807568877
5,snacks,26.51071610352064,41.26353507347679,41.20496302994239,2023-02-21,1,2,0,49,13,9,1.1732050807568877
5,snacks,26.51071610352064,41.26353507347679,29.838808010018713,2023-02-22,2,2,0,31,19,6,1.1732050807568877
5,snacks,26.51071610352064,41.26353507347679,28.009560913669826,2023-02-23,3,2,0,48,29,1,1.1732050807568877
5,snacks,26.51071610352064,41.26353507347679,32.55650937877074,2023-02-24,4,2,0,21,6,4,1.1732050807568877
5,snacks,26.51071610352064,41.26353507347679,37.93529693382603,2023-02-25,5,2,1,180,3,12,1.1732050807568877
5,snacks,26.51071610352064,41.26353507347679,38.85317103869977,2023-02-26,6,2,1,87,17,11,1.1732050807568877
5,snacks,26.51071610352064,41.26353507347679,35.28419165835949,2023-02-27,0,2,0,191,11,6,1.1732050807568877
5,snacks,26.51071610352064,41.26353507347679,33.81658291077926,2023-02-28,1,2,0,104,9,7,1.1732050807568877
5,snacks,26.51071610352064,41.26353507347679,33.4102520205916,2023-03-01,2,3,0,198,14,7,1.2
5,snacks,26.51071610352064,41.26353507347679,28.118508261146655,2023-03-02,3,3,0,169,19,5,1.2
5,snacks,26.51071610352064,41.26353507347679,30.88119216288414,2023-03-03,4,3,0,58,10,10,1.2
5,snacks,26.51071610352064,41.26353507347679,33.768878174816386,2023-03-04,5,3,1,130,11,3,1.2
5,snacks,26.51071610352064,41.26353507347679,28.52306020349848,2023-03-05,6,3,1,130,17,6,1.2
5,snacks,26.51071610352064,41.26353507347679,34.325581124859454,2023-03-06,0,3,0,155,19,8,1.2
5,snacks,26.51071610352064,41.26353507347679,28.66929958211652,2023-03-07,1,3,0,64,15,8,1.2
5,snacks,26.51071610352064,41.26353507347679,35.43634157614827,2023-03-08,2,3,0,28,10,12,1.2
5,snacks,26.51071610352064,41.26353507347679,39.95791692060565,2023-03-09,3,3,0,132,12,5,1.2
5,snacks,26.51071610352064,41.26353507347679,32.272511780833895,2023-03-10,4,3,0,129,7,8,1.2
5,snacks,26.51071610352064,41.26353507347679,32.64509529508758,2023-03-11,5,3,1,190,22,6,1.2
5,snacks,26.51071610352064,41.26353507347679,40.57848404303868,2023-03-12,6,3,1,37,9,14,1.2
5,snacks,26.51071610352064,41.26353507347679,27.892477900025817,2023-03-13,0,3,0,111,15,3,1.2
5,snacks,26.51071610352064,41.26353507347679,38.12116914044973,2023-03-14,1,3,0,156,13,8,1.2
5,snacks,26.51071610352064,41.26353507347679,41.109658234467446,2023-03-15,2,3,0,86,12,10,1.2
5,snacks,26.51071610352064,41.26353507347679,37.62012616693804,2023-03-16,3,3,0,195,10,7,1.2
5,snacks,26.51071610352064,41.26353507347679,30.24016040007907,2023-03-17,4,3,0,130,24,2,1.2
5,snacks,26.51071610352064,41.26353507347679,35.18002079754858,2023-03-18,5,3,1,133,5,12,1.2
5,snacks,26.51071610352064,41.26353507347679,38.342104844710846,2023-03-19,6,3,1,54,7,7,1.2
5,snacks,26.51071610352064,41.26353507347679,39.57582405719928,2023-03-20,0,3,0,137,4,13,1.2
5,snacks,26.51071610352064,41.26353507347679,40.97109782264328,2023-03-21,1,3,0,170,11,8,1.2
5,snacks,26.51071610352064,41.26353507347679,32.32355211350544,2023-03-22,2,3,0,111,16,12,1.2
5,snacks,26.51071610352064,41.26353507347679,39.46996133461448,2023-03-23,3,3,0,196,16,5,1.2
5,snacks,26.51071610352064,41.26353507347679,29.715902055434533,2023-03-24,4,3,0,187,14,6,1.2
5,snacks,26.51071610352064,41.26353507347679,29.65185306870008,2023-03-25,5,3,1,182,28,12,1.2
5,snacks,26.51071610352064,41.26353507347679,27.985006771436378,2023-03-26,6,3,1,104,31,10,1.2
5,snacks,26.51071610352064,41.26353507347679,34.332405607245406,2023-03-27,0,3,0,170,17,14,1.2
5,snacks,26.51071610352064,41.26353507347679,32.53384579153278,2023-03-28,1,3,0,168,6,9,1.2
5,snacks,26.51071610352064,41.26353507347679,28.764796444307787,2023-03-29,2,3,0,66,9,8,1.2
5,snacks,26.51071610352064,41.26353507347679,34.18772614081239,2023-03-30,3,3,0,195,21,4,1.2
5,snacks,26.51071610352064,41.26353507347679,33.37370457962065,2023-03-31,4,3,0,40,12,10,1.2
5,snacks,26.51071610352064,41.26353507347679,29.588573585243513,2023-04-01,5,4,1,196,12,7,1.1732050807568877
5,snacks,26.51071610352064,41.26353507347679,32.12016046408398,2023-04-02,6,4,1,60,27,6,1.1732050807568877
5,snacks,26.51071610352064,41.26353507347679,31.093418976891297,2023-04-03,0,4,0,153,9,13,1.1732050807568877
5,snacks,26.51071610352064,41.26353507347679,28.251569611704316,2023-04-04,1,4,0,135,8,13,1.1732050807568877
5,snacks,26.51071610352064,41.26353507347679,31.24158239723447,2023-04-05,2,4,0,20,9,4,1.1732050807568877
5,snacks,26.51071610352064,41.26353507347679,35.73275170823059,2023-04-06,3,4,0,163,19,2,1.1732050807568877
5,snacks,26.51071610352064,41.26353507347679,38.69079890235189,2023-04-07,4,4,0,44,15,6,1.1732050807568877
5,snacks,26.51071610352064,41.26353507347679,31.4454735997247,2023-04-08,5,4,1,123,15,7,1.1732050807568877
5,snacks,26.51071610352064,41.26353507347679,33.69048265669737,2023-04-09,6,4,1,64,19,6,1.1732050807568877
5,snacks,26.51071610352064,41.26353507347679,38.21112405950402,2023-04-10,0,4,0,37,3,12,1.1732050807568877
5,snacks,26.51071610352064,41.26353507347679,32.67511569030402,2023-04-11,1,4,0,34,20,4,1.1732050807568877
5,snacks,26.51071610352064,41.26353507347679,40.360589744240386,2023-04-12,2,4,0,35,15,3,1.1732050807568877
5,snacks,26.51071610352064,41.26353507347679,37.32954646672509,2023-04-13,3,4,0,24,18,4,1.1732050807568877
5,snacks,26.51071610352064,41.26353507347679,28.090637204475115,2023-04-14,4,4,0,128,10,10,1.1732050807568877
5,snacks,26.51071610352064,41.26353507347679,29.62111437867674,2023-04-15,5,4,1,86,7,14,1.1732050807568877
5,snacks,26.51071610352064,41.26353507347679,32.62403607067943,2023-04-16,6,4,1,92,16,4,1.1732050807568877
5,snacks,26.51071610352064,41.26353507347679,36.97324233982882,2023-04-17,0,4,0,79,11,7,1.1732050807568877
5,snacks,26.51071610352064,41.26353507347679,39.736694756655524,2023-04-18,1,4,0,108,9,2,1.1732050807568877
5,snacks,26.51071610352064,41.26353507347679,28.56758294955753,2023-04-19,2,4,0,149,16,9,1.1732050807568877
5,snacks,26.51071610352064,41.26353507347679,34.60972468164691,2023-04-20,3,4,0,118,12,2,1.1732050807568877
5,snacks,26.51071610352064,41.26353507347679,32.042569595777486,2023-04-21,4,4,0,88,14,3,1.1732050807568877
5,snacks,26.51071610352064,41.26353507347679,40.209673161974564,2023-04-22,5,4,1,147,17,8,1.1732050807568877
5,snacks,26.51071610352064,41.26353507347679,38.51172104352293,2023-04-23,6,4,1,54,10,7,1.1732050807568877
5,snacks,26.51071610352064,41.26353507347679,28.17958484154108,2023-04-24,0,4,0,68,25,9,1.1732050807568877
5,snacks,26.51071610352064,41.26353507347679,31.426912575330192,2023-04-25,1,4,0,198,6,8,1.1732050807568877
5,snacks,26.51071610352064,41.26353507347679,35.16652177675388,2023-04-26,2,4,0,192,23,13,1.1732050807568877
5,snacks,26.51071610352064,41.26353507347679,38.37779248249606,2023-04-27,3,4,0,55,16,9,1.1732050807568877
5,snacks,26.51071610352064,41.26353507347679,36.823897674420465,2023-04-28,4,4,0,94,8,10,1.1732050807568877
5,snacks,26.51071610352064,41.26353507347679,31.945633871428917,2023-04-29,5,4,1,47,12,3,1.1732050807568877
5,snacks,26.51071610352064,41.26353507347679,28.967572719443194,2023-04-30,6,4,1,73,12,8,1.1732050807568877
5,snacks,26.51071610352064,41.26353507347679,40.50588912762201,2023-05-01,0,5,0,198,9,4,1.1
5,snacks,26.51071610352064,41.26353507347679,41.08311420183814,2023-05-02,1,5,0,176,13,8,1.1
5,snacks,26.51071610352064,41.26353507347679,31.22415331743015,2023-05-03,2,5,0,142,9,3,1.1
5,snacks,26.51071610352064,41.26353507347679,34.220598975102945,2023-05-04,3,5,0,191,7,7,1.1
5,snacks,26.51071610352064,41.26353507347679,39.067398077959126,2023-05-05,4,5,0,136,12,1,1.1
5,snacks,26.51071610352064,41.26353507347679,35.950533441390185,2023-05-06,5,5,1,195,27,5,1.1
5,snacks,26.51071610352064,41.26353507347679,40.35704473375795,2023-05-07,6,5,1,194,14,14,1.1
5,snacks,26.51071610352064,41.26353507347679,40.2187840589158,2023-05-08,0,5,0,114,13,1,1.1
5,snacks,26.51071610352064,41.26353507347679,29.705958720863915,2023-05-09,1,5,0,101,13,2,1.1
5,snacks,26.51071610352064,41.26353507347679,32.53306268051214,2023-05-10,2,5,0,69,9,4,1.1
5,snacks,26.51071610352064,41.26353507347679,37.17073087010523,2023-05-11,3,5,0,66,7,13,1.1
5,snacks,26.51071610352064,41.26353507347679,29.706055748971227,2023-05-12,4,5,0,135,19,1,1.1
5,snacks,26.51071610352064,41.26353507347679,28.590355118771644,2023-05-13,5,5,1,98,16,12,1.1
5,snacks,26.51071610352064,41.26353507347679,34.04762645587761,2023-05-14,6,5,1,178,12,13,1.1
5,snacks,26.51071610352064,41.26353507347679,28.6839150757989,2023-05-15,0,5,0,110,16,6,1.1
5,snacks,26.51071610352064,41.26353507347679,34.95355058769482,2023-05-16,1,5,0,103,11,5,1.1
5,snacks,26.51071610352064,41.26353507347679,38.81471253133515,2023-05-17,2,5,0,35,14,2,1.1
5,snacks,26.51071610352064,41.26353507347679,31.282326633034373,2023-05-18,3,5,0,149,10,4,1.1
5,snacks,26.51071610352064,41.26353507347679,32.14445670890487,2023-05-19,4,5,0,153,39,1,1.1
5,snacks,26.51071610352064,41.26353507347679,32.468890714981434,2023-05-20,5,5,1,124,10,5,1.1
5,snacks,26.51071610352064,41.26353507347679,33.458190157875684,2023-05-21,6,5,1,85,12,9,1.1
5,snacks,26.51071610352064,41.26353507347679,38.876541602310894,2023-05-22,0,5,0,176,14,6,1.1
5,snacks,26.51071610352064,41.26353507347679,39.60113642127245,2023-05-23,1,5,0,90,10,1,1.1
5,snacks,26.51071610352064,41.26353507347679,31.087999514243776,2023-05-24,2,5,0,46,19,11,1.1
5,snacks,26.51071610352064,41.26353507347679,37.383063155227845,2023-05-25,3,5,0,125,16,9,1.1
5,snacks,26.51071610352064,41.26353507347679,31.522130744498057,2023-05-26,4,5,0,132,4,13,1.1
5,snacks,26.51071610352064,41.26353507347679,33.90810264343545,2023-05-27,5,5,1,132,20,5,1.1
5,snacks,26.51071610352064,41.26353507347679,38.21800571843414,2023-05-28,6,5,1,49,13,10,1.1
5,snacks,26.51071610352064,41.26353507347679,28.34242993579639,2023-05-29,0,5,0,90,8,8,1.1
5,snacks,26.51071610352064,41.26353507347679,38.3431029237722,2023-05-30,1,5,0,87,10,14,1.1
5,snacks,26.51071610352064,41.26353507347679,39.422955235598536,2023-05-31,2,5,0,48,10,5,1.1
5,snacks,26.51071610352064,41.26353507347679,40.64644755306834,2023-06-01,3,6,0,198,9,6,1.0
5,snacks,26.51071610352064,41.26353507347679,38.94764687297941,2023-06-02,4,6,0,185,5,8,1.0
5,snacks,26.51071610352064,41.26353507347679,28.751812960336736,2023-06-03,5,6,1,102,16,6,1.0
5,snacks,26.51071610352064,41.26353507347679,31.748439536883193,2023-06-04,6,6,1,118,7,14,1.0
5,snacks,26.51071610352064,41.26353507347679,29.270295203534275,2023-06-05,0,6,0,50,5,14,1.0
5,snacks,26.51071610352064,41.26353507347679,31.832886469681373,2023-06-06,1,6,0,36,10,6,1.0
5,snacks,26.51071610352064,41.26353507347679,29.48106538839416,2023-06-07,2,6,0,75,6,7,1.0
5,snacks,26.51071610352064,41.26353507347679,28.783353887865612,2023-06-08,3,6,0,54,11,2,1.0
5,snacks,26.51071610352064,41.26353507347679,28.88165344370788,2023-06-09,4,6,0,198,19,1,1.0
5,snacks,26.51071610352064,41.26353507347679,39.37895338203131,2023-06-10,5,6,1,142,10,13,1.0
5,snacks,26.51071610352064,41.26353507347679,39.067112486571595,2023-06-11,6,6,1,190,28,1,1.0
5,snacks,26.51071610352064,41.26353507347679,39.76224866510723,2023-06-12,0,6,0,191,5,5,1.0
5,snacks,26.51071610352064,41.26353507347679,33.11747992451975,2023-06-13,1,6,0,97,10,7,1.0
5,snacks,26.51071610352064,41.26353507347679,37.24790953500186,2023-06-14,2,6,0,197,10,13,1.0
5,snacks,26.51071610352064,41.26353507347679,33.357605357659516,2023-06-15,3,6,0,148,8,6,1.0
5,snacks,26.51071610352064,41.26353507347679,33.22727401573388,2023-06-16,4,6,0,165,10,6,1.0
5,snacks,26.51071610352064,41.26353507347679,30.241010372435284,2023-06-17,5,6,1,88,14,13,1.0
5,snacks,26.51071610352064,41.26353507347679,38.96949234205056,2023-06-18,6,6,1,99,9,7,1.0
5,snacks,26.51071610352064,41.26353507347679,38.14800226618286,2023-06-19,0,6,0,86,7,7,1.0
5,snacks,26.51071610352064,41.26353507347679,33.882322323243095,2023-06-20,1,6,0,188,16,7,1.0
5,snacks,26.51071610352064,41.26353507347679,40.244041594852355,2023-06-21,2,6,0,124,19,1,1.0
5,snacks,26.51071610352064,41.26353507347679,36.85141136463706,2023-06-22,3,6,0,25,13,7,1.0
5,snacks,26.51071610352064,41.26353507347679,35.247257717593875,2023-06-23,4,6,0,116,18,10,1.0
5,snacks,26.51071610352064,41.26353507347679,36.668253965888,2023-06-24,5,6,1,70,11,12,1.0
5,snacks,26.51071610352064,41.26353507347679,38.90030170760305,2023-06-25,6,6,1,83,13,14,1.0
5,snacks,26.51071610352064,41.26353507347679,34.180850559166714,2023-06-26,0,6,0,146,10,4,1.0
5,snacks,26.51071610352064,41.26353507347679,33.37321350099951,2023-06-27,1,6,0,93,12,9,1.0
5,snacks,26.51071610352064,41.26353507347679,31.0695929342708,2023-06-28,2,6,0,185,5,9,1.0
5,snacks,26.51071610352064,41.26353507347679,29.041478139447143,2023-06-29,3,6,0,76,13,2,1.0
6,grocery,21.09227123192963,29.20451596291278,28.682671607608,2023-01-01,6,1,1,136,29,2,1.1
6,grocery,21.09227123192963,29.20451596291278,26.00513129786043,2023-01-02,0,1,0,176,4,8,1.1
6,grocery,21.09227123192963,29.20451596291278,28.3337018625888,2023-01-03,1,1,0,61,17,4,1.1
6,grocery,21.09227123192963,29.20451596291278,27.509439928487716,2023-01-04,2,1,0,151,13,2,1.1
6,grocery,21.09227123192963,29.20451596291278,26.262385896063687,2023-01-05,3,1,0,66,5,11,1.1
6,grocery,21.09227123192963,29.20451596291278,23.67542080464931,2023-01-06,4,1,0,38,16,10,1.1
6,grocery,21.09227123192963,29.20451596291278,25.137698000605322,2023-01-07,5,1,1,173,22,14,1.1
6,grocery,21.09227123192963,29.20451596291278,24.628699893277187,2023-01-08,6,1,1,61,15,3,1.1
6,grocery,21.09227123192963,29.20451596291278,27.526031916533704,2023-01-09,0,1,0,196,12,8,1.1
6,grocery,21.09227123192963,29.20451596291278,24.710607085959825,2023-01-10,1,1,0,71,22,4,1.1
6,grocery,21.09227123192963,29.20451596291278,26.545273747575973,2023-01-11,2,1,0,65,18,4,1.1
6,grocery,21.09227123192963,29.20451596291278,22.508683380857217,2023-01-12,3,1,0,29,20,6,1.1
6,grocery,21.09227123192963,29.20451596291278,25.325291713357945,2023-01-13,4,1,0,176,8,7,1.1
6,grocery,21.09227123192963,29.20451596291278,27.43565788697729,2023-01-14,5,1,1,62,10,10,1.1
6,grocery,21.09227123192963,29.20451596291278,24.207086190296476,2023-01-15,6,1,1,45,14,9,1.1
6,grocery,21.09227123192963,29.20451596291278,28.484321515986846,2023-01-16,0,1,0,63,20,1,1.1
6,grocery,21.09227123192963,29.20451596291278,23.926627953812492,2023-01-17,1,1,0,117,8,12,1.1
6,grocery,21.09227123192963,29.20451596291278,28.068940981997216,2023-01-18,2,1,0,143,6,2,1.1
6,grocery,21.09227123192963,29.20451596291278,27.285662056612615,2023-01-19,3,1,0,150,12,7,1.1
6,grocery,21.09227123192963,29.20451596291278,26.72350846254774,2023-01-20,4,1,0,153,19,13,1.1
6,grocery,21.09227123192963,29.20451596291278,22.989431940179472,2023-01-21,5,1,1,31,23,4,1.1
6,grocery,21.09227123192963,29.20451596291278,25.488219059830392,2023-01-22,6,1,1,67,18,3,1.1
6,grocery,21.09227123192963,29.20451596291278,28.284551515503782,2023-01-23,0,1,0,126,15,5,1.1
6,grocery,21.09227123192963,29.20451596291278,25.184111894033624,2023-01-24,1,1,0,141,18,5,1.1
6,grocery,21.09227123192963,29.20451596291278,25.925171887859644,2023-01-25,2,1,0,34,10,3,1.1
6,grocery,21.09227123192963,29.20451596291278,28.201872983858728,2023-01-26,3,1,0,144,6,3,1.1
6,grocery,21.09227123192963,29.20451596291278,24.01773072829507,2023-01-27,4,1,0,29,8,12,1.1
6,grocery,21.09227123192963,29.20451596291278,27.945727946461858,2023-01-28,5,1,1,164,32,1,1.1
6,grocery,21.09227123192963,29.20451596291278,27.874660667639212,2023-01-29,6,1,1,20,7,12,1.1
6,grocery,21.09227123192963,29.20451596291278,27.170351003776226,2023-01-30,0,1,0,140,13,4,1.1
6,grocery,21.09227123192963,29.20451596291278,23.0227888202534,2023-01-31,1,1,0,31,31,1,1.1
6,grocery,21.09227123192963,29.20451596291278,25.585447439677644,2023-02-01,2,2,0,146,11,12,1.1732050807568877
6,grocery,21.09227123192963,29.20451596291278,25.87794811974293,2023-02-02,3,2,0,158,14,12,1.1732050807568877
6,grocery,21.09227123192963,29.20451596291278,23.45803001956145,2023-02-03,4,2,0,125,13,12,1.1732050807568877
6,grocery,21.09227123192963,29.20451596291278,28.18822466072052,2023-02-04,5,2,1,105,5,5,1.1732050807568877
6,grocery,21.09227123192963,29.20451596291278,27.26152366594213,2023-02-05,6,2,1,57,21,6,1.1732050807568877
6,grocery,21.09227123192963,29.20451596291278,24.377076066168595,2023-02-06,0,2,0,93,6,7,1.1732050807568877
6,grocery,21.09227123192963,29.20451596291278,22.59226627118281,2023-02-07,1,2,0,70,17,10,1.1732050807568877
6,grocery,21.09227123192963,29.20451596291278,24.527190151520713,2023-02-08,2,2,0,89,8,5,1.1732050807568877
6,grocery,21.09227123192963,29.20451596291278,27.673011631919096,2023-02-09,3,2,0,76,14,4,1.1732050807568877
6,grocery,21.09227123192963,29.20451596291278,23.839445563260163,2023-02-10,4,2,0,46,12,10,1.1732050807568877
6,grocery,21.09227123192963,29.20451596291278,22.40421344230159,2023-02-11,5,2,1,199,26,8,1.1732050807568877
6,grocery,21.09227123192963,29.20451596291278,22.97949107110948,2023-02-12,6,2,1,83,16,7,1.1732050807568877
6,grocery,21.09227123192963,29.20451596291278,25.123176907500657,2023-02-13,0,2,0,103,25,3,1.1732050807568877
6,grocery,21.09227123192963,29.20451596291278,24.590214731705817,2023-02-14,1,2,0,165,13,14,1.1732050807568877
6,grocery,21.09227123192963,29.20451596291278,23.779721700811926,2023-02-15,2,2,0,106,27,4,1.1732050807568877
6,grocery,21.09227123192963,29.20451596291278,28.27683994848936,2023-02-16,3,2,0,183,22,1,1.1732050807568877
6,grocery,21.09227123192963,29.20451596291278,26.598629771663525,2023-02-17,4,2,0,113,12,3,1.1732050807568877
6,grocery,21.09227123192963,29.20451596291278,24.01862883062237,2023-02-18,5,2,1,84,25,12,1.1732050807568877
6,grocery,21.09227123192963,29.20451596291278,28.589096173925736,2023-02-19,6,2,1,24,13,10,1.1732050807568877
6,grocery,21.09227123192963,29.20451596291278,23.9094870972281,2023-02-20,0,2,0,48,26,3,1.1732050807568877
6,grocery,21.09227123192963,29.20451596291278,22.849681683644818,2023-02-21,1,2,0,127,21,12,1.1732050807568877
6,grocery,21.09227123192963,29.20451596291278,28.221160839071477,2023-02-22,2,2,0,21,10,5,1.1732050807568877
6,grocery,21.09227123192963,29.20451596291278,22.395420499835208,2023-02-23,3,2,0,92,19,5,1.1732050807568877
6,grocery,21.09227123192963,29.20451596291278,23.50163548291565,2023-02-24,4,2,0,71,12,13,1.1732050807568877
6,grocery,21.09227123192963,29.20451596291278,25.508592273137133,2023-02-25,5,2,1,26,13,8,1.1732050807568877
6,grocery,21.09227123192963,29.20451596291278,24.250107277547723,2023-02-26,6,2,1,162,22,4,1.1732050807568877
6,grocery,21.09227123192963,29.20451596291278,26.498775286354224,2023-02-27,0,2,0,184,10,7,1.1732050807568877
6,grocery,21.09227123192963,29.20451596291278,25.453787243186646,2023-02-28,1,2,0,187,8,13,1.1732050807568877
6,grocery,21.09227123192963,29.20451596291278,25.149946797153493,2023-03-01,2,3,0,99,10,5,1.2
6,grocery,21.09227123192963,29.20451596291278,22.208831118150133,2023-03-02,3,3,0,109,13,5,1.2
6,grocery,21.09227123192963,29.20451596291278,24.991331138273935,2023-03-03,4,3,0,47,6,8,1.2
6,grocery,21.09227123192963,29.20451596291278,29.04194728328623,2023-03-04,5,3,1,96,20,7,1.2
6,grocery,21.09227123192963,29.20451596291278,28.768221479268323,2023-03-05,6,3,1,87,15,5,1.2
6,grocery,21.09227123192963,29.20451596291278,27.092932128183755,2023-03-06,0,3,0,120,11,3,1.2
6,grocery,21.09227123192963,29.20451596291278,22.597123242178697,2023-03-07,1,3,0,102,13,6,1.2
6,grocery,21.09227123192963,29.20451596291278,24.29586590322689,2023-03-08,2,3,0,23,7,2,1.2
6,grocery,21.09227123192963,29.20451596291278,23.833761223320924,2023-03-09,3,3,0,120,17,3,1.2
6,grocery,21.09227123192963,29.20451596291278,28.149429945073173,2023-03-10,4,3,0,190,13,3,1.2
6,grocery,21.09227123192963,29.20451596291278,26.332456645037436,2023-03-11,5,3,1,112,10,9,1.2
6,grocery,21.09227123192963,29.20451596291278,23.858672839894428,2023-03-12,6,3,1,47,25,10,1.2
6,grocery,21.09227123192963,29.20451596291278,24.753650014586988,2023-03-13,0,3,0,115,5,10,1.2
6,grocery,21.09227123192963,29.20451596291278,28.879478259109373,2023-03-14,1,3,0,107,18,3,1.2
6,grocery,21.09227123192963,29.20451596291278,22.693731044460026,2023-03-15,2,3,0,78,16,9,1.2
6,grocery,21.09227123192963,29.20451596291278,23.956553370050973,2023-03-16,3,3,0,68,8,8,1.2
6,grocery,21.09227123192963,29.20451596291278,27.442442664303115,2023-03-17,4,3,0,67,18,3,1.2
6,grocery,21.09227123192963,29.20451596291278,28.194112664764727,2023-03-18,5,3,1,196,15,12,1.2
6,grocery,21.09227123192963,29.20451596291278,25.277391286313772,2023-03-19,6,3,1,177,25,4,1.2
6,grocery,21.09227123192963,29.20451596291278,27.010447281290705,2023-03-20,0,3,0,133,19,9,1.2
6,grocery,21.09227123192963,29.20451596291278,22.361548861960777,2023-03-21,1,3,0,114,9,12,1.2
6,grocery,21.09227123192963,29.20451596291278,27.97976718187312,2023-03-22,2,3,0,103,16,7,1.2
6,grocery,21.09227123192963,29.20451596291278,25.45978515267286,2023-03-23,3,3,0,96,13,3,1.2
6,grocery,21.09227123192963,29.20451596291278,23.50672373497575,2023-03-24,4,3,0,81,12,4,1.2
6,grocery,21.09227123192963,29.20451596291278,23.752366050215706,2023-03-25,5,3,1,191,18,5,1.2
6,grocery,21.09227123192963,29.20451596291278,28.780524344470507,2023-03-26,6,3,1,88,21,7,1.2
6,grocery,21.09227123192963,29.20451596291278,28.43622288165808,2023-03-27,0,3,0,157,15,10,1.2
6,grocery,21.09227123192963,29.20451596291278,29.089558324869728,2023-03-28,1,3,0,198,4,5,1.2
6,grocery,21.09227123192963,29.20451596291278,23.447616077202635,2023-03-29,2,3,0,68,8,9,1.2
6,grocery,21.09227123192963,29.20451596291278,22.284141959987682,2023-03-30,3,3,0,81,19,4,1.2
6,grocery,21.09227123192963,29.20451596291278,27.676549419451828,2023-03-31,4,3,0,180,16,13,1.2
6,grocery,21.09227123192963,29.20451596291278,28.451498432638346,2023-04-01,5,4,1,62,41,1,1.1732050807568877
6,grocery,21.09227123192963,29.20451596291278,28.56132161394039,2023-04-02,6,4,1,90,10,10,1.1732050807568877
6,grocery,21.09227123192963,29.20451596291278,28.81896921450186,2023-04-03,0,4,0,99,18,8,1.1732050807568877
6,grocery,21.09227123192963,29.20451596291278,28.43128858263679,2023-04-04,1,4,0,24,10,8,1.1732050807568877
6,grocery,21.09227123192963,29.20451596291278,24.435878400055408,2023-04-05,2,4,0,76,20,13,1.1732050807568877
6,grocery,21.09227123192963,29.20451596291278,27.938318983202997,2023-04-06,3,4,0,59,22,3,1.1732050807568877
6,grocery,21.09227123192963,29.20451596291278,24.67178596194438,2023-04-07,4,4,0,74,12,4,1.1732050807568877
6,grocery,21.09227123192963,29.20451596291278,28.968497762331975,2023-04-08,5,4,1,134,15,5,1.1732050807568877
6,grocery,21.09227123192963,29.20451596291278,28.56647357736117,2023-04-09,6,4,1,100,18,13,1.1732050807568877
6,grocery,21.09227123192963,29.20451596291278,23.965156418230983,2023-04-10,0,4,0,82,17,14,1.1732050807568877
6,grocery,21.09227123192963,29.20451596291278,27.321260330423705,2023-04-11,1,4,0,186,16,2,1.1732050807568877
6,grocery,21.09227123192963,29.20451596291278,25.009779420314878,2023-04-12,2,4,0,192,29,4,1.1732050807568877
6,grocery,21.09227123192963,29.20451596291278,28.16928276751755,2023-04-13,3,4,0,48,8,9,1.1732050807568877
6,grocery,21.09227123192963,29.20451596291278,22.78602011474943,2023-04-14,4,4,0,31,16,2,1.1732050807568877
6,grocery,21.09227123192963,29.20451596291278,27.596449011132766,2023-04-15,5,4,1,118,11,7,1.1732050807568877
6,grocery,21.09227123192963,29.20451596291278,27.664398460598374,2023-04-16,6,4,1,171,16,12,1.1732050807568877
6,grocery,21.09227123192963,29.20451596291278,26.21553084513156,2023-04-17,0,4,0,128,17,12,1.1732050807568877
6,grocery,21.09227123192963,29.20451596291278,23.81246179526061,2023-04-18,1,4,0,142,7,11,1.1732050807568877
6,grocery,21.09227123192963,29.20451596291278,23.431819206718757,2023-04-19,2,4,0,105,29,2,1.1732050807568877
6,grocery,21.09227123192963,29.20451596291278,26.765020762749934,2023-04-20,3,4,0,196,7,13,1.1732050807568877
6,grocery,21.09227123192963,29.20451596291278,25.323594161829806,2023-04-21,4,4,0,181,11,7,1.1732050807568877
6,grocery,21.09227123192963,29.20451596291278,26.248889263585138,2023-04-22,5,4,1,198,19,3,1.1732050807568877
6,grocery,21.09227123192963,29.20451596291278,25.7741927737665,2023-04-23,6,4,1,177,27,4,1.1732050807568877
6,grocery,21.09227123192963,29.20451596291278,23.280577584793978,2023-04-24,0,4,0,169,7,7,1.1732050807568877
6,grocery,21.09227123192963,29.20451596291278,23.77239293255696,2023-04-25,1,4,0,74,23,4,1.1732050807568877
6,grocery,21.09227123192963,29.20451596291278,22.485043201157133,2023-04-26,2,4,0,125,19,5,1.1732050807568877
6,grocery,21.09227123192963,29.20451596291278,22.194852326671707,2023-04-27,3,4,0,143,15,12,1.1732050807568877
6,grocery,21.09227123192963,29.20451596291278,26.67100180912504,2023-04-28,4,4,0,36,16,4,1.1732050807568877
6,grocery,21.09227123192963,29.20451596291278,22.165997916110303,2023-04-29,5,4,1,138,15,2,1.1732050807568877
6,grocery,21.09227123192963,29.20451596291278,23.63583246936757,2023-04-30,6,4,1,63,24,14,1.1732050807568877
6,grocery,21.09227123192963,29.20451596291278,25.092680928952486,2023-05-01,0,5,0,179,22,3,1.1
6,grocery,21.09227123192963,29.20451596291278,22.633352334688894,2023-05-02,1,5,0,112,30,1,1.1
6,grocery,21.09227123192963,29.20451596291278,25.99188991408639,2023-05-03,2,5,0,23,7,10,1.1
6,grocery,21.09227123192963,29.20451596291278,25.048589877784067,2023-05-04,3,5,0,156,11,11,1.1
6,grocery,21.09227123192963,29.20451596291278,23.130150314860227,2023-05-05,4,5,0,23,20,8,1.1
6,grocery,21.09227123192963,29.20451596291278,22.62706706214083,2023-05-06,5,5,1,73,16,3,1.1
6,grocery,21.09227123192963,29.20451596291278,25.717522490036192,2023-05-07,6,5,1,59,20,13,1.1
6,grocery,21.09227123192963,29.20451596291278,26.99713131660721,2023-05-08,0,5,0,118,29,1,1.1
6,grocery,21.09227123192963,29.20451596291278,22.216244034861433,2023-05-09,1,5,0,199,17,2,1.1
6,grocery,21.09227123192963,29.20451596291278,24.293072574800338,2023-05-10,2,5,0,86,24,3,1.1
6,grocery,21.09227123192963,29.20451596291278,29.090933015124634,2023-05-11,3,5,0,88,20,4,1.1
6,grocery,21.09227123192963,29.20451596291278,25.37902025053997,2023-05-12,4,5,0,76,17,8,1.1
6,grocery,21.09227123192963,29.20451596291278,26.16477963814328,2023-05-13,5,5,1,54,16,3,1.1
6,grocery,21.09227123192963,29.20451596291278,23.37601849413315,2023-05-14,6,5,1,157,21,10,1.1
6,grocery,21.09227123192963,29.20451596291278,25.28490281079068,2023-05-15,0,5,0,50,12,11,1.1
6,grocery,21.09227123192963,29.20451596291278,23.026360108412277,2023-05-16,1,5,0,39,6,9,1.1
6,grocery,21.09227123192963,29.20451596291278,25.295791182291893,2023-05-17,2,5,0,159,7,7,1.1
6,grocery,21.09227123192963,29.20451596291278,24.293278752885584,2023-05-18,3,5,0,89,19,6,1.1
6,grocery,21.09227123192963,29.20451596291278,27.56548429025906,2023-05-19,4,5,0,108,8,12,1.1
6,grocery,21.09227123192963,29.20451596291278,24.021092374525978,2023-05-20,5,5,1,133,7,5,1.1
6,grocery,21.09227123192963,29.20451596291278,26.656450133490264,2023-05-21,6,5,1,136,15,5,1.1
6,grocery,21.09227123192963,29.20451596291278,23.08848808162005,2023-05-22,0,5,0,195,15,12,1.1
6,grocery,21.09227123192963,29.20451596291278,23.299780249691423,2023-05-23,1,5,0,73,8,6,1.1
6,grocery,21.09227123192963,29.20451596291278,25.44464056318732,2023-05-24,2,5,0,78,18,5,1.1
6,grocery,21.09227123192963,29.20451596291278,28.272905768299808,2023-05-25,3,5,0,64,14,4,1.1
6,grocery,21.09227123192963,29.20451596291278,24.864482529591683,2023-05-26,4,5,0,72,12,10,1.1
6,grocery,21.09227123192963,29.20451596291278,26.185063465260363,2023-05-27,5,5,1,83,20,13,1.1
6,grocery,21.09227123192963,29.20451596291278,25.42162867817397,2023-05-28,6,5,1,83,20,13,1.1
6,grocery,21.09227123192963,29.20451596291278,22.3208159118384,2023-05-29,0,5,0,174,39,1,1.1
6,grocery,21.09227123192963,29.20451596291278,23.052731236190475,2023-05-30,1,5,0,178,24,12,1.1
6,grocery,21.09227123192963,29.20451596291278,28.58216395073328,2023-05-31,2,5,0,103,11,3,1.1
6,grocery,21.09227123192963,29.20451596291278,28.204664402496284,2023-06-01,3,6,0,181,14,12,1.0
6,grocery,21.09227123192963,29.20451596291278,28.829615980897486,2023-06-02,4,6,0,133,8,12,1.0
6,grocery,21.09227123192963,29.20451596291278,28.59668658506468,2023-06-03,5,6,1,150,15,10,1.0
6,grocery,21.09227123192963,29.20451596291278,27.91219516270003,2023-06-04,6,6,1,109,9,6,1.0
6,grocery,21.09227123192963,29.20451596291278,26.85387299068681,2023-06-05,0,6,0,163,7,1,1.0
6,grocery,21.09227123192963,29.20451596291278,23.132782036534188,2023-06-06,1,6,0,66,10,13,1.0
6,grocery,21.09227123192963,29.20451596291278,26.88089694442732,2023-06-07,2,6,0,185,7,10,1.0
6,grocery,21.09227123192963,29.20451596291278,25.12027102743183,2023-06-08,3,6,0,193,18,9,1.0
6,grocery,21.09227123192963,29.20451596291278,23.505430453346968,2023-06-09,4,6,0,40,16,8,1.0
6,grocery,21.09227123192963,29.20451596291278,27.937724130110308,2023-06-10,5,6,1,39,14,8,1.0
6,grocery,21.09227123192963,29.20451596291278,26.00371339243181,2023-06-11,6,6,1,34,15,14,1.0
6,grocery,21.09227123192963,29.20451596291278,26.25749674631707,2023-06-12,0,6,0,99,10,4,1.0
6,grocery,21.09227123192963,29.20451596291278,22.270380733972104,2023-06-13,1,6,0,175,9,6,1.0
6,grocery,21.09227123192963,29.20451596291278,29.192650366884635,2023-06-14,2,6,0,92,12,9,1.0
6,grocery,21.09227123192963,29.20451596291278,26.245646434269627,2023-06-15,3,6,0,152,10,10,1.0
6,grocery,21.09227123192963,29.20451596291278,24.634566017051554,2023-06-16,4,6,0,46,8,10,1.0
6,grocery,21.09227123192963,29.20451596291278,28.94149628516865,2023-06-17,5,6,1,93,8,10,1.0
6,grocery,21.09227123192963,29.20451596291278,22.892525964622955,2023-06-18,6,6,1,86,20,6,1.0
6,grocery,21.09227123192963,29.20451596291278,27.110356076690508,2023-06-19,0,6,0,106,8,2,1.0
6,grocery,21.09227123192963,29.20451596291278,27.42260973918801,2023-06-20,1,6,0,122,5,8,1.0
6,grocery,21.09227123192963,29.20451596291278,28.907891251703266,2023-06-21,2,6,0,135,12,13,1.0
6,grocery,21.09227123192963,29.20451596291278,23.32200541699621,2023-06-22,3,6,0,65,7,7,1.0
6,grocery,21.09227123192963,29.20451596291278,28.60345245146837,2023-06-23,4,6,0,43,10,10,1.0
6,grocery,21.09227123192963,29.20451596291278,25.68007280892984,2023-06-24,5,6,1,35,15,11,1.0
6,grocery,21.09227123192963,29.20451596291278,26.970277536015764,2023-06-25,6,6,1,30,30,1,1.0
6,grocery,21.09227123192963,29.20451596291278,24.330957518811392,2023-06-26,0,6,0,62,9,5,1.0
6,grocery,21.09227123192963,29.20451596291278,26.131581579691915,2023-06-27,1,6,0,78,15,7,1.0
6,grocery,21.09227123192963,29.20451596291278,24.021995517382358,2023-06-28,2,6,0,45,13,1,1.0
6,grocery,21.09227123192963,29.20451596291278,23.33785608978195,2023-06-29,3,6,0,151,14,4,1.0
7,grocery,27.12051377381238,41.02063055516494,34.36046762403338,2023-01-01,6,1,1,54,10,14,1.1
7,grocery,27.12051377381238,41.02063055516494,30.25006764559708,2023-01-02,0,1,0,41,16,8,1.1
7,grocery,27.12051377381238,41.02063055516494,30.950020750233143,2023-01-03,1,1,0,119,6,4,1.1
7,grocery,27.12051377381238,41.02063055516494,30.039722166665207,2023-01-04,2,1,0,165,9,6,1.1
7,grocery,27.12051377381238,41.02063055516494,31.214953582878177,2023-01-05,3,1,0,63,6,7,1.1
7,grocery,27.12051377381238,41.02063055516494,30.240137290961773,2023-01-06,4,1,0,68,3,5,1.1
7,grocery,27.12051377381238,41.02063055516494,28.562350430418032,2023-01-07,5,1,1,161,20,11,1.1
7,grocery,27.12051377381238,41.02063055516494,39.60368445193054,2023-01-08,6,1,1,21,9,3,1.1
7,grocery,27.12051377381238,41.02063055516494,39.22804154821156,2023-01-09,0,1,0,101,10,4,1.1
7,grocery,27.12051377381238,41.02063055516494,32.369860167985735,2023-01-10,1,1,0,100,16,10,1.1
7,grocery,27.12051377381238,41.02063055516494,40.27740393624007,2023-01-11,2,1,0,100,14,5,1.1
7,grocery,27.12051377381238,41.02063055516494,29.320563776124978,2023-01-12,3,1,0,28,22,14,1.1
7,grocery,27.12051377381238,41.02063055516494,36.41919043832655,2023-01-13,4,1,0,172,15,6,1.1
7,grocery,27.12051377381238,41.02063055516494,36.3385905592489,2023-01-14,5,1,1,196,19,12,1.1
7,grocery,27.12051377381238,41.02063055516494,40.210593670722716,2023-01-15,6,1,1,150,23,3,1.1
7,grocery,27.12051377381238,41.02063055516494,30.70125109857045,2023-01-16,0,1,0,131,19,9,1.1
7,grocery,27.12051377381238,41.02063055516494,29.439871521719102,2023-01-17,1,1,0,138,16,14,1.1
7,grocery,27.12051377381238,41.02063055516494,38.13575589553636,2023-01-18,2,1,0,152,18,6,1.1
7,grocery,27.12051377381238,41.02063055516494,32.79557079640385,2023-01-19,3,1,0,51,17,1,1.1
7,grocery,27.12051377381238,41.02063055516494,38.71196321251224,2023-01-20,4,1,0,49,7,9,1.1
7,grocery,27.12051377381238,41.02063055516494,40.78710140404592,2023-01-21,5,1,1,193,11,4,1.1
7,grocery,27.12051377381238,41.02063055516494,29.355487564373615,2023-01-22,6,1,1,60,10,12,1.1
7,grocery,27.12051377381238,41.02063055516494,35.76175347911856,2023-01-23,0,1,0,149,11,2,1.1
7,grocery,27.12051377381238,41.02063055516494,36.14275440017305,2023-01-24,1,1,0,75,9,11,1.1
7,grocery,27.12051377381238,41.02063055516494,37.92032676892986,2023-01-25,2,1,0,49,3,7,1.1
7,grocery,27.12051377381238,41.02063055516494,28.90809644322302,2023-01-26,3,1,0,76,21,14,1.1
7,grocery,27.12051377381238,41.02063055516494,32.801362824490845,2023-01-27,4,1,0,68,15,10,1.1
7,grocery,27.12051377381238,41.02063055516494,39.89438009646263,2023-01-28,5,1,1,165,17,5,1.1
7,grocery,27.12051377381238,41.02063055516494,28.837824094854735,2023-01-29,6,1,1,63,9,6,1.1
7,grocery,27.12051377381238,41.02063055516494,30.643615949728254,2023-01-30,0,1,0,49,19,8,1.1
7,grocery,27.12051377381238,41.02063055516494,40.507379563230124,2023-01-31,1,1,0,134,12,4,1.1
7,grocery,27.12051377381238,41.02063055516494,28.71612155899305,2023-02-01,2,2,0,174,20,8,1.1732050807568877
7,grocery,27.12051377381238,41.02063055516494,33.93689104668565,2023-02-02,3,2,0,102,10,2,1.1732050807568877
7,grocery,27.12051377381238,41.02063055516494,34.02972958613025,2023-02-03,4,2,0,116,10,7,1.1732050807568877
7,grocery,27.12051377381238,41.02063055516494,30.70793329920099,2023-02-04,5,2,1,91,18,5,1.1732050807568877
7,grocery,27.12051377381238,41.02063055516494,35.973295228148295,2023-02-05,6,2,1,32,16,12,1.1732050807568877
7,grocery,27.12051377381238,41.02063055516494,34.097364632281725,2023-02-06,0,2,0,37,9,2,1.1732050807568877
7,grocery,27.12051377381238,41.02063055516494,34.841282895215556,2023-02-07,1,2,0,195,14,1,1.1732050807568877
7,grocery,27.12051377381238,41.02063055516494,32.126862313111154,2023-02-08,2,2,0,153,22,14,1.1732050807568877
7,grocery,27.12051377381238,41.02063055516494,29.501137873413754,2023-02-09,3,2,0,176,25,10,1.1732050807568877
7,grocery,27.12051377381238,41.02063055516494,32.68391308410065,2023-02-10,4,2,0,25,15,10,1.1732050807568877
7,grocery,27.12051377381238,41.02063055516494,30.0995017073581,2023-02-11,5,2,1,123,41,2,1.1732050807568877
7,grocery,27.12051377381238,41.02063055516494,34.230578218106636,2023-02-12,6,2,1,157,13,5,1.1732050807568877
7,grocery,27.12051377381238,41.02063055516494,39.178256964661166,2023-02-13,0,2,0,70,8,10,1.1732050807568877
7,grocery,27.12051377381238,41.02063055516494,34.965248679599966,2023-02-14,1,2,0,139,16,11,1.1732050807568877
7,grocery,27.12051377381238,41.02063055516494,29.849896235512624,2023-02-15,2,2,0,122,6,9,1.1732050807568877
7,grocery,27.12051377381238,41.02063055516494,36.6054908029943,2023-02-16,3,2,0,158,17,9,1.1732050807568877
7,grocery,27.12051377381238,41.02063055516494,36.18487666833573,2023-02-17,4,2,0,31,14,13,1.1732050807568877
7,grocery,27.12051377381238,41.02063055516494,28.786001619510703,2023-02-18,5,2,1,195,18,8,1.1732050807568877
7,grocery,27.12051377381238,41.02063055516494,31.136905824463696,2023-02-19,6,2,1,182,10,6,1.1732050807568877
7,grocery,27.12051377381238,41.02063055516494,31.07062834855154,2023-02-20,0,2,0,62,5,10,1.1732050807568877
7,grocery,27.12051377381238,41.02063055516494,31.84910506886481,2023-02-21,1,2,0,85,23,6,1.1732050807568877
7,grocery,27.12051377381238,41.02063055516494,33.593748616250984,2023-02-22,2,2,0,48,20,3,1.1732050807568877
7,grocery,27.12051377381238,41.02063055516494,39.75397819534585,2023-02-23,3,2,0,57,4,7,1.1732050807568877
7,grocery,27.12051377381238,41.02063055516494,29.92864402750766,2023-02-24,4,2,0,46,7,10,1.1732050807568877
7,grocery,27.12051377381238,41.02063055516494,29.48846837308178,2023-02-25,5,2,1,36,9,11,1.1732050807568877
7,grocery,27.12051377381238,41.02063055516494,40.22399711812891,2023-02-26,6,2,1,95,19,7,1.1732050807568877
7,grocery,27.12051377381238,41.02063055516494,39.14068192724591,2023-02-27,0,2,0,156,18,5,1.1732050807568877
7,grocery,27.12051377381238,41.02063055516494,29.10198968082758,2023-02-28,1,2,0,178,20,1,1.1732050807568877
7,grocery,27.12051377381238,41.02063055516494,35.206072918087195,2023-03-01,2,3,0,30,9,7,1.2
7,grocery,27.12051377381238,41.02063055516494,37.27450785211087,2023-03-02,3,3,0,46,3,3,1.2
7,grocery,27.12051377381238,41.02063055516494,40.43502687551786,2023-03-03,4,3,0,104,15,13,1.2
7,grocery,27.12051377381238,41.02063055516494,38.73943215922898,2023-03-04,5,3,1,167,9,2,1.2
7,grocery,27.12051377381238,41.02063055516494,32.53383610015052,2023-03-05,6,3,1,86,33,1,1.2
7,grocery,27.12051377381238,41.02063055516494,39.26371411550845,2023-03-06,0,3,0,166,13,12,1.2
7,grocery,27.12051377381238,41.02063055516494,38.04183589361463,2023-03-07,1,3,0,41,7,7,1.2
7,grocery,27.12051377381238,41.02063055516494,38.5581433334278,2023-03-08,2,3,0,150,12,12,1.2
7,grocery,27.12051377381238,41.02063055516494,37.92820609332226,2023-03-09,3,3,0,197,14,4,1.2
7,grocery,27.12051377381238,41.02063055516494,29.598898465381428,2023-03-10,4,3,0,95,21,13,1.2
7,grocery,27.12051377381238,41.02063055516494,39.44968463594951,2023-03-11,5,3,1,156,17,8,1.2
7,grocery,27.12051377381238,41.02063055516494,29.745570210375355,2023-03-12,6,3,1,96,13,12,1.2
7,grocery,27.12051377381238,41.02063055516494,36.49474543696682,2023-03-13,0,3,0,188,19,10,1.2
7,grocery,27.12051377381238,41.02063055516494,30.0671527814625,2023-03-14,1,3,0,26,18,4,1.2
7,grocery,27.12051377381238,41.02063055516494,30.494385637172403,2023-03-15,2,3,0,48,20,7,1.2
7,grocery,27.12051377381238,41.02063055516494,35.7686832880132,2023-03-16,3,3,0,52,3,9,1.2
7,grocery,27.12051377381238,41.02063055516494,32.976443873088385,2023-03-17,4,3,0,112,16,4,1.2
7,grocery,27.12051377381238,41.02063055516494,38.47244358828918,2023-03-18,5,3,1,96,19,2,1.2
7,grocery,27.12051377381238,41.02063055516494,33.53833100538327,2023-03-19,6,3,1,180,21,13,1.2
7,grocery,27.12051377381238,41.02063055516494,39.98916321774722,2023-03-20,0,3,0,89,20,3,1.2
7,grocery,27.12051377381238,41.02063055516494,40.74881023276393,2023-03-21,1,3,0,107,8,5,1.2
7,grocery,27.12051377381238,41.02063055516494,38.241216306284585,2023-03-22,2,3,0,146,10,1,1.2
7,grocery,27.12051377381238,41.02063055516494,35.39726971407006,2023-03-23,3,3,0,31,11,3,1.2
7,grocery,27.12051377381238,41.02063055516494,40.588084180437235,2023-03-24,4,3,0,36,13,9,1.2
7,grocery,27.12051377381238,41.02063055516494,29.437697852831754,2023-03-25,5,3,1,80,16,6,1.2
7,grocery,27.12051377381238,41.02063055516494,38.20906151602085,2023-03-26,6,3,1,74,40,1,1.2
7,grocery,27.12051377381238,41.02063055516494,34.279565246962505,2023-03-27,0,3,0,140,17,14,1.2
7,grocery,27.12051377381238,41.02063055516494,30.77918443258401,2023-03-28,1,3,0,141,7,8,1.2
7,grocery,27.12051377381238,41.02063055516494,34.98951904787422,2023-03-29,2,3,0,183,6,10,1.2
7,grocery,27.12051377381238,41.02063055516494,40.31523093116252,2023-03-30,3,3,0,110,8,9,1.2
7,grocery,27.12051377381238,41.02063055516494,34.166198103470364,2023-03-31,4,3,0,91,21,4,1.2
7,grocery,27.12051377381238,41.02063055516494,35.100673572842176,2023-04-01,5,4,1,177,11,5,1.1732050807568877
7,grocery,27.12051377381238,41.02063055516494,39.330873235105415,2023-04-02,6,4,1,119,9,14,1.1732050807568877
7,grocery,27.12051377381238,41.02063055516494,30.374012425869136,2023-04-03,0,4,0,178,13,11,1.1732050807568877
7,grocery,27.12051377381238,41.02063055516494,29.448501132204775,2023-04-04,1,4,0,149,12,4,1.1732050807568877
7,grocery,27.12051377381238,41.02063055516494,33.625872720543484,2023-04-05,2,4,0,69,16,6,1.1732050807568877
7,grocery,27.12051377381238,41.02063055516494,33.01331175522787,2023-04-06,3,4,0,142,23,8,1.1732050807568877
7,grocery,27.12051377381238,41.02063055516494,38.30057020676078,2023-04-07,4,4,0,69,12,14,1.1732050807568877
7,grocery,27.12051377381238,41.02063055516494,35.74924524089549,2023-04-08,5,4,1,86,21,5,1.1732050807568877
7,grocery,27.12051377381238,41.02063055516494,34.81574191088915,2023-04-09,6,4,1,94,10,7,1.1732050807568877
7,grocery,27.12051377381238,41.02063055516494,40.05691807011912,2023-04-10,0,4,0,69,13,7,1.1732050807568877
7,grocery,27.12051377381238,41.02063055516494,31.67106493982702,2023-04-11,1,4,0,97,11,8,1.1732050807568877
7,grocery,27.12051377381238,41.02063055516494,38.96891572167132,2023-04-12,2,4,0,25,5,6,1.1732050807568877
7,grocery,27.12051377381238,41.02063055516494,39.5455606782556,2023-04-13,3,4,0,31,8,13,1.1732050807568877
7,grocery,27.12051377381238,41.02063055516494,34.737403934941085,2023-04-14,4,4,0,175,9,14,1.1732050807568877
7,grocery,27.12051377381238,41.02063055516494,38.54564883488144,2023-04-15,5,4,1,89,7,3,1.1732050807568877
7,grocery,27.12051377381238,41.02063055516494,29.742760408523843,2023-04-16,6,4,1,121,39,2,1.1732050807568877
7,grocery,27.12051377381238,41.02063055516494,28.503937549463718,2023-04-17,0,4,0,43,42,1,1.1732050807568877
7,grocery,27.12051377381238,41.02063055516494,31.771492549774003,2023-04-18,1,4,0,135,23,13,1.1732050807568877
7,grocery,27.12051377381238,41.02063055516494,34.54400120874102,2023-04-19,2,4,0,43,12,8,1.1732050807568877
7,grocery,27.12051377381238,41.02063055516494,32.875874990163865,2023-04-20,3,4,0,24,24,1,1.1732050807568877
7,grocery,27.12051377381238,41.02063055516494,30.400964633979555,2023-04-21,4,4,0,122,9,10,1.1732050807568877
7,grocery,27.12051377381238,41.02063055516494,30.864705932196703,2023-04-22,5,4,1,122,9,12,1.1732050807568877
7,grocery,27.12051377381238,41.02063055516494,30.68981601565144,2023-04-23,6,4,1,151,26,10,1.1732050807568877
7,grocery,27.12051377381238,41.02063055516494,39.90849422167361,2023-04-24,0,4,0,86,2,12,1.1732050807568877
7,grocery,27.12051377381238,41.02063055516494,33.22702885200981,2023-04-25,1,4,0,167,21,3,1.1732050807568877
7,grocery,27.12051377381238,41.02063055516494,39.69061892969817,2023-04-26,2,4,0,129,16,2,1.1732050807568877
7,grocery,27.12051377381238,41.02063055516494,37.76555835164907,2023-04-27,3,4,0,67,17,3,1.1732050807568877
7,grocery,27.12051377381238,41.02063055516494,37.50968162697274,2023-04-28,4,4,0,127,10,9,1.1732050807568877
7,grocery,27.12051377381238,41.02063055516494,30.658927810168947,2023-04-29,5,4,1,99,9,11,1.1732050807568877
7,grocery,27.12051377381238,41.02063055516494,36.24863994635365,2023-04-30,6,4,1,142,5,14,1.1732050807568877
7,grocery,27.12051377381238,41.02063055516494,29.987874418181065,2023-05-01,0,5,0,49,9,6,1.1
7,grocery,27.12051377381238,41.02063055516494,29.698042022739273,2023-05-02,1,5,0,187,16,12,1.1
7,grocery,27.12051377381238,41.02063055516494,32.8670575036879,2023-05-03,2,5,0,130,17,2,1.1
7,grocery,27.12051377381238,41.02063055516494,36.088204822065975,2023-05-04,3,5,0,25,14,12,1.1
7,grocery,27.12051377381238,41.02063055516494,38.560231101345096,2023-05-05,4,5,0,174,25,1,1.1
7,grocery,27.12051377381238,41.02063055516494,39.361337734501895,2023-05-06,5,5,1,145,17,8,1.1
7,grocery,27.12051377381238,41.02063055516494,34.14916687165619,2023-05-07,6,5,1,139,13,7,1.1
7,grocery,27.12051377381238,41.02063055516494,39.366041857247644,2023-05-08,0,5,0,44,11,3,1.1
7,grocery,27.12051377381238,41.02063055516494,29.52093110925183,2023-05-09,1,5,0,171,14,2,1.1
7,grocery,27.12051377381238,41.02063055516494,34.56376968268816,2023-05-10,2,5,0,68,13,14,1.1
7,grocery,27.12051377381238,41.02063055516494,34.035169247883104,2023-05-11,3,5,0,111,12,8,1.1
7,grocery,27.12051377381238,41.02063055516494,39.623747087243935,2023-05-12,4,5,0,129,15,4,1.1
7,grocery,27.12051377381238,41.02063055516494,32.446174497228455,2023-05-13,5,5,1,52,6,12,1.1
7,grocery,27.12051377381238,41.02063055516494,29.534895672997155,2023-05-14,6,5,1,25,23,8,1.1
7,grocery,27.12051377381238,41.02063055516494,32.99231715633521,2023-05-15,0,5,0,39,15,9,1.1
7,grocery,27.12051377381238,41.02063055516494,32.43315140657063,2023-05-16,1,5,0,158,17,12,1.1
7,grocery,27.12051377381238,41.02063055516494,31.455586011130208,2023-05-17,2,5,0,30,10,14,1.1
7,grocery,27.12051377381238,41.02063055516494,37.81876048139537,2023-05-18,3,5,0,123,12,1,1.1
7,grocery,27.12051377381238,41.02063055516494,34.25575490739384,2023-05-19,4,5,0,49,11,12,1.1
7,grocery,27.12051377381238,41.02063055516494,38.81935669352802,2023-05-20,5,5,1,71,12,7,1.1
7,grocery,27.12051377381238,41.02063055516494,40.769817264150234,2023-05-21,6,5,1,77,19,13,1.1
7,grocery,27.12051377381238,41.02063055516494,34.08103459933641,2023-05-22,0,5,0,109,18,8,1.1
7,grocery,27.12051377381238,41.02063055516494,40.01252352079895,2023-05-23,1,5,0,96,11,7,1.1
7,grocery,27.12051377381238,41.02063055516494,31.699295652689212,2023-05-24,2,5,0,174,15,8,1.1
7,grocery,27.12051377381238,41.02063055516494,38.89068006912693,2023-05-25,3,5,0,159,10,5,1.1
7,grocery,27.12051377381238,41.02063055516494,40.61752074315651,2023-05-26,4,5,0,126,13,6,1.1
7,grocery,27.12051377381238,41.02063055516494,35.12556428946165,2023-05-27,5,5,1,108,16,3,1.1
7,grocery,27.12051377381238,41.02063055516494,35.466757221202016,2023-05-28,6,5,1,128,9,7,1.1
7,grocery,27.12051377381238,41.02063055516494,35.563356435932526,2023-05-29,0,5,0,145,12,8,1.1
7,grocery,27.12051377381238,41.02063055516494,40.90325219787478,2023-05-30,1,5,0,131,11,14,1.1
7,grocery,27.12051377381238,41.02063055516494,32.6101989906866,2023-05-31,2,5,0,170,19,12,1.1
7,grocery,27.12051377381238,41.02063055516494,31.029401343786777,2023-06-01,3,6,0,39,27,1,1.0
7,grocery,27.12051377381238,41.02063055516494,35.03345446932258,2023-06-02,4,6,0,155,12,6,1.0
7,grocery,27.12051377381238,41.02063055516494,31.08919359219693,2023-06-03,5,6,1,95,11,7,1.0
7,grocery,27.12051377381238,41.02063055516494,30.974781727692555,2023-06-04,6,6,1,189,21,12,1.0
7,grocery,27.12051377381238,41.02063055516494,31.85614200824586,2023-06-05,0,6,0,190,7,4,1.0
7,grocery,27.12051377381238,41.02063055516494,31.766532446616306,2023-06-06,1,6,0,81,18,5,1.0
7,grocery,27.12051377381238,41.02063055516494,35.88764534890938,2023-06-07,2,6,0,105,9,11,1.0
7,grocery,27.12051377381238,41.02063055516494,34.63330859082618,2023-06-08,3,6,0,111,10,6,1.0
7,grocery,27.12051377381238,41.02063055516494,30.05882173487265,2023-06-09,4,6,0,65,6,6,1.0
7,grocery,27.12051377381238,41.02063055516494,37.5439002815745,2023-06-10,5,6,1,198,14,14,1.0
7,grocery,27.12051377381238,41.02063055516494,34.55055319074363,2023-06-11,6,6,1,50,14,11,1.0
7,grocery,27.12051377381238,41.02063055516494,39.02732644440051,2023-06-12,0,6,0,141,12,1,1.0
7,grocery,27.12051377381238,41.02063055516494,29.260291280423285,2023-06-13,1,6,0,150,5,11,1.0
7,grocery,27.12051377381238,41.02063055516494,32.83295771962526,2023-06-14,2,6,0,63,16,12,1.0
7,grocery,27.12051377381238,41.02063055516494,37.28656798099573,2023-06-15,3,6,0,64,9,12,1.0
7,grocery,27.12051377381238,41.02063055516494,31.755531212813985,2023-06-16,4,6,0,196,17,4,1.0
7,grocery,27.12051377381238,41.02063055516494,38.467303010497076,2023-06-17,5,6,1,194,18,2,1.0
7,grocery,27.12051377381238,41.02063055516494,36.27907938739561,2023-06-18,6,6,1,123,19,6,1.0
7,grocery,27.12051377381238,41.02063055516494,32.98977063814133,2023-06-19,0,6,0,83,25,3,1.0
7,grocery,27.12051377381238,41.02063055516494,29.88631883470164,2023-06-20,1,6,0,165,15,4,1.0
7,grocery,27.12051377381238,41.02063055516494,36.05057081098959,2023-06-21,2,6,0,157,8,7,1.0
7,grocery,27.12051377381238,41.02063055516494,31.207385570222307,2023-06-22,3,6,0,183,7,5,1.0
7,grocery,27.12051377381238,41.02063055516494,31.258561611801692,2023-06-23,4,6,0,112,13,14,1.0
7,grocery,27.12051377381238,41.02063055516494,40.81223833532005,2023-06-24,5,6,1,43,2,11,1.0
7,grocery,27.12051377381238,41.02063055516494,35.496424276699464,2023-06-25,6,6,1,160,13,7,1.0
7,grocery,27.12051377381238,41.02063055516494,40.0568518766428,2023-06-26,0,6,0,107,24,1,1.0
7,grocery,27.12051377381238,41.02063055516494,31.398081342170553,2023-06-27,1,6,0,160,13,2,1.0
7,grocery,27.12051377381238,41.02063055516494,35.213763253786915,2023-06-28,2,6,0,53,14,7,1.0
7,grocery,27.12051377381238,41.02063055516494,36.95831864631441,2023-06-29,3,6,0,56,24,1,1.0
8,grocery,85.17196541429792,120.87776569240758,115.89701506056325,2023-01-01,6,1,1,60,4,14,1.1
8,grocery,85.17196541429792,120.87776569240758,118.5282884617308,2023-01-02,0,1,0,89,14,11,1.1
8,grocery,85.17196541429792,120.87776569240758,103.89445113902939,2023-01-03,1,1,0,38,9,4,1.1
8,grocery,85.17196541429792,120.87776569240758,92.13867440819789,2023-01-04,2,1,0,146,22,1,1.1
8,grocery,85.17196541429792,120.87776569240758,93.97268697947541,2023-01-05,3,1,0,111,16,11,1.1
8,grocery,85.17196541429792,120.87776569240758,89.69772586164343,2023-01-06,4,1,0,50,16,11,1.1
8,grocery,85.17196541429792,120.87776569240758,89.48091655331885,2023-01-07,5,1,1,183,31,5,1.1
8,grocery,85.17196541429792,120.87776569240758,102.11524246774894,2023-01-08,6,1,1,105,13,5,1.1
8,grocery,85.17196541429792,120.87776569240758,115.17786002407462,2023-01-09,0,1,0,168,15,13,1.1
8,grocery,85.17196541429792,120.87776569240758,106.71912058518008,2023-01-10,1,1,0,180,5,14,1.1
8,grocery,85.17196541429792,120.87776569240758,109.45681691500779,2023-01-11,2,1,0,65,16,14,1.1
8,grocery,85.17196541429792,120.87776569240758,107.32155006094263,2023-01-12,3,1,0,38,30,1,1.1
8,grocery,85.17196541429792,120.87776569240758,116.90896182763578,2023-01-13,4,1,0,169,6,14,1.1
8,grocery,85.17196541429792,120.87776569240758,97.28882972358969,2023-01-14,5,1,1,140,14,14,1.1
8,grocery,85.17196541429792,120.87776569240758,101.50688907868152,2023-01-15,6,1,1,82,35,1,1.1
8,grocery,85.17196541429792,120.87776569240758,97.35520266655817,2023-01-16,0,1,0,190,22,1,1.1
8,grocery,85.17196541429792,120.87776569240758,106.74823881384174,2023-01-17,1,1,0,106,4,4,1.1
8,grocery,85.17196541429792,120.87776569240758,97.55628947981796,2023-01-18,2,1,0,143,25,6,1.1
8,grocery,85.17196541429792,120.87776569240758,114.02015547777594,2023-01-19,3,1,0,138,4,7,1.1
8,grocery,85.17196541429792,120.87776569240758,110.58905531830376,2023-01-20,4,1,0,197,15,6,1.1
8,grocery,85.17196541429792,120.87776569240758,107.98978322283676,2023-01-21,5,1,1,98,9,10,1.1
8,grocery,85.17196541429792,120.87776569240758,109.9299913081244,2023-01-22,6,1,1,125,32,1,1.1
8,grocery,85.17196541429792,120.87776569240758,94.82936256480177,2023-01-23,0,1,0,185,10,11,1.1
8,grocery,85.17196541429792,120.87776569240758,115.14772166106862,2023-01-24,1,1,0,50,34,1,1.1
8,grocery,85.17196541429792,120.87776569240758,119.23821682098205,2023-01-25,2,1,0,171,14,9,1.1
8,grocery,85.17196541429792,120.87776569240758,103.5756406444273,2023-01-26,3,1,0,34,17,3,1.1
8,grocery,85.17196541429792,120.87776569240758,111.36334642691449,2023-01-27,4,1,0,75,12,11,1.1
8,grocery,85.17196541429792,120.87776569240758,92.22223454384185,2023-01-28,5,1,1,165,19,2,1.1
8,grocery,85.17196541429792,120.87776569240758,95.03859078062716,2023-01-29,6,1,1,123,15,4,1.1
8,grocery,85.17196541429792,120.87776569240758,93.67525940316007,2023-01-30,0,1,0,158,25,1,1.1
8,grocery,85.17196541429792,120.87776569240758,103.32562650106894,2023-01-31,1,1,0,149,18,5,1.1
8,grocery,85.17196541429792,120.87776569240758,99.87105683110437,2023-02-01,2,2,0,41,10,4,1.1732050807568877
8,grocery,85.17196541429792,120.87776569240758,93.52869978171691,2023-02-02,3,2,0,116,18,8,1.1732050807568877
8,grocery,85.17196541429792,120.87776569240758,106.89306367797113,2023-02-03,4,2,0,99,18,6,1.1732050807568877
8,grocery,85.17196541429792,120.87776569240758,96.76365981451974,2023-02-04,5,2,1,198,13,3,1.1732050807568877
8,grocery,85.17196541429792,120.87776569240758,106.52162829853638,2023-02-05,6,2,1,157,19,11,1.1732050807568877
8,grocery,85.17196541429792,120.87776569240758,102.48937399824645,2023-02-06,0,2,0,61,13,14,1.1732050807568877
8,grocery,85.17196541429792,120.87776569240758,100.71597990482601,2023-02-07,1,2,0,141,10,10,1.1732050807568877
8,grocery,85.17196541429792,120.87776569240758,107.39361169877814,2023-02-08,2,2,0,71,12,11,1.1732050807568877
8,grocery,85.17196541429792,120.87776569240758,118.67400122172724,2023-02-09,3,2,0,72,16,3,1.1732050807568877
8,grocery,85.17196541429792,120.87776569240758,117.83599175151113,2023-02-10,4,2,0,156,10,9,1.1732050807568877
8,grocery,85.17196541429792,120.87776569240758,89.82610069507733,2023-02-11,5,2,1,153,27,3,1.1732050807568877
8,grocery,85.17196541429792,120.87776569240758,97.09231499201601,2023-02-12,6,2,1,35,35,1,1.1732050807568877
8,grocery,85.17196541429792,120.87776569240758,90.5361527159344,2023-02-13,0,2,0,81,8,8,1.1732050807568877
8,grocery,85.17196541429792,120.87776569240758,119.66842337739747,2023-02-14,1,2,0,49,5,4,1.1732050807568877
8,grocery,85.17196541429792,120.87776569240758,94.30515256216457,2023-02-15,2,2,0,56,20,4,1.1732050807568877
8,grocery,85.17196541429792,120.87776569240758,95.02438554589726,2023-02-16,3,2,0,107,13,2,1.1732050807568877
8,grocery,85.17196541429792,120.87776569240758,109.53461755633637,2023-02-17,4,2,0,144,21,10,1.1732050807568877
8,grocery,85.17196541429792,120.87776569240758,110.78861331808969,2023-02-18,5,2,1,130,17,3,1.1732050807568877
8,grocery,85.17196541429792,120.87776569240758,99.00018599738736,2023-02-19,6,2,1,90,3,8,1.1732050807568877
8,grocery,85.17196541429792,120.87776569240758,103.56870220345816,2023-02-20,0,2,0,124,14,6,1.1732050807568877
8,grocery,85.17196541429792,120.87776569240758,94.58990448725085,2023-02-21,1,2,0,50,26,2,1.1732050807568877
8,grocery,85.17196541429792,120.87776569240758,117.91408044972675,2023-02-22,2,2,0,33,8,4,1.1732050807568877
8,grocery,85.17196541429792,120.87776569240758,92.9790830830597,2023-02-23,3,2,0,47,21,4,1.1732050807568877
8,grocery,85.17196541429792,120.87776569240758,94.61088945093312,2023-02-24,4,2,0,70,6,8,1.1732050807568877
8,grocery,85.17196541429792,120.87776569240758,102.83091996485457,2023-02-25,5,2,1,40,34,1,1.1732050807568877
8,grocery,85.17196541429792,120.87776569240758,98.06004450850847,2023-02-26,6,2,1,167,19,10,1.1732050807568877
8,grocery,85.17196541429792,120.87776569240758,99.90111759684905,2023-02-27,0,2,0,103,16,1,1.1732050807568877
8,grocery,85.17196541429792,120.87776569240758,111.07748496900308,2023-02-28,1,2,0,34,19,1,1.1732050807568877
8,grocery,85.17196541429792,120.87776569240758,100.91596006075486,2023-03-01,2,3,0,80,21,11,1.2
8,grocery,85.17196541429792,120.87776569240758,115.15765072931852,2023-03-02,3,3,0,29,12,8,1.2
8,grocery,85.17196541429792,120.87776569240758,91.0680951624642,2023-03-03,4,3,0,164,19,11,1.2
8,grocery,85.17196541429792,120.87776569240758,104.43548215783679,2023-03-04,5,3,1,56,20,1,1.2
8,grocery,85.17196541429792,120.87776569240758,105.79328586707348,2023-03-05,6,3,1,62,29,10,1.2
8,grocery,85.17196541429792,120.87776569240758,96.20017285377905,2023-03-06,0,3,0,149,10,14,1.2
8,grocery,85.17196541429792,120.87776569240758,102.16671504551225,2023-03-07,1,3,0,195,7,2,1.2
8,grocery,85.17196541429792,120.87776569240758,105.516613843511,2023-03-08,2,3,0,27,19,10,1.2
8,grocery,85.17196541429792,120.87776569240758,108.90019941938233,2023-03-09,3,3,0,136,18,11,1.2
8,grocery,85.17196541429792,120.87776569240758,118.1968706116403,2023-03-10,4,3,0,76,8,2,1.2
8,grocery,85.17196541429792,120.87776569240758,103.54568325196637,2023-03-11,5,3,1,89,20,14,1.2
8,grocery,85.17196541429792,120.87776569240758,103.01319298469292,2023-03-12,6,3,1,122,35,1,1.2
8,grocery,85.17196541429792,120.87776569240758,105.4110507919681,2023-03-13,0,3,0,177,21,9,1.2
8,grocery,85.17196541429792,120.87776569240758,109.36461364161636,2023-03-14,1,3,0,173,16,8,1.2
8,grocery,85.17196541429792,120.87776569240758,101.78425347952188,2023-03-15,2,3,0,85,21,2,1.2
8,grocery,85.17196541429792,120.87776569240758,119.55633392554407,2023-03-16,3,3,0,182,2,9,1.2
8,grocery,85.17196541429792,120.87776569240758,116.34701602530802,2023-03-17,4,3,0,60,12,2,1.2
8,grocery,85.17196541429792,120.87776569240758,104.70229147912046,2023-03-18,5,3,1,141,9,12,1.2
8,grocery,85.17196541429792,120.87776569240758,89.58416647464993,2023-03-19,6,3,1,33,10,6,1.2
8,grocery,85.17196541429792,120.87776569240758,115.9085897787588,2023-03-20,0,3,0,182,13,2,1.2
8,grocery,85.17196541429792,120.87776569240758,115.68581466464624,2023-03-21,1,3,0,33,19,2,1.2
8,grocery,85.17196541429792,120.87776569240758,92.94120130801402,2023-03-22,2,3,0,123,17,10,1.2
8,grocery,85.17196541429792,120.87776569240758,110.8324866248178,2023-03-23,3,3,0,155,16,3,1.2
8,grocery,85.17196541429792,120.87776569240758,91.07673597965946,2023-03-24,4,3,0,164,16,14,1.2
8,grocery,85.17196541429792,120.87776569240758,120.18132631824042,2023-03-25,5,3,1,158,9,4,1.2
8,grocery,85.17196541429792,120.87776569240758,98.60896976060452,2023-03-26,6,3,1,199,19,8,1.2
8,grocery,85.17196541429792,120.87776569240758,114.97133923289049,2023-03-27,0,3,0,67,8,11,1.2
8,grocery,85.17196541429792,120.87776569240758,107.22617696333067,2023-03-28,1,3,0,87,9,11,1.2
8,grocery,85.17196541429792,120.87776569240758,111.38292917317303,2023-03-29,2,3,0,173,14,6,1.2
8,grocery,85.17196541429792,120.87776569240758,105.5186569631013,2023-03-30,3,3,0,77,6,3,1.2
8,grocery,85.17196541429792,120.87776569240758,107.33454486440506,2023-03-31,4,3,0,85,17,10,1.2
8,grocery,85.17196541429792,120.87776569240758,99.04235370827683,2023-04-01,5,4,1,161,6,13,1.1732050807568877
8,grocery,85.17196541429792,120.87776569240758,117.17438849588311,2023-04-02,6,4,1,160,19,14,1.1732050807568877
8,grocery,85.17196541429792,120.87776569240758,90.06333553686304,2023-04-03,0,4,0,62,10,8,1.1732050807568877
8,grocery,85.17196541429792,120.87776569240758,109.59657598442888,2023-04-04,1,4,0,78,10,5,1.1732050807568877
8,grocery,85.17196541429792,120.87776569240758,101.22639045691261,2023-04-05,2,4,0,68,12,3,1.1732050807568877
8,grocery,85.17196541429792,120.87776569240758,111.17007007336719,2023-04-06,3,4,0,113,34,1,1.1732050807568877
8,grocery,85.17196541429792,120.87776569240758,102.45998899202696,2023-04-07,4,4,0,34,11,4,1.1732050807568877
8,grocery,85.17196541429792,120.87776569240758,116.15573574626595,2023-04-08,5,4,1,191,10,11,1.1732050807568877
8,grocery,85.17196541429792,120.87776569240758,101.34923668294861,2023-04-09,6,4,1,71,10,6,1.1732050807568877
8,grocery,85.17196541429792,120.87776569240758,112.10785666868314,2023-04-10,0,4,0,44,13,14,1.1732050807568877
8,grocery,85.17196541429792,120.87776569240758,104.29175199949984,2023-04-11,1,4,0,152,5,7,1.1732050807568877
8,grocery,85.17196541429792,120.87776569240758,116.305940828346,2023-04-12,2,4,0,80,17,1,1.1732050807568877
8,grocery,85.17196541429792,120.87776569240758,92.05260163206442,2023-04-13,3,4,0,33,20,4,1.1732050807568877
8,grocery,85.17196541429792,120.87776569240758,100.29935095426583,2023-04-14,4,4,0,130,11,1,1.1732050807568877
8,grocery,85.17196541429792,120.87776569240758,95.30403710972898,2023-04-15,5,4,1,132,23,5,1.1732050807568877
8,grocery,85.17196541429792,120.87776569240758,106.20935773891331,2023-04-16,6,4,1,120,8,7,1.1732050807568877
8,grocery,85.17196541429792,120.87776569240758,95.9788714346805,2023-04-17,0,4,0,150,18,9,1.1732050807568877
8,grocery,85.17196541429792,120.87776569240758,105.28823860151927,2023-04-18,1,4,0,163,18,9,1.1732050807568877
8,grocery,85.17196541429792,120.87776569240758,91.7358265555523,2023-04-19,2,4,0,83,9,4,1.1732050807568877
8,grocery,85.17196541429792,120.87776569240758,116.43591210860426,2023-04-20,3,4,0,160,12,8,1.1732050807568877
8,grocery,85.17196541429792,120.87776569240758,91.83006237508508,2023-04-21,4,4,0,63,15,14,1.1732050807568877
8,grocery,85.17196541429792,120.87776569240758,109.43518763776224,2023-04-22,5,4,1,128,23,12,1.1732050807568877
8,grocery,85.17196541429792,120.87776569240758,118.26642504167233,2023-04-23,6,4,1,113,7,12,1.1732050807568877
8,grocery,85.17196541429792,120.87776569240758,108.01006985202751,2023-04-24,0,4,0,30,8,9,1.1732050807568877
8,grocery,85.17196541429792,120.87776569240758,118.75973690458517,2023-04-25,1,4,0,108,20,3,1.1732050807568877
8,grocery,85.17196541429792,120.87776569240758,106.01126289495097,2023-04-26,2,4,0,166,10,7,1.1732050807568877
8,grocery,85.17196541429792,120.87776569240758,104.00795876406687,2023-04-27,3,4,0,163,19,1,1.1732050807568877
8,grocery,85.17196541429792,120.87776569240758,103.89996169228125,2023-04-28,4,4,0,109,14,12,1.1732050807568877
8,grocery,85.17196541429792,120.87776569240758,109.36170522073209,2023-04-29,5,4,1,130,10,7,1.1732050807568877
8,grocery,85.17196541429792,120.87776569240758,118.50332215008999,2023-04-30,6,4,1,91,4,12,1.1732050807568877
8,grocery,85.17196541429792,120.87776569240758,120.02748476479475,2023-05-01,0,5,0,136,15,10,1.1
8,grocery,85.17196541429792,120.87776569240758,89.71354627839467,2023-05-02,1,5,0,179,17,4,1.1
8,grocery,85.17196541429792,120.87776569240758,104.65681141261261,2023-05-03,2,5,0,143,8,3,1.1
8,grocery,85.17196541429792,120.87776569240758,99.17438855696204,2023-05-04,3,5,0,60,9,11,1.1
8,grocery,85.17196541429792,120.87776569240758,118.4633673544812,2023-05-05,4,5,0,47,13,1,1.1
8,grocery,85.17196541429792,120.87776569240758,115.70695588666173,2023-05-06,5,5,1,194,7,6,1.1
8,grocery,85.17196541429792,120.87776569240758,119.86327752980415,2023-05-07,6,5,1,72,16,14,1.1
8,grocery,85.17196541429792,120.87776569240758,91.53724616317548,2023-05-08,0,5,0,77,11,9,1.1
8,grocery,85.17196541429792,120.87776569240758,117.15082632027922,2023-05-09,1,5,0,58,13,12,1.1
8,grocery,85.17196541429792,120.87776569240758,95.44570181146923,2023-05-10,2,5,0,71,24,5,1.1
8,grocery,85.17196541429792,120.87776569240758,114.7258883759809,2023-05-11,3,5,0,156,16,7,1.1
8,grocery,85.17196541429792,120.87776569240758,93.28226154285603,2023-05-12,4,5,0,63,22,6,1.1
8,grocery,85.17196541429792,120.87776569240758,102.32466453451735,2023-05-13,5,5,1,180,12,6,1.1
8,grocery,85.17196541429792,120.87776569240758,98.31966127284772,2023-05-14,6,5,1,109,19,8,1.1
8,grocery,85.17196541429792,120.87776569240758,94.53077695936386,2023-05-15,0,5,0,51,19,6,1.1
8,grocery,85.17196541429792,120.87776569240758,110.47042473494247,2023-05-16,1,5,0,32,20,10,1.1
8,grocery,85.17196541429792,120.87776569240758,93.59964748061134,2023-05-17,2,5,0,83,10,4,1.1
8,grocery,85.17196541429792,120.87776569240758,117.45633519005881,2023-05-18,3,5,0,128,16,5,1.1
8,grocery,85.17196541429792,120.87776569240758,113.64407959712045,2023-05-19,4,5,0,175,20,5,1.1
8,grocery,85.17196541429792,120.87776569240758,105.73040079811148,2023-05-20,5,5,1,34,11,6,1.1
8,grocery,85.17196541429792,120.87776569240758,107.70040018876713,2023-05-21,6,5,1,117,16,6,1.1
8,grocery,85.17196541429792,120.87776569240758,111.79335511655813,2023-05-22,0,5,0,142,20,5,1.1
8,grocery,85.17196541429792,120.87776569240758,103.84134824498753,2023-05-23,1,5,0,111,10,10,1.1
8,grocery,85.17196541429792,120.87776569240758,101.3285365151963,2023-05-24,2,5,0,141,8,3,1.1
8,grocery,85.17196541429792,120.87776569240758,119.67925743675731,2023-05-25,3,5,0,139,6,2,1.1
8,grocery,85.17196541429792,120.87776569240758,102.31010889897286,2023-05-26,4,5,0,80,17,11,1.1
8,grocery,85.17196541429792,120.87776569240758,96.6036823468722,2023-05-27,5,5,1,86,24,2,1.1
8,grocery,85.17196541429792,120.87776569240758,107.03755434199492,2023-05-28,6,5,1,108,20,2,1.1
8,grocery,85.17196541429792,120.87776569240758,94.97822466874898,2023-05-29,0,5,0,122,18,3,1.1
8,grocery,85.17196541429792,120.87776569240758,118.75331783362421,2023-05-30,1,5,0,133,10,3,1.1
8,grocery,85.17196541429792,120.87776569240758,93.69219018328842,2023-05-31,2,5,0,157,6,6,1.1
8,grocery,85.17196541429792,120.87776569240758,101.4800141298477,2023-06-01,3,6,0,42,8,13,1.0
8,grocery,85.17196541429792,120.87776569240758,94.06757681309418,2023-06-02,4,6,0,119,14,11,1.0
8,grocery,85.17196541429792,120.87776569240758,118.11841715012811,2023-06-03,5,6,1,98,11,14,1.0
8,grocery,85.17196541429792,120.87776569240758,106.43587408387867,2023-06-04,6,6,1,109,10,6,1.0
8,grocery,85.17196541429792,120.87776569240758,107.33900668008762,2023-06-05,0,6,0,37,6,11,1.0
8,grocery,85.17196541429792,120.87776569240758,103.34260901712828,2023-06-06,1,6,0,143,11,10,1.0
8,grocery,85.17196541429792,120.87776569240758,108.71305588424873,2023-06-07,2,6,0,33,10,10,1.0
8,grocery,85.17196541429792,120.87776569240758,119.87498474910667,2023-06-08,3,6,0,83,13,7,1.0
8,grocery,85.17196541429792,120.87776569240758,91.19167960709808,2023-06-09,4,6,0,186,8,10,1.0
8,grocery,85.17196541429792,120.87776569240758,99.57070798822961,2023-06-10,5,6,1,20,9,11,1.0
8,grocery,85.17196541429792,120.87776569240758,106.80004877051114,2023-06-11,6,6,1,183,7,8,1.0
8,grocery,85.17196541429792,120.87776569240758,112.08428562651837,2023-06-12,0,6,0,160,8,9,1.0
8,grocery,85.17196541429792,120.87776569240758,89.44319112109254,2023-06-13,1,6,0,75,4,6,1.0
8,grocery,85.17196541429792,120.87776569240758,90.9577254545207,2023-06-14,2,6,0,147,10,10,1.0
8,grocery,85.17196541429792,120.87776569240758,90.16746456608134,2023-06-15,3,6,0,67,19,10,1.0
8,grocery,85.17196541429792,120.87776569240758,98.91051727544794,2023-06-16,4,6,0,79,18,13,1.0
8,grocery,85.17196541429792,120.87776569240758,91.1153965778482,2023-06-17,5,6,1,78,21,12,1.0
8,grocery,85.17196541429792,120.87776569240758,95.96604200932161,2023-06-18,6,6,1,177,16,9,1.0
8,grocery,85.17196541429792,120.87776569240758,115.92370263665055,2023-06-19,0,6,0,88,5,8,1.0
8,grocery,85.17196541429792,120.87776569240758,92.76805584127226,2023-06-20,1,6,0,44,9,1,1.0
8,grocery,85.17196541429792,120.87776569240758,109.53747764126507,2023-06-21,2,6,0,164,7,12,1.0
8,grocery,85.17196541429792,120.87776569240758,101.17736084111056,2023-06-22,3,6,0,68,7,12,1.0
8,grocery,85.17196541429792,120.87776569240758,104.52580273138523,2023-06-23,4,6,0,197,17,5,1.0
8,grocery,85.17196541429792,120.87776569240758,105.99050122070636,2023-06-24,5,6,1,99,11,11,1.0
8,grocery,85.17196541429792,120.87776569240758,103.35336983952914,2023-06-25,6,6,1,107,9,9,1.0
8,grocery,85.17196541429792,120.87776569240758,106.16320552286454,2023-06-26,0,6,0,108,15,12,1.0
8,grocery,85.17196541429792,120.87776569240758,95.37844647581511,2023-06-27,1,6,0,65,6,9,1.0
8,grocery,85.17196541429792,120.87776569240758,91.19936484339023,2023-06-28,2,6,0,80,20,14,1.0
8,grocery,85.17196541429792,120.87776569240758,115.52217147753989,2023-06-29,3,6,0,138,16,1,1.0
9,snacks,21.06296919990755,33.105530901341645,29.539822016636638,2023-01-01,6,1,1,131,17,3,1.1
9,snacks,21.06296919990755,33.105530901341645,24.051162478929065,2023-01-02,0,1,0,173,17,6,1.1
9,snacks,21.06296919990755,33.105530901341645,24.68982790867066,2023-01-03,1,1,0,175,26,1,1.1
9,snacks,21.06296919990755,33.105530901341645,30.15684713130865,2023-01-04,2,1,0,104,14,13,1.1
9,snacks,21.06296919990755,33.105530901341645,27.772033742483043,2023-01-05,3,1,0,163,12,11,1.1
9,snacks,21.06296919990755,33.105530901341645,28.755634736188984,2023-01-06,4,1,0,76,10,1,1.1
9,snacks,21.06296919990755,33.105530901341645,27.910954998830356,2023-01-07,5,1,1,160,21,3,1.1
9,snacks,21.06296919990755,33.105530901341645,30.66527155119006,2023-01-08,6,1,1,80,18,7,1.1
9,snacks,21.06296919990755,33.105530901341645,28.917851933167434,2023-01-09,0,1,0,50,30,1,1.1
9,snacks,21.06296919990755,33.105530901341645,30.04828077015896,2023-01-10,1,1,0,50,6,13,1.1
9,snacks,21.06296919990755,33.105530901341645,28.592022040669796,2023-01-11,2,1,0,126,9,3,1.1
9,snacks,21.06296919990755,33.105530901341645,23.770514349380875,2023-01-12,3,1,0,73,11,6,1.1
9,snacks,21.06296919990755,33.105530901341645,28.545779562426798,2023-01-13,4,1,0,78,12,4,1.1
9,snacks,21.06296919990755,33.105530901341645,23.099892095958346,2023-01-14,5,1,1,74,11,13,1.1
9,snacks,21.06296919990755,33.105530901341645,31.183865788469415,2023-01-15,6,1,1,40,13,4,1.1
9,snacks,21.06296919990755,33.105530901341645,23.060222417596144,2023-01-16,0,1,0,29,12,8,1.1
9,snacks,21.06296919990755,33.105530901341645,24.18230007205842,2023-01-17,1,1,0,47,11,5,1.1
9,snacks,21.06296919990755,33.105530901341645,30.184850380489706,2023-01-18,2,1,0,93,18,10,1.1
9,snacks,21.06296919990755,33.105530901341645,25.261554851907743,2023-01-19,3,1,0,54,13,5,1.1
9,snacks,21.06296919990755,33.105530901341645,27.835624730446913,2023-01-20,4,1,0,48,9,9,1.1
9,snacks,21.06296919990755,33.105530901341645,23.516257610058847,2023-01-21,5,1,1,141,8,10,1.1
9,snacks,21.06296919990755,33.105530901341645,25.848788580216983,2023-01-22,6,1,1,150,15,7,1.1
9,snacks,21.06296919990755,33.105530901341645,24.929640129233793,2023-01-23,0,1,0,40,3,5,1.1
9,snacks,21.06296919990755,33.105530901341645,25.05989115794854,2023-01-24,1,1,0,107,21,11,1.1
9,snacks,21.06296919990755,33.105530901341645,33.093494194414646,2023-01-25,2,1,0,79,8,3,1.1
9,snacks,21.06296919990755,33.105530901341645,27.385046545455673,2023-01-26,3,1,0,97,31,1,1.1
9,snacks,21.06296919990755,33.105530901341645,26.163468748920444,2023-01-27,4,1,0,163,20,1,1.1
9,snacks,21.06296919990755,33.105530901341645,28.86547295607656,2023-01-28,5,1,1,180,36,1,1.1
9,snacks,21.06296919990755,33.105530901341645,22.537713985877986,2023-01-29,6,1,1,99,20,9,1.1
9,snacks,21.06296919990755,33.105530901341645,23.6564535295111,2023-01-30,0,1,0,60,13,13,1.1
9,snacks,21.06296919990755,33.105530901341645,25.88511847286512,2023-01-31,1,1,0,181,16,1,1.1
9,snacks,21.06296919990755,33.105530901341645,29.574193881440273,2023-02-01,2,2,0,88,13,8,1.1732050807568877
9,snacks,21.06296919990755,33.105530901341645,30.989826378125613,2023-02-02,3,2,0,171,13,6,1.1732050807568877
9,snacks,21.06296919990755,33.105530901341645,24.453862198306034,2023-02-03,4,2,0,72,13,7,1.1732050807568877
9,snacks,21.06296919990755,33.105530901341645,31.644818062062356,2023-02-04,5,2,1,144,12,8,1.1732050807568877
9,snacks,21.06296919990755,33.105530901341645,25.151821542777316,2023-02-05,6,2,1,57,15,2,1.1732050807568877
9,snacks,21.06296919990755,33.105530901341645,29.604964475869767,2023-02-06,0,2,0,58,15,6,1.1732050807568877
9,snacks,21.06296919990755,33.105530901341645,24.58180325029456,2023-02-07,1,2,0,192,23,7,1.1732050807568877
9,snacks,21.06296919990755,33.105530901341645,30.57403344685551,2023-02-08,2,2,0,101,12,14,1.1732050807568877
9,snacks,21.06296919990755,33.105530901341645,30.731032870188493,2023-02-09,3,2,0,134,12,10,1.1732050807568877
9,snacks,21.06296919990755,33.105530901341645,28.274020801631004,2023-02-10,4,2,0,97,16,13,1.1732050807568877
9,snacks,21.06296919990755,33.105530901341645,29.15465324248023,2023-02-11,5,2,1,131,13,5,1.1732050807568877
9,snacks,21.06296919990755,33.105530901341645,24.584146269633564,2023-02-12,6,2,1,180,23,5,1.1732050807568877
9,snacks,21.06296919990755,33.105530901341645,26.442450590722736,2023-02-13,0,2,0,21,14,3,1.1732050807568877
9,snacks,21.06296919990755,33.105530901341645,32.987028579337206,2023-02-14,1,2,0,89,26,1,1.1732050807568877
9,snacks,21.06296919990755,33.105530901341645,29.851968589746267,2023-02-15,2,2,0,70,13,2,1.1732050807568877
9,snacks,21.06296919990755,33.105530901341645,29.39077777899479,2023-02-16,3,2,0,27,22,1,1.1732050807568877
9,snacks,21.06296919990755,33.105530901341645,27.69761224862299,2023-02-17,4,2,0,105,17,10,1.1732050807568877
9,snacks,21.06296919990755,33.105530901341645,22.430095281459224,2023-02-18,5,2,1,56,26,7,1.1732050807568877
9,snacks,21.06296919990755,33.105530901341645,32.22495948385172,2023-02-19,6,2,1,51,17,9,1.1732050807568877
9,snacks,21.06296919990755,33.105530901341645,22.530389861381508,2023-02-20,0,2,0,38,19,4,1.1732050807568877
9,snacks,21.06296919990755,33.105530901341645,22.207930956560528,2023-02-21,1,2,0,87,22,11,1.1732050807568877
9,snacks,21.06296919990755,33.105530901341645,27.48009913408393,2023-02-22,2,2,0,78,21,4,1.1732050807568877
9,snacks,21.06296919990755,33.105530901341645,29.54487847794438,2023-02-23,3,2,0,46,19,1,1.1732050807568877
9,snacks,21.06296919990755,33.105530901341645,26.324374799500305,2023-02-24,4,2,0,165,14,13,1.1732050807568877
9,snacks,21.06296919990755,33.105530901341645,31.94902688791406,2023-02-25,5,2,1,101,39,1,1.1732050807568877
9,snacks,21.06296919990755,33.105530901341645,24.417374575030497,2023-02-26,6,2,1,150,29,10,1.1732050807568877
9,snacks,21.06296919990755,33.105530901341645,24.05775262284005,2023-02-27,0,2,0,136,37,1,1.1732050807568877
9,snacks,21.06296919990755,33.105530901341645,31.35417717806387,2023-02-28,1,2,0,35,12,6,1.1732050807568877
9,snacks,21.06296919990755,33.105530901341645,31.8770155289781,2023-03-01,2,3,0,179,12,6,1.2
9,snacks,21.06296919990755,33.105530901341645,22.54556948931084,2023-03-02,3,3,0,48,19,12,1.2
9,snacks,21.06296919990755,33.105530901341645,31.578369506878865,2023-03-03,4,3,0,24,7,12,1.2
9,snacks,21.06296919990755,33.105530901341645,29.705656366570338,2023-03-04,5,3,1,140,18,6,1.2
9,snacks,21.06296919990755,33.105530901341645,32.019530965376006,2023-03-05,6,3,1,58,14,11,1.2
9,snacks,21.06296919990755,33.105530901341645,28.745174985031497,2023-03-06,0,3,0,65,23,3,1.2
9,snacks,21.06296919990755,33.105530901341645,32.82364647921673,2023-03-07,1,3,0,60,12,2,1.2
9,snacks,21.06296919990755,33.105530901341645,24.455700601089685,2023-03-08,2,3,0,105,26,1,1.2
9,snacks,21.06296919990755,33.105530901341645,28.619739316766424,2023-03-09,3,3,0,139,7,2,1.2
9,snacks,21.06296919990755,33.105530901341645,22.921043871557856,2023-03-10,4,3,0,96,22,8,1.2
9,snacks,21.06296919990755,33.105530901341645,29.472270698406653,2023-03-11,5,3,1,144,19,9,1.2
9,snacks,21.06296919990755,33.105530901341645,22.53768863805207,2023-03-12,6,3,1,88,17,5,1.2
9,snacks,21.06296919990755,33.105530901341645,29.18013502157807,2023-03-13,0,3,0,85,16,10,1.2
9,snacks,21.06296919990755,33.105530901341645,25.87816835869551,2023-03-14,1,3,0,96,12,13,1.2
9,snacks,21.06296919990755,33.105530901341645,27.860621095047165,2023-03-15,2,3,0,24,9,13,1.2
9,snacks,21.06296919990755,33.105530901341645,32.330839966468496,2023-03-16,3,3,0,86,15,7,1.2
9,snacks,21.06296919990755,33.105530901341645,27.60250427855005,2023-03-17,4,3,0,101,8,11,1.2
9,snacks,21.06296919990755,33.105530901341645,28.938552039684716,2023-03-18,5,3,1,59,28,1,1.2
9,snacks,21.06296919990755,33.105530901341645,31.813947305386026,2023-03-19,6,3,1,62,30,1,1.2
9,snacks,21.06296919990755,33.105530901341645,26.670458128675143,2023-03-20,0,3,0,109,10,4,1.2
9,snacks,21.06296919990755,33.105530901341645,22.484767103395292,2023-03-21,1,3,0,106,19,14,1.2
9,snacks,21.06296919990755,33.105530901341645,30.86134690085521,2023-03-22,2,3,0,102,18,6,1.2
9,snacks,21.06296919990755,33.105530901341645,22.483455645292967,2023-03-23,3,3,0,79,14,14,1.2
9,snacks,21.06296919990755,33.105530901341645,22.91149175363799,2023-03-24,4,3,0,184,10,7,1.2
9,snacks,21.06296919990755,33.105530901341645,32.94644961965523,2023-03-25,5,3,1,69,20,12,1.2
9,snacks,21.06296919990755,33.105530901341645,22.174899907087525,2023-03-26,6,3,1,41,28,13,1.2
9,snacks,21.06296919990755,33.105530901341645,29.891516968249846,2023-03-27,0,3,0,198,15,11,1.2
9,snacks,21.06296919990755,33.105530901341645,24.090314272822656,2023-03-28,1,3,0,94,14,8,1.2
9,snacks,21.06296919990755,33.105530901341645,28.312685486585053,2023-03-29,2,3,0,109,15,11,1.2
9,snacks,21.06296919990755,33.105530901341645,28.488155715908675,2023-03-30,3,3,0,43,5,12,1.2
9,snacks,21.06296919990755,33.105530901341645,27.20851294802435,2023-03-31,4,3,0,188,13,2,1.2
9,snacks,21.06296919990755,33.105530901341645,30.266282124171134,2023-04-01,5,4,1,85,17,10,1.1732050807568877
9,snacks,21.06296919990755,33.105530901341645,23.524829364640723,2023-04-02,6,4,1,57,33,1,1.1732050807568877
9,snacks,21.06296919990755,33.105530901341645,29.475551574470096,2023-04-03,0,4,0,108,12,13,1.1732050807568877
9,snacks,21.06296919990755,33.105530901341645,23.005707387197923,2023-04-04,1,4,0,32,24,7,1.1732050807568877
9,snacks,21.06296919990755,33.105530901341645,31.640547040243614,2023-04-05,2,4,0,36,9,2,1.1732050807568877
9,snacks,21.06296919990755,33.105530901341645,30.017756563672556,2023-04-06,3,4,0,81,15,6,1.1732050807568877
9,snacks,21.06296919990755,33.105530901341645,24.851860927676107,2023-04-07,4,4,0,67,12,5,1.1732050807568877
9,snacks,21.06296919990755,33.105530901341645,27.811032879708456,2023-04-08,5,4,1,85,7,6,1.1732050807568877
9,snacks,21.06296919990755,33.105530901341645,31.77805744929409,2023-04-09,6,4,1,79,12,8,1.1732050807568877
9,snacks,21.06296919990755,33.105530901341645,27.614097745431906,2023-04-10,0,4,0,40,19,1,1.1732050807568877
9,snacks,21.06296919990755,33.105530901341645,25.012986770631947,2023-04-11,1,4,0,52,16,4,1.1732050807568877
9,snacks,21.06296919990755,33.105530901341645,25.07622272108478,2023-04-12,2,4,0,43,25,5,1.1732050807568877
9,snacks,21.06296919990755,33.105530901341645,25.580164647559986,2023-04-13,3,4,0,95,9,5,1.1732050807568877
9,snacks,21.06296919990755,33.105530901341645,24.939872662539432,2023-04-14,4,4,0,118,10,10,1.1732050807568877
9,snacks,21.06296919990755,33.105530901341645,22.73719194069387,2023-04-15,5,4,1,79,23,2,1.1732050807568877
9,snacks,21.06296919990755,33.105530901341645,24.901865268569495,2023-04-16,6,4,1,116,23,7,1.1732050807568877
9,snacks,21.06296919990755,33.105530901341645,28.344984175633247,2023-04-17,0,4,0,37,24,1,1.1732050807568877
9,snacks,21.06296919990755,33.105530901341645,31.509215531853137,2023-04-18,1,4,0,95,11,3,1.1732050807568877
9,snacks,21.06296919990755,33.105530901341645,26.916953130299216,2023-04-19,2,4,0,87,12,9,1.1732050807568877
9,snacks,21.06296919990755,33.105530901341645,22.50916768448777,2023-04-20,3,4,0,194,17,1,1.1732050807568877
9,snacks,21.06296919990755,33.105530901341645,32.070879755713236,2023-04-21,4,4,0,83,15,1,1.1732050807568877
9,snacks,21.06296919990755,33.105530901341645,30.13831486897684,2023-04-22,5,4,1,62,22,2,1.1732050807568877
9,snacks,21.06296919990755,33.105530901341645,31.374225618495174,2023-04-23,6,4,1,70,16,6,1.1732050807568877
9,snacks,21.06296919990755,33.105530901341645,30.800610312457863,2023-04-24,0,4,0,59,11,3,1.1732050807568877
9,snacks,21.06296919990755,33.105530901341645,26.74396732451099,2023-04-25,1,4,0,131,8,7,1.1732050807568877
9,snacks,21.06296919990755,33.105530901341645,22.724188128076214,2023-04-26,2,4,0,99,5,10,1.1732050807568877
9,snacks,21.06296919990755,33.105530901341645,29.00931943365562,2023-04-27,3,4,0,153,17,12,1.1732050807568877
9,snacks,21.06296919990755,33.105530901341645,26.048582027009964,2023-04-28,4,4,0,154,24,2,1.1732050807568877
9,snacks,21.06296919990755,33.105530901341645,22.467718003865652,2023-04-29,5,4,1,60,32,8,1.1732050807568877
9,snacks,21.06296919990755,33.105530901341645,29.300753423397612,2023-04-30,6,4,1,199,21,6,1.1732050807568877
9,snacks,21.06296919990755,33.105530901341645,22.60809598335406,2023-05-01,0,5,0,185,15,10,1.1
9,snacks,21.06296919990755,33.105530901341645,23.26627661602773,2023-05-02,1,5,0,182,21,11,1.1
9,snacks,21.06296919990755,33.105530901341645,27.410854791111127,2023-05-03,2,5,0,81,21,1,1.1
9,snacks,21.06296919990755,33.105530901341645,27.507672987308194,2023-05-04,3,5,0,47,18,7,1.1
9,snacks,21.06296919990755,33.105530901341645,27.505923831212243,2023-05-05,4,5,0,162,16,5,1.1
9,snacks,21.06296919990755,33.105530901341645,25.07358583307579,2023-05-06,5,5,1,96,7,12,1.1
9,snacks,21.06296919990755,33.105530901341645,25.517992746961216,2023-05-07,6,5,1,99,24,9,1.1
9,snacks,21.06296919990755,33.105530901341645,26.86588698667422,2023-05-08,0,5,0,154,27,1,1.1
9,snacks,21.06296919990755,33.105530901341645,30.566758799752556,2023-05-09,1,5,0,45,9,7,1.1
9,snacks,21.06296919990755,33.105530901341645,26.910188177261883,2023-05-10,2,5,0,114,7,6,1.1
9,snacks,21.06296919990755,33.105530901341645,32.45052927695379,2023-05-11,3,5,0,55,17,3,1.1
9,snacks,21.06296919990755,33.105530901341645,23.971499932450534,2023-05-12,4,5,0,161,21,4,1.1
9,snacks,21.06296919990755,33.105530901341645,28.673753188847094,2023-05-13,5,5,1,139,13,6,1.1
9,snacks,21.06296919990755,33.105530901341645,33.08599667652743,2023-05-14,6,5,1,43,11,7,1.1
9,snacks,21.06296919990755,33.105530901341645,29.23530467463993,2023-05-15,0,5,0,188,9,1,1.1
9,snacks,21.06296919990755,33.105530901341645,23.99968454292481,2023-05-16,1,5,0,173,21,8,1.1
9,snacks,21.06296919990755,33.105530901341645,31.198358371627076,2023-05-17,2,5,0,114,18,12,1.1
9,snacks,21.06296919990755,33.105530901341645,28.56096359076222,2023-05-18,3,5,0,43,19,4,1.1
9,snacks,21.06296919990755,33.105530901341645,31.983490981971823,2023-05-19,4,5,0,63,6,5,1.1
9,snacks,21.06296919990755,33.105530901341645,32.40018227105519,2023-05-20,5,5,1,56,9,11,1.1
9,snacks,21.06296919990755,33.105530901341645,24.96474208124075,2023-05-21,6,5,1,22,6,11,1.1
9,snacks,21.06296919990755,33.105530901341645,26.630667535300923,2023-05-22,0,5,0,60,10,10,1.1
9,snacks,21.06296919990755,33.105530901341645,30.959584041360806,2023-05-23,1,5,0,110,9,11,1.1
9,snacks,21.06296919990755,33.105530901341645,30.731295842946565,2023-05-24,2,5,0,182,13,13,1.1
9,snacks,21.06296919990755,33.105530901341645,31.332079131600974,2023-05-25,3,5,0,60,4,14,1.1
9,snacks,21.06296919990755,33.105530901341645,23.399726268088852,2023-05-26,4,5,0,150,13,3,1.1
9,snacks,21.06296919990755,33.105530901341645,32.09931327751052,2023-05-27,5,5,1,172,8,14,1.1
9,snacks,21.06296919990755,33.105530901341645,22.80237938613997,2023-05-28,6,5,1,39,6,13,1.1
9,snacks,21.06296919990755,33.105530901341645,29.52306302784135,2023-05-29,0,5,0,149,13,9,1.1
9,snacks,21.06296919990755,33.105530901341645,27.853981460532456,2023-05-30,1,5,0,147,11,7,1.1
9,snacks,21.06296919990755,33.105530901341645,30.943511111117783,2023-05-31,2,5,0,157,17,12,1.1
9,snacks,21.06296919990755,33.105530901341645,30.92250658011217,2023-06-01,3,6,0,48,6,9,1.0
9,snacks,21.06296919990755,33.105530901341645,26.578722024566947,2023-06-02,4,6,0,120,11,4,1.0
9,snacks,21.06296919990755,33.105530901341645,26.000627705629057,2023-06-03,5,6,1,40,18,14,1.0
9,snacks,21.06296919990755,33.105530901341645,25.07284378508065,2023-06-04,6,6,1,29,20,11,1.0
9,snacks,21.06296919990755,33.105530901341645,29.89137829540028,2023-06-05,0,6,0,54,26,1,1.0
9,snacks,21.06296919990755,33.105530901341645,23.639827599299633,2023-06-06,1,6,0,102,16,9,1.0
9,snacks,21.06296919990755,33.105530901341645,30.61973385246266,2023-06-07,2,6,0,198,7,6,1.0
9,snacks,21.06296919990755,33.105530901341645,29.179823048139042,2023-06-08,3,6,0,105,14,12,1.0
9,snacks,21.06296919990755,33.105530901341645,26.475921205734416,2023-06-09,4,6,0,40,5,5,1.0
9,snacks,21.06296919990755,33.105530901341645,22.22432848907605,2023-06-10,5,6,1,26,26,1,1.0
9,snacks,21.06296919990755,33.105530901341645,23.543629302526814,2023-06-11,6,6,1,180,5,10,1.0
9,snacks,21.06296919990755,33.105530901341645,25.75590256318642,2023-06-12,0,6,0,60,13,6,1.0
9,snacks,21.06296919990755,33.105530901341645,32.34754703522677,2023-06-13,1,6,0,36,9,12,1.0
9,snacks,21.06296919990755,33.105530901341645,23.275650722816767,2023-06-14,2,6,0,55,28,3,1.0
9,snacks,21.06296919990755,33.105530901341645,32.84264581145785,2023-06-15,3,6,0,94,10,8,1.0
9,snacks,21.06296919990755,33.105530901341645,23.028664884534813,2023-06-16,4,6,0,144,14,12,1.0
9,snacks,21.06296919990755,33.105530901341645,32.976538434069695,2023-06-17,5,6,1,161,5,9,1.0
9,snacks,21.06296919990755,33.105530901341645,30.92052238687993,2023-06-18,6,6,1,157,13,3,1.0
9,snacks,21.06296919990755,33.105530901341645,29.64137287287816,2023-06-19,0,6,0,35,14,6,1.0
9,snacks,21.06296919990755,33.105530901341645,29.406083520623568,2023-06-20,1,6,0,41,6,4,1.0
9,snacks,21.06296919990755,33.105530901341645,24.00310968641767,2023-06-21,2,6,0,172,28,2,1.0
9,snacks,21.06296919990755,33.105530901341645,29.579669377650784,2023-06-22,3,6,0,58,2,9,1.0
9,snacks,21.06296919990755,33.105530901341645,24.998694946153762,2023-06-23,4,6,0,140,4,13,1.0
9,snacks,21.06296919990755,33.105530901341645,27.83262290181096,2023-06-24,5,6,1,21,21,6,1.0
9,snacks,21.06296919990755,33.105530901341645,22.814337969212712,2023-06-25,6,6,1,87,21,13,1.0
9,snacks,21.06296919990755,33.105530901341645,28.0392012184673,2023-06-26,0,6,0,157,8,10,1.0
9,snacks,21.06296919990755,33.105530901341645,28.172837557785563,2023-06-27,1,6,0,152,5,10,1.0
9,snacks,21.06296919990755,33.105530901341645,25.47264454391823,2023-06-28,2,6,0,82,6,9,1.0
9,snacks,21.06296919990755,33.105530901341645,31.95881771410354,2023-06-29,3,6,0,51,12,8,1.0
10,beverages,74.08071650783464,106.00767060876018,89.1386821552565,2023-01-01,6,1,1,35,23,11,1.1
10,beverages,74.08071650783464,106.00767060876018,91.35832803349348,2023-01-02,0,1,0,194,8,14,1.1
10,beverages,74.08071650783464,106.00767060876018,79.25992666618836,2023-01-03,1,1,0,166,13,14,1.1
10,beverages,74.08071650783464,106.00767060876018,100.43535873946104,2023-01-04,2,1,0,123,9,3,1.1
10,beverages,74.08071650783464,106.00767060876018,95.79359118559225,2023-01-05,3,1,0,153,14,1,1.1
10,beverages,74.08071650783464,106.00767060876018,104.20494783444097,2023-01-06,4,1,0,141,7,12,1.1
10,beverages,74.08071650783464,106.00767060876018,102.4344080723476,2023-01-07,5,1,1,36,13,2,1.1
10,beverages,74.08071650783464,106.00767060876018,86.72250903223213,2023-01-08,6,1,1,176,15,8,1.1
10,beverages,74.08071650783464,106.00767060876018,97.07772548403713,2023-01-09,0,1,0,142,21,3,1.1
10,beverages,74.08071650783464,106.00767060876018,99.54570524394768,2023-01-10,1,1,0,20,7,9,1.1
10,beverages,74.08071650783464,106.00767060876018,82.23440660775226,2023-01-11,2,1,0,26,22,8,1.1
10,beverages,74.08071650783464,106.00767060876018,88.14251105084969,2023-01-12,3,1,0,45,13,3,1.1
10,beverages,74.08071650783464,106.00767060876018,86.1135855765934,2023-01-13,4,1,0,61,18,13,1.1
10,beverages,74.08071650783464,106.00767060876018,93.34453799378352,2023-01-14,5,1,1,78,20,11,1.1
10,beverages,74.08071650783464,106.00767060876018,89.73396195110129,2023-01-15,6,1,1,199,15,8,1.1
10,beverages,74.08071650783464,106.00767060876018,80.52004213452136,2023-01-16,0,1,0,51,21,5,1.1
10,beverages,74.08071650783464,106.00767060876018,100.15715577131382,2023-01-17,1,1,0,151,9,6,1.1
10,beverages,74.08071650783464,106.00767060876018,78.4741502541859,2023-01-18,2,1,0,160,13,14,1.1
10,beverages,74.08071650783464,106.00767060876018,96.67751431531335,2023-01-19,3,1,0,56,16,5,1.1
10,beverages,74.08071650783464,106.00767060876018,84.891698088608,2023-01-20,4,1,0,187,15,7,1.1
10,beverages,74.08071650783464,106.00767060876018,100.18069358491007,2023-01-21,5,1,1,75,5,14,1.1
10,beverages,74.08071650783464,106.00767060876018,95.04292158742992,2023-01-22,6,1,1,90,16,4,1.1
10,beverages,74.08071650783464,106.00767060876018,80.83176768308505,2023-01-23,0,1,0,48,18,10,1.1
10,beverages,74.08071650783464,106.00767060876018,78.73444572671143,2023-01-24,1,1,0,36,17,9,1.1
10,beverages,74.08071650783464,106.00767060876018,82.84501532808162,2023-01-25,2,1,0,28,22,7,1.1
10,beverages,74.08071650783464,106.00767060876018,101.69793913760039,2023-01-26,3,1,0,80,10,10,1.1
10,beverages,74.08071650783464,106.00767060876018,103.11562929252106,2023-01-27,4,1,0,104,9,10,1.1
10,beverages,74.08071650783464,106.00767060876018,92.48533770102016,2023-01-28,5,1,1,159,17,10,1.1
10,beverages,74.08071650783464,106.00767060876018,95.97225478454915,2023-01-29,6,1,1,149,26,2,1.1
10,beverages,74.08071650783464,106.00767060876018,97.78567748458623,2023-01-30,0,1,0,66,7,5,1.1
10,beverages,74.08071650783464,106.00767060876018,83.46141253697802,2023-01-31,1,1,0,57,14,3,1.1
10,beverages,74.08071650783464,106.00767060876018,91.24013799924194,2023-02-01,2,2,0,101,0,10,1.1732050807568877
10,beverages,74.08071650783464,106.00767060876018,94.86248596601841,2023-02-02,3,2,0,141,10,12,1.1732050807568877
10,beverages,74.08071650783464,106.00767060876018,101.99339930451025,2023-02-03,4,2,0,110,8,4,1.1732050807568877
10,beverages,74.08071650783464,106.00767060876018,97.43415302655183,2023-02-04,5,2,1,91,13,9,1.1732050807568877
10,beverages,74.08071650783464,106.00767060876018,98.79299533020375,2023-02-05,6,2,1,88,10,14,1.1732050807568877
10,beverages,74.08071650783464,106.00767060876018,93.76728211730125,2023-02-06,0,2,0,23,10,8,1.1732050807568877
10,beverages,74.08071650783464,106.00767060876018,94.03509128441924,2023-02-07,1,2,0,67,3,12,1.1732050807568877
10,beverages,74.08071650783464,106.00767060876018,78.5376484241924,2023-02-08,2,2,0,136,40,1,1.1732050807568877
10,beverages,74.08071650783464,106.00767060876018,101.21069692928353,2023-02-09,3,2,0,190,18,4,1.1732050807568877
10,beverages,74.08071650783464,106.00767060876018,93.26222715311954,2023-02-10,4,2,0,31,11,6,1.1732050807568877
10,beverages,74.08071650783464,106.00767060876018,92.6810164201722,2023-02-11,5,2,1,43,15,9,1.1732050807568877
10,beverages,74.08071650783464,106.00767060876018,78.07673525698704,2023-02-12,6,2,1,184,25,5,1.1732050807568877
10,beverages,74.08071650783464,106.00767060876018,102.14031311177493,2023-02-13,0,2,0,90,6,6,1.1732050807568877
10,beverages,74.08071650783464,106.00767060876018,91.22052007923241,2023-02-14,1,2,0,49,13,9,1.1732050807568877
10,beverages,74.08071650783464,106.00767060876018,82.6041058577536,2023-02-15,2,2,0,46,19,8,1.1732050807568877
10,beverages,74.08071650783464,106.00767060876018,89.73543111860292,2023-02-16,3,2,0,37,9,13,1.1732050807568877
10,beverages,74.08071650783464,106.00767060876018,85.06455795330457,2023-02-17,4,2,0,111,24,6,1.1732050807568877
10,beverages,74.08071650783464,106.00767060876018,87.1898067427862,2023-02-18,5,2,1,44,6,12,1.1732050807568877
10,beverages,74.08071650783464,106.00767060876018,104.8571756313667,2023-02-19,6,2,1,134,7,9,1.1732050807568877
10,beverages,74.08071650783464,106.00767060876018,94.08804385269289,2023-02-20,0,2,0,187,8,11,1.1732050807568877
10,beverages,74.08071650783464,106.00767060876018,86.73144479530261,2023-02-21,1,2,0,138,22,13,1.1732050807568877
10,beverages,74.08071650783464,106.00767060876018,87.84245882671411,2023-02-22,2,2,0,176,21,4,1.1732050807568877
10,beverages,74.08071650783464,106.00767060876018,77.82947562449567,2023-02-23,3,2,0,148,27,4,1.1732050807568877
10,beverages,74.08071650783464,106.00767060876018,87.6704608248043,2023-02-24,4,2,0,79,7,10,1.1732050807568877
10,beverages,74.08071650783464,106.00767060876018,99.25406190600901,2023-02-25,5,2,1,150,18,5,1.1732050807568877
10,beverages,74.08071650783464,106.00767060876018,95.57641598407774,2023-02-26,6,2,1,45,7,6,1.1732050807568877
10,beverages,74.08071650783464,106.00767060876018,105.60855452818947,2023-02-27,0,2,0,179,8,1,1.1732050807568877
10,beverages,74.08071650783464,106.00767060876018,97.90074330447065,2023-02-28,1,2,0,27,17,9,1.1732050807568877
10,beverages,74.08071650783464,106.00767060876018,95.86746464400164,2023-03-01,2,3,0,81,8,11,1.2
10,beverages,74.08071650783464,106.00767060876018,96.24319220430267,2023-03-02,3,3,0,44,9,10,1.2
10,beverages,74.08071650783464,106.00767060876018,102.01898356498621,2023-03-03,4,3,0,161,33,1,1.2
10,beverages,74.08071650783464,106.00767060876018,96.79336156477001,2023-03-04,5,3,1,107,36,1,1.2
10,beverages,74.08071650783464,106.00767060876018,81.78143790860331,2023-03-05,6,3,1,77,31,3,1.2
10,beverages,74.08071650783464,106.00767060876018,83.53590669271316,2023-03-06,0,3,0,192,10,8,1.2
10,beverages,74.08071650783464,106.00767060876018,92.46577074985701,2023-03-07,1,3,0,99,3,3,1.2
10,beverages,74.08071650783464,106.00767060876018,83.9974420022682,2023-03-08,2,3,0,37,7,12,1.2
10,beverages,74.08071650783464,106.00767060876018,96.8946699702276,2023-03-09,3,3,0,41,32,1,1.2
10,beverages,74.08071650783464,106.00767060876018,82.17759291268763,2023-03-10,4,3,0,48,15,6,1.2
10,beverages,74.08071650783464,106.00767060876018,86.71735618341636,2023-03-11,5,3,1,110,7,12,1.2
10,beverages,74.08071650783464,106.00767060876018,99.3481011529804,2023-03-12,6,3,1,141,7,12,1.2
10,beverages,74.08071650783464,106.00767060876018,104.34634503065726,2023-03-13,0,3,0,145,8,11,1.2
10,beverages,74.08071650783464,106.00767060876018,87.1854432196242,2023-03-14,1,3,0,107,13,5,1.2
10,beverages,74.08071650783464,106.00767060876018,103.94707230037073,2023-03-15,2,3,0,142,17,11,1.2
10,beverages,74.08071650783464,106.00767060876018,81.06844512503693,2023-03-16,3,3,0,79,27,6,1.2
10,beverages,74.08071650783464,106.00767060876018,79.1506253542541,2023-03-17,4,3,0,67,23,13,1.2
10,beverages,74.08071650783464,106.00767060876018,103.84295889896914,2023-03-18,5,3,1,167,12,5,1.2
10,beverages,74.08071650783464,106.00767060876018,96.45027267420427,2023-03-19,6,3,1,45,6,10,1.2
10,beverages,74.08071650783464,106.00767060876018,90.3189173833936,2023-03-20,0,3,0,23,19,5,1.2
10,beverages,74.08071650783464,106.00767060876018,78.29366827286746,2023-03-21,1,3,0,196,21,11,1.2
10,beverages,74.08071650783464,106.00767060876018,93.06281659885906,2023-03-22,2,3,0,194,7,12,1.2
10,beverages,74.08071650783464,106.00767060876018,102.5677257742581,2023-03-23,3,3,0,171,18,4,1.2
10,beverages,74.08071650783464,106.00767060876018,100.48334916543584,2023-03-24,4,3,0,26,13,4,1.2
10,beverages,74.08071650783464,106.00767060876018,88.7386724885848,2023-03-25,5,3,1,191,10,13,1.2
10,beverages,74.08071650783464,106.00767060876018,96.07910697380797,2023-03-26,6,3,1,40,20,14,1.2
10,beverages,74.08071650783464,106.00767060876018,85.91867340854472,2023-03-27,0,3,0,112,10,9,1.2
10,beverages,74.08071650783464,106.00767060876018,103.11253684248985,2023-03-28,1,3,0,76,15,8,1.2
10,beverages,74.08071650783464,106.00767060876018,91.55253640559422,2023-03-29,2,3,0,152,8,11,1.2
10,beverages,74.08071650783464,106.00767060876018,104.67109333664948,2023-03-30,3,3,0,60,6,6,1.2
10,beverages,74.08071650783464,106.00767060876018,105.98837370175606,2023-03-31,4,3,0,62,5,5,1.2
10,beverages,74.08071650783464,106.00767060876018,87.50771400792678,2023-04-01,5,4,1,175,8,10,1.1732050807568877
10,beverages,74.08071650783464,106.00767060876018,78.31101341772847,2023-04-02,6,4,1,164,27,7,1.1732050807568877
10,beverages,74.08071650783464,106.00767060876018,99.31316766319482,2023-04-03,0,4,0,88,21,3,1.1732050807568877
10,beverages,74.08071650783464,106.00767060876018,103.38980209932382,2023-04-04,1,4,0,64,17,11,1.1732050807568877
10,beverages,74.08071650783464,106.00767060876018,79.65565487600018,2023-04-05,2,4,0,164,14,6,1.1732050807568877
10,beverages,74.08071650783464,106.00767060876018,99.03121906239738,2023-04-06,3,4,0,49,17,10,1.1732050807568877
10,beverages,74.08071650783464,106.00767060876018,91.54960209512689,2023-04-07,4,4,0,169,11,11,1.1732050807568877
10,beverages,74.08071650783464,106.00767060876018,89.58564630261999,2023-04-08,5,4,1,72,29,5,1.1732050807568877
10,beverages,74.08071650783464,106.00767060876018,80.77897958859128,2023-04-09,6,4,1,91,29,6,1.1732050807568877
10,beverages,74.08071650783464,106.00767060876018,101.72957648978888,2023-04-10,0,4,0,71,10,12,1.1732050807568877
10,beverages,74.08071650783464,106.00767060876018,85.60321893691685,2023-04-11,1,4,0,79,12,10,1.1732050807568877
10,beverages,74.08071650783464,106.00767060876018,84.03594666124995,2023-04-12,2,4,0,180,16,6,1.1732050807568877
10,beverages,74.08071650783464,106.00767060876018,85.94662702700315,2023-04-13,3,4,0,126,28,3,1.1732050807568877
10,beverages,74.08071650783464,106.00767060876018,87.89264322372453,2023-04-14,4,4,0,43,12,13,1.1732050807568877
10,beverages,74.08071650783464,106.00767060876018,93.21212326599348,2023-04-15,5,4,1,117,15,8,1.1732050807568877
10,beverages,74.08071650783464,106.00767060876018,83.81702541062312,2023-04-16,6,4,1,158,14,12,1.1732050807568877
10,beverages,74.08071650783464,106.00767060876018,84.21332185364221,2023-04-17,0,4,0,97,20,2,1.1732050807568877
10,beverages,74.08071650783464,106.00767060876018,83.52911875039842,2023-04-18,1,4,0,163,16,10,1.1732050807568877
10,beverages,74.08071650783464,106.00767060876018,90.02570095239949,2023-04-19,2,4,0,153,13,3,1.1732050807568877
10,beverages,74.08071650783464,106.00767060876018,93.55687256320806,2023-04-20,3,4,0,185,7,13,1.1732050807568877
10,beverages,74.08071650783464,106.00767060876018,84.90322523781613,2023-04-21,4,4,0,65,26,3,1.1732050807568877
10,beverages,74.08071650783464,106.00767060876018,83.82943121085582,2023-04-22,5,4,1,154,12,7,1.1732050807568877
10,beverages,74.08071650783464,106.00767060876018,81.84003643600595,2023-04-23,6,4,1,175,32,1,1.1732050807568877
10,beverages,74.08071650783464,106.00767060876018,94.89395508389157,2023-04-24,0,4,0,69,12,12,1.1732050807568877
10,beverages,74.08071650783464,106.00767060876018,96.08807761076078,2023-04-25,1,4,0,138,14,5,1.1732050807568877
10,beverages,74.08071650783464,106.00767060876018,100.10069576588022,2023-04-26,2,4,0,149,9,11,1.1732050807568877
10,beverages,74.08071650783464,106.00767060876018,77.9519467483936,2023-04-27,3,4,0,109,8,3,1.1732050807568877
10,beverages,74.08071650783464,106.00767060876018,90.7530640351777,2023-04-28,4,4,0,29,12,6,1.1732050807568877
10,beverages,74.08071650783464,106.00767060876018,84.48076284923555,2023-04-29,5,4,1,127,29,5,1.1732050807568877
10,beverages,74.08071650783464,106.00767060876018,83.84246201910513,2023-04-30,6,4,1,120,25,2,1.1732050807568877
10,beverages,74.08071650783464,106.00767060876018,98.02677207567466,2023-05-01,0,5,0,67,18,5,1.1
10,beverages,74.08071650783464,106.00767060876018,98.29351360034471,2023-05-02,1,5,0,49,18,12,1.1
10,beverages,74.08071650783464,106.00767060876018,95.37864828004413,2023-05-03,2,5,0,196,7,4,1.1
10,beverages,74.08071650783464,106.00767060876018,82.10178270660506,2023-05-04,3,5,0,93,17,8,1.1
10,beverages,74.08071650783464,106.00767060876018,88.67483196712456,2023-05-05,4,5,0,90,14,14,1.1
10,beverages,74.08071650783464,106.00767060876018,89.60335309876339,2023-05-06,5,5,1,34,30,2,1.1
10,beverages,74.08071650783464,106.00767060876018,78.65331767414963,2023-05-07,6,5,1,71,7,4,1.1
10,beverages,74.08071650783464,106.00767060876018,84.88084497041818,2023-05-08,0,5,0,97,21,12,1.1
10,beverages,74.08071650783464,106.00767060876018,101.90455115260465,2023-05-09,1,5,0,183,9,6,1.1
10,beverages,74.08071650783464,106.00767060876018,78.33821878858694,2023-05-10,2,5,0,40,11,14,1.1
10,beverages,74.08071650783464,106.00767060876018,103.1469653658817,2023-05-11,3,5,0,173,14,11,1.1
10,beverages,74.08071650783464,106.00767060876018,89.03325674420626,2023-05-12,4,5,0,164,20,5,1.1
10,beverages,74.08071650783464,106.00767060876018,91.62658269010093,2023-05-13,5,5,1,105,13,12,1.1
10,beverages,74.08071650783464,106.00767060876018,80.91928286515534,2023-05-14,6,5,1,193,25,8,1.1
10,beverages,74.08071650783464,106.00767060876018,87.69787830654406,2023-05-15,0,5,0,71,13,4,1.1
10,beverages,74.08071650783464,106.00767060876018,91.09909209913246,2023-05-16,1,5,0,136,20,10,1.1
10,beverages,74.08071650783464,106.00767060876018,80.26196011533769,2023-05-17,2,5,0,115,20,10,1.1
10,beverages,74.08071650783464,106.00767060876018,89.17407207865548,2023-05-18,3,5,0,130,13,2,1.1
10,beverages,74.08071650783464,106.00767060876018,91.2363725201264,2023-05-19,4,5,0,191,10,8,1.1
10,beverages,74.08071650783464,106.00767060876018,99.03144573696125,2023-05-20,5,5,1,39,7,6,1.1
10,beverages,74.08071650783464,106.00767060876018,92.51528016916461,2023-05-21,6,5,1,53,16,12,1.1
10,beverages,74.08071650783464,106.00767060876018,78.81546401589839,2023-05-22,0,5,0,191,20,1,1.1
10,beverages,74.08071650783464,106.00767060876018,80.22450376030618,2023-05-23,1,5,0,130,9,4,1.1
10,beverages,74.08071650783464,106.00767060876018,95.48947096856985,2023-05-24,2,5,0,89,5,8,1.1
10,beverages,74.08071650783464,106.00767060876018,102.57945387064342,2023-05-25,3,5,0,93,11,11,1.1
10,beverages,74.08071650783464,106.00767060876018,94.25062418788347,2023-05-26,4,5,0,198,14,12,1.1
10,beverages,74.08071650783464,106.00767060876018,78.01802316167527,2023-05-27,5,5,1,37,13,13,1.1
10,beverages,74.08071650783464,106.00767060876018,103.75539666859312,2023-05-28,6,5,1,68,14,9,1.1
10,beverages,74.08071650783464,106.00767060876018,101.87668004362067,2023-05-29,0,5,0,144,5,9,1.1
10,beverages,74.08071650783464,106.00767060876018,92.23539807798005,2023-05-30,1,5,0,140,6,5,1.1
10,beverages,74.08071650783464,106.00767060876018,92.61813605469123,2023-05-31,2,5,0,32,7,7,1.1
10,beverages,74.08071650783464,106.00767060876018,105.85411367884019,2023-06-01,3,6,0,184,14,3,1.0
10,beverages,74.08071650783464,106.00767060876018,80.741456837833,2023-06-02,4,6,0,113,10,7,1.0
10,beverages,74.08071650783464,106.00767060876018,101.04551710698235,2023-06-03,5,6,1,33,13,5,1.0
10,beverages,74.08071650783464,106.00767060876018,93.74643496244127,2023-06-04,6,6,1,144,10,13,1.0
10,beverages,74.08071650783464,106.00767060876018,88.32788309460203,2023-06-05,0,6,0,160,11,14,1.0
10,beverages,74.08071650783464,106.00767060876018,90.28508072534649,2023-06-06,1,6,0,52,17,1,1.0
10,beverages,74.08071650783464,106.00767060876018,98.24272319412778,2023-06-07,2,6,0,127,10,9,1.0
10,beverages,74.08071650783464,106.00767060876018,80.59755906101839,2023-06-08,3,6,0,181,19,11,1.0
10,beverages,74.08071650783464,106.00767060876018,81.7372256210032,2023-06-09,4,6,0,124,14,8,1.0
10,beverages,74.08071650783464,106.00767060876018,79.90411416180163,2023-06-10,5,6,1,74,12,12,1.0
10,beverages,74.08071650783464,106.00767060876018,99.10539673772578,2023-06-11,6,6,1,134,18,11,1.0
10,beverages,74.08071650783464,106.00767060876018,97.18446434860395,2023-06-12,0,6,0,159,3,9,1.0
10,beverages,74.08071650783464,106.00767060876018,78.57075432993629,2023-06-13,1,6,0,153,4,10,1.0
10,beverages,74.08071650783464,106.00767060876018,101.22923717306537,2023-06-14,2,6,0,100,19,9,1.0
10,beverages,74.08071650783464,106.00767060876018,80.90292273615356,2023-06-15,3,6,0,108,15,11,1.0
10,beverages,74.08071650783464,106.00767060876018,101.15455031623758,2023-06-16,4,6,0,185,8,11,1.0
10,beverages,74.08071650783464,106.00767060876018,81.26925468463429,2023-06-17,5,6,1,79,13,11,1.0
10,beverages,74.08071650783464,106.00767060876018,84.20325719707117,2023-06-18,6,6,1,153,16,6,1.0
10,beverages,74.08071650783464,106.00767060876018,103.0029058596659,2023-06-19,0,6,0,123,14,1,1.0
10,beverages,74.08071650783464,106.00767060876018,90.83394167265685,2023-06-20,1,6,0,76,9,3,1.0
10,beverages,74.08071650783464,106.00767060876018,83.85608336304082,2023-06-21,2,6,0,152,10,13,1.0
10,beverages,74.08071650783464,106.00767060876018,94.06822327541221,2023-06-22,3,6,0,81,8,13,1.0
10,beverages,74.08071650783464,106.00767060876018,102.48322058244156,2023-06-23,4,6,0,189,16,6,1.0
10,beverages,74.08071650783464,106.00767060876018,94.97802407835205,2023-06-24,5,6,1,106,4,6,1.0
10,beverages,74.08071650783464,106.00767060876018,78.11340538022907,2023-06-25,6,6,1,172,21,9,1.0
10,beverages,74.08071650783464,106.00767060876018,94.49030419525705,2023-06-26,0,6,0,185,6,6,1.0
10,beverages,74.08071650783464,106.00767060876018,85.54546759577075,2023-06-27,1,6,0,177,9,13,1.0
10,beverages,74.08071650783464,106.00767060876018,93.42935371722295,2023-06-28,2,6,0,119,11,12,1.0
10,beverages,74.08071650783464,106.00767060876018,99.0894580250582,2023-06-29,3,6,0,139,13,10,1.0
11,grocery,43.61676978085671,70.71012539259358,66.61753685619483,2023-01-01,6,1,1,115,21,2,1.1
11,grocery,43.61676978085671,70.71012539259358,62.73340874711158,2023-01-02,0,1,0,151,11,7,1.1
11,grocery,43.61676978085671,70.71012539259358,48.203875476403034,2023-01-03,1,1,0,104,21,13,1.1
11,grocery,43.61676978085671,70.71012539259358,63.856947829432784,2023-01-04,2,1,0,140,17,2,1.1
11,grocery,43.61676978085671,70.71012539259358,59.054374256290984,2023-01-05,3,1,0,39,8,9,1.1
11,grocery,43.61676978085671,70.71012539259358,54.939451538347114,2023-01-06,4,1,0,76,8,3,1.1
11,grocery,43.61676978085671,70.71012539259358,52.11186335274744,2023-01-07,5,1,1,174,6,6,1.1
11,grocery,43.61676978085671,70.71012539259358,67.51000496375077,2023-01-08,6,1,1,106,12,4,1.1
11,grocery,43.61676978085671,70.71012539259358,58.6932971186357,2023-01-09,0,1,0,76,13,2,1.1
11,grocery,43.61676978085671,70.71012539259358,63.49072327678443,2023-01-10,1,1,0,38,2,9,1.1
11,grocery,43.61676978085671,70.71012539259358,58.766330868322854,2023-01-11,2,1,0,69,16,6,1.1
11,grocery,43.61676978085671,70.71012539259358,49.417048475379346,2023-01-12,3,1,0,27,25,5,1.1
11,grocery,43.61676978085671,70.71012539259358,52.19592926894986,2023-01-13,4,1,0,191,8,9,1.1
11,grocery,43.61676978085671,70.71012539259358,69.54234149906534,2023-01-14,5,1,1,53,12,8,1.1
11,grocery,43.61676978085671,70.71012539259358,59.4279350336965,2023-01-15,6,1,1,73,20,14,1.1
11,grocery,43.61676978085671,70.71012539259358,69.25606102694653,2023-01-16,0,1,0,170,4,14,1.1
11,grocery,43.61676978085671,70.71012539259358,60.27293893309137,2023-01-17,1,1,0,162,19,5,1.1
11,grocery,43.61676978085671,70.71012539259358,50.23254264701827,2023-01-18,2,1,0,89,15,2,1.1
11,grocery,43.61676978085671,70.71012539259358,68.97538356525503,2023-01-19,3,1,0,28,7,2,1.1
11,grocery,43.61676978085671,70.71012539259358,62.24283174380574,2023-01-20,4,1,0,171,14,7,1.1
11,grocery,43.61676978085671,70.71012539259358,58.833294933079266,2023-01-21,5,1,1,116,19,9,1.1
11,grocery,43.61676978085671,70.71012539259358,64.42577917170304,2023-01-22,6,1,1,66,17,10,1.1
11,grocery,43.61676978085671,70.71012539259358,61.36859882336682,2023-01-23,0,1,0,137,16,5,1.1
11,grocery,43.61676978085671,70.71012539259358,46.662475005614866,2023-01-24,1,1,0,40,16,6,1.1
11,grocery,43.61676978085671,70.71012539259358,67.56670935178786,2023-01-25,2,1,0,135,14,12,1.1
11,grocery,43.61676978085671,70.71012539259358,65.01939496356073,2023-01-26,3,1,0,89,8,12,1.1
11,grocery,43.61676978085671,70.71012539259358,48.905098826352926,2023-01-27,4,1,0,170,11,6,1.1
11,grocery,43.61676978085671,70.71012539259358,52.41460843196358,2023-01-28,5,1,1,197,15,13,1.1
11,grocery,43.61676978085671,70.71012539259358,51.74932559141005,2023-01-29,6,1,1,131,29,1,1.1
11,grocery,43.61676978085671,70.71012539259358,61.83862711952359,2023-01-30,0,1,0,74,10,12,1.1
11,grocery,43.61676978085671,70.71012539259358,55.70603818529217,2023-01-31,1,1,0,132,20,7,1.1
11,grocery,43.61676978085671,70.71012539259358,56.15588566057559,2023-02-01,2,2,0,109,20,8,1.1732050807568877
11,grocery,43.61676978085671,70.71012539259358,52.025706041815106,2023-02-02,3,2,0,87,16,5,1.1732050807568877
11,grocery,43.61676978085671,70.71012539259358,60.41456749242116,2023-02-03,4,2,0,190,13,10,1.1732050807568877
11,grocery,43.61676978085671,70.71012539259358,65.56066018905703,2023-02-04,5,2,1,46,32,2,1.1732050807568877
11,grocery,43.61676978085671,70.71012539259358,46.5789038897384,2023-02-05,6,2,1,40,23,8,1.1732050807568877
11,grocery,43.61676978085671,70.71012539259358,56.257636096237285,2023-02-06,0,2,0,124,16,5,1.1732050807568877
11,grocery,43.61676978085671,70.71012539259358,58.18296122069426,2023-02-07,1,2,0,61,18,4,1.1732050807568877
11,grocery,43.61676978085671,70.71012539259358,50.01041208464337,2023-02-08,2,2,0,94,25,13,1.1732050807568877
11,grocery,43.61676978085671,70.71012539259358,55.80729996186955,2023-02-09,3,2,0,165,19,14,1.1732050807568877
11,grocery,43.61676978085671,70.71012539259358,54.97942709033485,2023-02-10,4,2,0,118,5,13,1.1732050807568877
11,grocery,43.61676978085671,70.71012539259358,49.08772495452286,2023-02-11,5,2,1,154,25,14,1.1732050807568877
11,grocery,43.61676978085671,70.71012539259358,46.59193877648718,2023-02-12,6,2,1,36,27,5,1.1732050807568877
11,grocery,43.61676978085671,70.71012539259358,69.0821410454776,2023-02-13,0,2,0,160,13,3,1.1732050807568877
11,grocery,43.61676978085671,70.71012539259358,55.959048494147915,2023-02-14,1,2,0,137,18,10,1.1732050807568877
11,grocery,43.61676978085671,70.71012539259358,63.94565317451308,2023-02-15,2,2,0,88,19,9,1.1732050807568877
11,grocery,43.61676978085671,70.71012539259358,66.08159812059644,2023-02-16,3,2,0,66,6,4,1.1732050807568877
11,grocery,43.61676978085671,70.71012539259358,69.35562380854907,2023-02-17,4,2,0,55,18,14,1.1732050807568877
11,grocery,43.61676978085671,70.71012539259358,58.55807399661828,2023-02-18,5,2,1,132,10,5,1.1732050807568877
11,grocery,43.61676978085671,70.71012539259358,55.14920302638792,2023-02-19,6,2,1,88,25,10,1.1732050807568877
11,grocery,43.61676978085671,70.71012539259358,47.399962019028074,2023-02-20,0,2,0,118,8,3,1.1732050807568877
11,grocery,43.61676978085671,70.71012539259358,68.48780257149157,2023-02-21,1,2,0,187,2,6,1.1732050807568877
11,grocery,43.61676978085671,70.71012539259358,48.11522907356275,2023-02-22,2,2,0,118,18,4,1.1732050807568877
11,grocery,43.61676978085671,70.71012539259358,68.90063982462178,2023-02-23,3,2,0,31,14,11,1.1732050807568877
11,grocery,43.61676978085671,70.71012539259358,55.36274167246529,2023-02-24,4,2,0,60,16,9,1.1732050807568877
11,grocery,43.61676978085671,70.71012539259358,54.94483220892399,2023-02-25,5,2,1,153,8,4,1.1732050807568877
11,grocery,43.61676978085671,70.71012539259358,58.159684549306604,2023-02-26,6,2,1,40,14,12,1.1732050807568877
11,grocery,43.61676978085671,70.71012539259358,63.33442361448329,2023-02-27,0,2,0,168,19,14,1.1732050807568877
11,grocery,43.61676978085671,70.71012539259358,57.98472490045393,2023-02-28,1,2,0,129,8,5,1.1732050807568877
11,grocery,43.61676978085671,70.71012539259358,61.58056711994338,2023-03-01,2,3,0,130,7,12,1.2
11,grocery,43.61676978085671,70.71012539259358,65.9067920538445,2023-03-02,3,3,0,109,12,4,1.2
11,grocery,43.61676978085671,70.71012539259358,56.62601614835145,2023-03-03,4,3,0,29,17,8,1.2
11,grocery,43.61676978085671,70.71012539259358,46.91247913385206,2023-03-04,5,3,1,30,29,5,1.2
11,grocery,43.61676978085671,70.71012539259358,62.67501075103553,2023-03-05,6,3,1,154,6,7,1.2
11,grocery,43.61676978085671,70.71012539259358,65.98961412020834,2023-03-06,0,3,0,151,15,4,1.2
11,grocery,43.61676978085671,70.71012539259358,66.35843891024557,2023-03-07,1,3,0,81,19,9,1.2
11,grocery,43.61676978085671,70.71012539259358,66.74713792678756,2023-03-08,2,3,0,176,16,14,1.2
11,grocery,43.61676978085671,70.71012539259358,65.608455098088,2023-03-09,3,3,0,160,9,14,1.2
11,grocery,43.61676978085671,70.71012539259358,60.08875351184523,2023-03-10,4,3,0,98,20,6,1.2
11,grocery,43.61676978085671,70.71012539259358,69.30077714617678,2023-03-11,5,3,1,180,19,4,1.2
11,grocery,43.61676978085671,70.71012539259358,52.241227389725566,2023-03-12,6,3,1,91,22,8,1.2
11,grocery,43.61676978085671,70.71012539259358,64.02799276750373,2023-03-13,0,3,0,36,8,7,1.2
11,grocery,43.61676978085671,70.71012539259358,52.39609345290403,2023-03-14,1,3,0,57,15,11,1.2
11,grocery,43.61676978085671,70.71012539259358,58.079932830494926,2023-03-15,2,3,0,82,38,1,1.2
11,grocery,43.61676978085671,70.71012539259358,54.66262562683053,2023-03-16,3,3,0,71,22,2,1.2
11,grocery,43.61676978085671,70.71012539259358,57.31620413435931,2023-03-17,4,3,0,137,38,1,1.2
11,grocery,43.61676978085671,70.71012539259358,66.81348249647978,2023-03-18,5,3,1,69,16,14,1.2
11,grocery,43.61676978085671,70.71012539259358,68.37810159411086,2023-03-19,6,3,1,110,4,13,1.2
11,grocery,43.61676978085671,70.71012539259358,54.99172615873793,2023-03-20,0,3,0,115,20,12,1.2
11,grocery,43.61676978085671,70.71012539259358,62.58867896739653,2023-03-21,1,3,0,108,12,9,1.2
11,grocery,43.61676978085671,70.71012539259358,47.2499383593257,2023-03-22,2,3,0,190,20,11,1.2
11,grocery,43.61676978085671,70.71012539259358,67.12982618427276,2023-03-23,3,3,0,131,10,11,1.2
11,grocery,43.61676978085671,70.71012539259358,67.63146003413414,2023-03-24,4,3,0,20,6,10,1.2
11,grocery,43.61676978085671,70.71012539259358,49.84968444059961,2023-03-25,5,3,1,27,23,10,1.2
11,grocery,43.61676978085671,70.71012539259358,58.75417702074935,2023-03-26,6,3,1,44,21,6,1.2
11,grocery,43.61676978085671,70.71012539259358,51.90876623391152,2023-03-27,0,3,0,125,20,12,1.2
11,grocery,43.61676978085671,70.71012539259358,50.57516783331887,2023-03-28,1,3,0,130,21,8,1.2
11,grocery,43.61676978085671,70.71012539259358,63.11975350815066,2023-03-29,2,3,0,129,16,11,1.2
11,grocery,43.61676978085671,70.71012539259358,53.221035006640186,2023-03-30,3,3,0,68,9,3,1.2
11,grocery,43.61676978085671,70.71012539259358,59.12263495620208,2023-03-31,4,3,0,26,20,8,1.2
11,grocery,43.61676978085671,70.71012539259358,62.359450745906045,2023-04-01,5,4,1,120,4,7,1.1732050807568877
11,grocery,43.61676978085671,70.71012539259358,64.83685551695808,2023-04-02,6,4,1,132,16,4,1.1732050807568877
11,grocery,43.61676978085671,70.71012539259358,46.35987622223944,2023-04-03,0,4,0,189,10,3,1.1732050807568877
11,grocery,43.61676978085671,70.71012539259358,49.96134475087089,2023-04-04,1,4,0,113,11,14,1.1732050807568877
11,grocery,43.61676978085671,70.71012539259358,47.14964010518121,2023-04-05,2,4,0,106,7,6,1.1732050807568877
11,grocery,43.61676978085671,70.71012539259358,47.275142127159924,2023-04-06,3,4,0,154,22,13,1.1732050807568877
11,grocery,43.61676978085671,70.71012539259358,61.77632856109952,2023-04-07,4,4,0,21,13,14,1.1732050807568877
11,grocery,43.61676978085671,70.71012539259358,59.47665345392687,2023-04-08,5,4,1,146,43,1,1.1732050807568877
11,grocery,43.61676978085671,70.71012539259358,46.55343527575054,2023-04-09,6,4,1,79,19,11,1.1732050807568877
11,grocery,43.61676978085671,70.71012539259358,52.60691858996527,2023-04-10,0,4,0,190,17,9,1.1732050807568877
11,grocery,43.61676978085671,70.71012539259358,70.69757821377615,2023-04-11,1,4,0,131,8,13,1.1732050807568877
11,grocery,43.61676978085671,70.71012539259358,49.5014160586555,2023-04-12,2,4,0,131,13,14,1.1732050807568877
11,grocery,43.61676978085671,70.71012539259358,63.59051256989977,2023-04-13,3,4,0,195,18,7,1.1732050807568877
11,grocery,43.61676978085671,70.71012539259358,59.81420244823165,2023-04-14,4,4,0,33,18,4,1.1732050807568877
11,grocery,43.61676978085671,70.71012539259358,67.90902321256593,2023-04-15,5,4,1,169,10,11,1.1732050807568877
11,grocery,43.61676978085671,70.71012539259358,66.35524138777245,2023-04-16,6,4,1,100,18,1,1.1732050807568877
11,grocery,43.61676978085671,70.71012539259358,62.83028490954229,2023-04-17,0,4,0,168,19,4,1.1732050807568877
11,grocery,43.61676978085671,70.71012539259358,69.58003512147911,2023-04-18,1,4,0,134,14,13,1.1732050807568877
11,grocery,43.61676978085671,70.71012539259358,58.55705106683196,2023-04-19,2,4,0,42,18,6,1.1732050807568877
11,grocery,43.61676978085671,70.71012539259358,61.8789242047833,2023-04-20,3,4,0,26,3,3,1.1732050807568877
11,grocery,43.61676978085671,70.71012539259358,55.10578793779136,2023-04-21,4,4,0,141,14,3,1.1732050807568877
11,grocery,43.61676978085671,70.71012539259358,68.20019694016565,2023-04-22,5,4,1,106,10,1,1.1732050807568877
11,grocery,43.61676978085671,70.71012539259358,56.57479621010164,2023-04-23,6,4,1,72,20,8,1.1732050807568877
11,grocery,43.61676978085671,70.71012539259358,50.01609106696756,2023-04-24,0,4,0,196,7,7,1.1732050807568877
11,grocery,43.61676978085671,70.71012539259358,47.643843755786904,2023-04-25,1,4,0,137,18,5,1.1732050807568877
11,grocery,43.61676978085671,70.71012539259358,69.46622236839174,2023-04-26,2,4,0,162,5,7,1.1732050807568877
11,grocery,43.61676978085671,70.71012539259358,46.779398992618795,2023-04-27,3,4,0,120,14,12,1.1732050807568877
11,grocery,43.61676978085671,70.71012539259358,63.19191271041018,2023-04-28,4,4,0,103,13,10,1.1732050807568877
11,grocery,43.61676978085671,70.71012539259358,52.67560767672591,2023-04-29,5,4,1,135,14,10,1.1732050807568877
11,grocery,43.61676978085671,70.71012539259358,57.36977766428351,2023-04-30,6,4,1,63,6,12,1.1732050807568877
11,grocery,43.61676978085671,70.71012539259358,54.70341220671488,2023-05-01,0,5,0,53,19,7,1.1
11,grocery,43.61676978085671,70.71012539259358,51.42023071015199,2023-05-02,1,5,0,52,17,3,1.1
11,grocery,43.61676978085671,70.71012539259358,62.506510088802656,2023-05-03,2,5,0,28,7,7,1.1
11,grocery,43.61676978085671,70.71012539259358,49.768420994560294,2023-05-04,3,5,0,152,11,7,1.1
11,grocery,43.61676978085671,70.71012539259358,57.03084505328026,2023-05-05,4,5,0,95,4,8,1.1
11,grocery,43.61676978085671,70.71012539259358,53.51999372654322,2023-05-06,5,5,1,145,17,2,1.1
11,grocery,43.61676978085671,70.71012539259358,61.80469361966753,2023-05-07,6,5,1,113,19,10,1.1
11,grocery,43.61676978085671,70.71012539259358,47.5980784581312,2023-05-08,0,5,0,178,15,12,1.1
11,grocery,43.61676978085671,70.71012539259358,55.24345978605535,2023-05-09,1,5,0,52,21,10,1.1
11,grocery,43.61676978085671,70.71012539259358,55.81633601858806,2023-05-10,2,5,0,30,6,7,1.1
11,grocery,43.61676978085671,70.71012539259358,47.076476674483395,2023-05-11,3,5,0,35,14,6,1.1
11,grocery,43.61676978085671,70.71012539259358,47.064508639227036,2023-05-12,4,5,0,81,15,5,1.1
11,grocery,43.61676978085671,70.71012539259358,54.19860504965139,2023-05-13,5,5,1,190,8,5,1.1
11,grocery,43.61676978085671,70.71012539259358,58.52141056145644,2023-05-14,6,5,1,87,19,6,1.1
11,grocery,43.61676978085671,70.71012539259358,62.234954366134716,2023-05-15,0,5,0,85,9,8,1.1
11,grocery,43.61676978085671,70.71012539259358,49.61660149358239,2023-05-16,1,5,0,49,8,10,1.1
11,grocery,43.61676978085671,70.71012539259358,47.168736135083186,2023-05-17,2,5,0,126,23,13,1.1
11,grocery,43.61676978085671,70.71012539259358,51.47375559414456,2023-05-18,3,5,0,80,18,9,1.1
11,grocery,43.61676978085671,70.71012539259358,66.07214044565347,2023-05-19,4,5,0,70,9,4,1.1
11,grocery,43.61676978085671,70.71012539259358,51.93283215006328,2023-05-20,5,5,1,47,10,7,1.1
11,grocery,43.61676978085671,70.71012539259358,70.27884586498851,2023-05-21,6,5,1,100,15,5,1.1
11,grocery,43.61676978085671,70.71012539259358,50.54237146954745,2023-05-22,0,5,0,40,6,14,1.1
11,grocery,43.61676978085671,70.71012539259358,55.504955474637036,2023-05-23,1,5,0,32,13,5,1.1
11,grocery,43.61676978085671,70.71012539259358,67.5264185330758,2023-05-24,2,5,0,142,6,4,1.1
11,grocery,43.61676978085671,70.71012539259358,49.73978345988008,2023-05-25,3,5,0,120,7,2,1.1
11,grocery,43.61676978085671,70.71012539259358,50.753126798119894,2023-05-26,4,5,0,22,8,6,1.1
11,grocery,43.61676978085671,70.71012539259358,56.70374205177471,2023-05-27,5,5,1,197,13,3,1.1
11,grocery,43.61676978085671,70.71012539259358,49.09009081545737,2023-05-28,6,5,1,25,25,2,1.1
11,grocery,43.61676978085671,70.71012539259358,65.28905724947867,2023-05-29,0,5,0,132,10,13,1.1
11,grocery,43.61676978085671,70.71012539259358,49.83083542741792,2023-05-30,1,5,0,195,15,10,1.1
11,grocery,43.61676978085671,70.71012539259358,68.7616983232307,2023-05-31,2,5,0,194,13,10,1.1
11,grocery,43.61676978085671,70.71012539259358,67.48136123709517,2023-06-01,3,6,0,150,7,9,1.0
11,grocery,43.61676978085671,70.71012539259358,48.73864320342679,2023-06-02,4,6,0,189,7,13,1.0
11,grocery,43.61676978085671,70.71012539259358,60.19046053642435,2023-06-03,5,6,1,102,17,13,1.0
11,grocery,43.61676978085671,70.71012539259358,56.36663661526284,2023-06-04,6,6,1,139,28,2,1.0
11,grocery,43.61676978085671,70.71012539259358,53.99182787656694,2023-06-05,0,6,0,42,3,13,1.0
11,grocery,43.61676978085671,70.71012539259358,53.59585777874006,2023-06-06,1,6,0,39,8,12,1.0
11,grocery,43.61676978085671,70.71012539259358,53.22259772223013,2023-06-07,2,6,0,150,29,1,1.0
11,grocery,43.61676978085671,70.71012539259358,69.89332384580634,2023-06-08,3,6,0,33,8,3,1.0
11,grocery,43.61676978085671,70.71012539259358,59.54977043925322,2023-06-09,4,6,0,59,17,4,1.0
11,grocery,43.61676978085671,70.71012539259358,59.050776357893604,2023-06-10,5,6,1,123,19,1,1.0
11,grocery,43.61676978085671,70.71012539259358,68.50831242386332,2023-06-11,6,6,1,161,17,6,1.0
11,grocery,43.61676978085671,70.71012539259358,69.2561026455028,2023-06-12,0,6,0,29,10,8,1.0
11,grocery,43.61676978085671,70.71012539259358,52.21893949269852,2023-06-13,1,6,0,123,11,10,1.0
11,grocery,43.61676978085671,70.71012539259358,58.22524294060223,2023-06-14,2,6,0,104,10,3,1.0
11,grocery,43.61676978085671,70.71012539259358,64.98246444701573,2023-06-15,3,6,0,48,10,10,1.0
11,grocery,43.61676978085671,70.71012539259358,64.1316113227377,2023-06-16,4,6,0,129,15,5,1.0
11,grocery,43.61676978085671,70.71012539259358,50.43544791057047,2023-06-17,5,6,1,79,10,4,1.0
11,grocery,43.61676978085671,70.71012539259358,64.43620189874751,2023-06-18,6,6,1,153,17,3,1.0
11,grocery,43.61676978085671,70.71012539259358,46.03041458363638,2023-06-19,0,6,0,87,15,12,1.0
11,grocery,43.61676978085671,70.71012539259358,62.8383893491517,2023-06-20,1,6,0,99,10,10,1.0
11,grocery,43.61676978085671,70.71012539259358,68.99164192181088,2023-06-21,2,6,0,95,14,5,1.0
11,grocery,43.61676978085671,70.71012539259358,54.305410012337546,2023-06-22,3,6,0,141,13,12,1.0
11,grocery,43.61676978085671,70.71012539259358,45.84573711776624,2023-06-23,4,6,0,156,15,12,1.0
11,grocery,43.61676978085671,70.71012539259358,64.04114899758761,2023-06-24,5,6,1,94,15,11,1.0
11,grocery,43.61676978085671,70.71012539259358,66.29154847081799,2023-06-25,6,6,1,53,3,9,1.0
11,grocery,43.61676978085671,70.71012539259358,62.770834665795924,2023-06-26,0,6,0,90,11,2,1.0
11,grocery,43.61676978085671,70.71012539259358,55.58288740961185,2023-06-27,1,6,0,77,22,4,1.0
11,grocery,43.61676978085671,70.71012539259358,59.30913491068587,2023-06-28,2,6,0,167,5,9,1.0
11,grocery,43.61676978085671,70.71012539259358,46.29615067745601,2023-06-29,3,6,0,156,12,4,1.0
12,snacks,13.430642066964245,20.05004426884188,18.33723229241176,2023-01-01,6,1,1,79,36,1,1.1
12,snacks,13.430642066964245,20.05004426884188,15.511378769797586,2023-01-02,0,1,0,171,13,4,1.1
12,snacks,13.430642066964245,20.05004426884188,15.918375418663226,2023-01-03,1,1,0,44,11,10,1.1
12,snacks,13.430642066964245,20.05004426884188,14.195769737447307,2023-01-04,2,1,0,76,16,4,1.1
12,snacks,13.430642066964245,20.05004426884188,14.292878922953932,2023-01-05,3,1,0,46,17,10,1.1
12,snacks,13.430642066964245,20.05004426884188,17.960234290388613,2023-01-06,4,1,0,112,16,10,1.1
12,snacks,13.430642066964245,20.05004426884188,16.929888191338797,2023-01-07,5,1,1,166,24,13,1.1
12,snacks,13.430642066964245,20.05004426884188,18.688791213125835,2023-01-08,6,1,1,149,6,8,1.1
12,snacks,13.430642066964245,20.05004426884188,18.377552177543304,2023-01-09,0,1,0,24,15,10,1.1
12,snacks,13.430642066964245,20.05004426884188,14.806076842033509,2023-01-10,1,1,0,99,25,3,1.1
12,snacks,13.430642066964245,20.05004426884188,16.53331276088801,2023-01-11,2,1,0,125,18,5,1.1
12,snacks,13.430642066964245,20.05004426884188,14.606129372142709,2023-01-12,3,1,0,90,23,9,1.1
12,snacks,13.430642066964245,20.05004426884188,14.433681841815941,2023-01-13,4,1,0,90,18,14,1.1
12,snacks,13.430642066964245,20.05004426884188,17.436189423601213,2023-01-14,5,1,1,128,8,7,1.1
12,snacks,13.430642066964245,20.05004426884188,19.15212116449071,2023-01-15,6,1,1,180,12,9,1.1
12,snacks,13.430642066964245,20.05004426884188,14.307398745620203,2023-01-16,0,1,0,160,21,8,1.1
12,snacks,13.430642066964245,20.05004426884188,15.323105009086492,2023-01-17,1,1,0,76,17,3,1.1
12,snacks,13.430642066964245,20.05004426884188,17.054123533282073,2023-01-18,2,1,0,52,12,8,1.1
12,snacks,13.430642066964245,20.05004426884188,16.61738847247773,2023-01-19,3,1,0,53,12,6,1.1
12,snacks,13.430642066964245,20.05004426884188,18.883575992063903,2023-01-20,4,1,0,82,8,7,1.1
12,snacks,13.430642066964245,20.05004426884188,15.293835008857341,2023-01-21,5,1,1,37,19,11,1.1
12,snacks,13.430642066964245,20.05004426884188,18.371320652729104,2023-01-22,6,1,1,156,19,10,1.1
12,snacks,13.430642066964245,20.05004426884188,14.34958151475005,2023-01-23,0,1,0,183,12,9,1.1
12,snacks,13.430642066964245,20.05004426884188,19.55844627150326,2023-01-24,1,1,0,76,10,6,1.1
12,snacks,13.430642066964245,20.05004426884188,17.550878757010704,2023-01-25,2,1,0,75,19,7,1.1
12,snacks,13.430642066964245,20.05004426884188,16.78761336620846,2023-01-26,3,1,0,97,18,6,1.1
12,snacks,13.430642066964245,20.05004426884188,16.28583258364271,2023-01-27,4,1,0,34,12,2,1.1
12,snacks,13.430642066964245,20.05004426884188,17.206219534470197,2023-01-28,5,1,1,110,19,3,1.1
12,snacks,13.430642066964245,20.05004426884188,17.95144401042642,2023-01-29,6,1,1,20,20,9,1.1
12,snacks,13.430642066964245,20.05004426884188,19.94047873079281,2023-01-30,0,1,0,170,4,12,1.1
12,snacks,13.430642066964245,20.05004426884188,14.748156891208115,2023-01-31,1,1,0,49,18,9,1.1
12,snacks,13.430642066964245,20.05004426884188,19.684759370353852,2023-02-01,2,2,0,112,17,8,1.1732050807568877
12,snacks,13.430642066964245,20.05004426884188,14.57147200266244,2023-02-02,3,2,0,167,12,8,1.1732050807568877
12,snacks,13.430642066964245,20.05004426884188,16.72011995847103,2023-02-03,4,2,0,130,12,14,1.1732050807568877
12,snacks,13.430642066964245,20.05004426884188,16.404776148850427,2023-02-04,5,2,1,103,12,10,1.1732050807568877
12,snacks,13.430642066964245,20.05004426884188,18.602956678574863,2023-02-05,6,2,1,184,8,9,1.1732050807568877
12,snacks,13.430642066964245,20.05004426884188,17.60003476738804,2023-02-06,0,2,0,196,11,11,1.1732050807568877
12,snacks,13.430642066964245,20.05004426884188,17.465435182107754,2023-02-07,1,2,0,133,14,7,1.1732050807568877
12,snacks,13.430642066964245,20.05004426884188,15.908739128836189,2023-02-08,2,2,0,133,16,11,1.1732050807568877
12,snacks,13.430642066964245,20.05004426884188,16.89824386502576,2023-02-09,3,2,0,181,13,5,1.1732050807568877
12,snacks,13.430642066964245,20.05004426884188,17.76629131256776,2023-02-10,4,2,0,38,14,4,1.1732050807568877
12,snacks,13.430642066964245,20.05004426884188,19.771488719929394,2023-02-11,5,2,1,137,16,3,1.1732050807568877
12,snacks,13.430642066964245,20.05004426884188,15.847217848929702,2023-02-12,6,2,1,193,15,7,1.1732050807568877
12,snacks,13.430642066964245,20.05004426884188,18.97192138226775,2023-02-13,0,2,0,143,26,1,1.1732050807568877
12,snacks,13.430642066964245,20.05004426884188,19.44044013381941,2023-02-14,1,2,0,69,8,9,1.1732050807568877
12,snacks,13.430642066964245,20.05004426884188,16.08229207292597,2023-02-15,2,2,0,56,15,14,1.1732050807568877
12,snacks,13.430642066964245,20.05004426884188,19.653770392358947,2023-02-16,3,2,0,92,15,6,1.1732050807568877
12,snacks,13.430642066964245,20.05004426884188,19.372427024285273,2023-02-17,4,2,0,151,32,1,1.1732050807568877
12,snacks,13.430642066964245,20.05004426884188,16.080772413465606,2023-02-18,5,2,1,30,11,11,1.1732050807568877
12,snacks,13.430642066964245,20.05004426884188,19.848150555887553,2023-02-19,6,2,1,157,20,10,1.1732050807568877
12,snacks,13.430642066964245,20.05004426884188,19.671444181025013,2023-02-20,0,2,0,91,15,7,1.1732050807568877
12,snacks,13.430642066964245,20.05004426884188,18.100535569121824,2023-02-21,1,2,0,174,26,2,1.1732050807568877
12,snacks,13.430642066964245,20.05004426884188,18.02327503985621,2023-02-22,2,2,0,102,10,11,1.1732050807568877
12,snacks,13.430642066964245,20.05004426884188,17.190467396434137,2023-02-23,3,2,0,100,6,12,1.1732050807568877
12,snacks,13.430642066964245,20.05004426884188,15.884112368206786,2023-02-24,4,2,0,114,13,8,1.1732050807568877
12,snacks,13.430642066964245,20.05004426884188,14.253530473010013,2023-02-25,5,2,1,70,29,4,1.1732050807568877
12,snacks,13.430642066964245,20.05004426884188,19.365290512126514,2023-02-26,6,2,1,198,11,5,1.1732050807568877
12,snacks,13.430642066964245,20.05004426884188,16.130499541563587,2023-02-27,0,2,0,145,15,6,1.1732050807568877
12,snacks,13.430642066964245,20.05004426884188,15.985966470098534,2023-02-28,1,2,0,108,5,2,1.1732050807568877
12,snacks,13.430642066964245,20.05004426884188,14.98325549565159,2023-03-01,2,3,0,160,24,6,1.2
12,snacks,13.430642066964245,20.05004426884188,18.520898731661973,2023-03-02,3,3,0,66,20,7,1.2
12,snacks,13.430642066964245,20.05004426884188,15.90866694847433,2023-03-03,4,3,0,105,15,3,1.2
12,snacks,13.430642066964245,20.05004426884188,15.307551216879352,2023-03-04,5,3,1,46,8,7,1.2
12,snacks,13.430642066964245,20.05004426884188,17.41485286263522,2023-03-05,6,3,1,43,14,14,1.2
12,snacks,13.430642066964245,20.05004426884188,14.20275154295172,2023-03-06,0,3,0,100,10,2,1.2
12,snacks,13.430642066964245,20.05004426884188,15.960814141517053,2023-03-07,1,3,0,51,12,12,1.2
12,snacks,13.430642066964245,20.05004426884188,19.922631344163445,2023-03-08,2,3,0,199,16,1,1.2
12,snacks,13.430642066964245,20.05004426884188,15.700850416691784,2023-03-09,3,3,0,135,15,7,1.2
12,snacks,13.430642066964245,20.05004426884188,19.939507396433577,2023-03-10,4,3,0,76,12,14,1.2
12,snacks,13.430642066964245,20.05004426884188,17.146901490785837,2023-03-11,5,3,1,86,11,2,1.2
12,snacks,13.430642066964245,20.05004426884188,15.665754437155194,2023-03-12,6,3,1,166,19,14,1.2
12,snacks,13.430642066964245,20.05004426884188,15.123387738138526,2023-03-13,0,3,0,37,23,6,1.2
12,snacks,13.430642066964245,20.05004426884188,19.80096409626507,2023-03-14,1,3,0,46,11,2,1.2
12,snacks,13.430642066964245,20.05004426884188,14.536180335860696,2023-03-15,2,3,0,32,16,14,1.2
12,snacks,13.430642066964245,20.05004426884188,19.138729617552166,2023-03-16,3,3,0,47,7,7,1.2
12,snacks,13.430642066964245,20.05004426884188,14.83558108275885,2023-03-17,4,3,0,23,6,9,1.2
12,snacks,13.430642066964245,20.05004426884188,17.962887525064104,2023-03-18,5,3,1,178,12,8,1.2
12,snacks,13.430642066964245,20.05004426884188,19.263629044196907,2023-03-19,6,3,1,160,6,13,1.2
12,snacks,13.430642066964245,20.05004426884188,19.420208350759573,2023-03-20,0,3,0,197,16,11,1.2
12,snacks,13.430642066964245,20.05004426884188,15.157514589260513,2023-03-21,1,3,0,72,18,6,1.2
12,snacks,13.430642066964245,20.05004426884188,17.01622459575766,2023-03-22,2,3,0,47,8,5,1.2
12,snacks,13.430642066964245,20.05004426884188,14.882066091678658,2023-03-23,3,3,0,118,19,4,1.2
12,snacks,13.430642066964245,20.05004426884188,19.027364764335278,2023-03-24,4,3,0,102,18,6,1.2
12,snacks,13.430642066964245,20.05004426884188,16.151583639925786,2023-03-25,5,3,1,83,14,8,1.2
12,snacks,13.430642066964245,20.05004426884188,17.18846170005986,2023-03-26,6,3,1,113,8,3,1.2
12,snacks,13.430642066964245,20.05004426884188,17.829369396714807,2023-03-27,0,3,0,187,24,2,1.2
12,snacks,13.430642066964245,20.05004426884188,16.90065132872257,2023-03-28,1,3,0,127,20,1,1.2
12,snacks,13.430642066964245,20.05004426884188,19.15270247782039,2023-03-29,2,3,0,55,11,9,1.2
12,snacks,13.430642066964245,20.05004426884188,17.851716988367237,2023-03-30,3,3,0,131,9,1,1.2
12,snacks,13.430642066964245,20.05004426884188,19.629414771616418,2023-03-31,4,3,0,104,7,11,1.2
12,snacks,13.430642066964245,20.05004426884188,15.495132191680971,2023-04-01,5,4,1,198,8,11,1.1732050807568877
12,snacks,13.430642066964245,20.05004426884188,15.05163227713682,2023-04-02,6,4,1,188,22,8,1.1732050807568877
12,snacks,13.430642066964245,20.05004426884188,15.09663339417223,2023-04-03,0,4,0,199,23,7,1.1732050807568877
12,snacks,13.430642066964245,20.05004426884188,19.40069598086689,2023-04-04,1,4,0,81,15,7,1.1732050807568877
12,snacks,13.430642066964245,20.05004426884188,17.0897995372327,2023-04-05,2,4,0,103,27,1,1.1732050807568877
12,snacks,13.430642066964245,20.05004426884188,15.519478910692985,2023-04-06,3,4,0,192,4,8,1.1732050807568877
12,snacks,13.430642066964245,20.05004426884188,17.34738244138326,2023-04-07,4,4,0,132,10,11,1.1732050807568877
12,snacks,13.430642066964245,20.05004426884188,16.378984989617443,2023-04-08,5,4,1,91,16,11,1.1732050807568877
12,snacks,13.430642066964245,20.05004426884188,16.789075438304202,2023-04-09,6,4,1,64,23,12,1.1732050807568877
12,snacks,13.430642066964245,20.05004426884188,15.735294635862363,2023-04-10,0,4,0,191,8,10,1.1732050807568877
12,snacks,13.430642066964245,20.05004426884188,16.9305441493506,2023-04-11,1,4,0,55,12,3,1.1732050807568877
12,snacks,13.430642066964245,20.05004426884188,14.1721514233043,2023-04-12,2,4,0,75,14,14,1.1732050807568877
12,snacks,13.430642066964245,20.05004426884188,19.296949726104117,2023-04-13,3,4,0,100,13,4,1.1732050807568877
12,snacks,13.430642066964245,20.05004426884188,19.611140075843807,2023-04-14,4,4,0,167,21,3,1.1732050807568877
12,snacks,13.430642066964245,20.05004426884188,19.582083497396,2023-04-15,5,4,1,159,20,14,1.1732050807568877
12,snacks,13.430642066964245,20.05004426884188,18.378891065946604,2023-04-16,6,4,1,124,7,11,1.1732050807568877
12,snacks,13.430642066964245,20.05004426884188,17.57732553889345,2023-04-17,0,4,0,68,15,10,1.1732050807568877
12,snacks,13.430642066964245,20.05004426884188,20.03233034924682,2023-04-18,1,4,0,100,17,10,1.1732050807568877
12,snacks,13.430642066964245,20.05004426884188,14.750491950758462,2023-04-19,2,4,0,91,10,5,1.1732050807568877
12,snacks,13.430642066964245,20.05004426884188,14.455110259025421,2023-04-20,3,4,0,178,24,6,1.1732050807568877
12,snacks,13.430642066964245,20.05004426884188,17.53434420684267,2023-04-21,4,4,0,72,18,3,1.1732050807568877
12,snacks,13.430642066964245,20.05004426884188,15.595009182690776,2023-04-22,5,4,1,34,24,11,1.1732050807568877
12,snacks,13.430642066964245,20.05004426884188,14.863203798017732,2023-04-23,6,4,1,85,21,13,1.1732050807568877
12,snacks,13.430642066964245,20.05004426884188,19.50437806940973,2023-04-24,0,4,0,109,17,12,1.1732050807568877
12,snacks,13.430642066964245,20.05004426884188,15.775072235445258,2023-04-25,1,4,0,67,22,1,1.1732050807568877
12,snacks,13.430642066964245,20.05004426884188,17.40142015701567,2023-04-26,2,4,0,52,13,7,1.1732050807568877
12,snacks,13.430642066964245,20.05004426884188,18.86353414333233,2023-04-27,3,4,0,97,27,1,1.1732050807568877
12,snacks,13.430642066964245,20.05004426884188,17.377923662690456,2023-04-28,4,4,0,165,16,14,1.1732050807568877
12,snacks,13.430642066964245,20.05004426884188,16.20654744747483,2023-04-29,5,4,1,49,8,2,1.1732050807568877
12,snacks,13.430642066964245,20.05004426884188,18.50064465750755,2023-04-30,6,4,1,60,10,14,1.1732050807568877
12,snacks,13.430642066964245,20.05004426884188,19.03606574026609,2023-05-01,0,5,0,117,7,8,1.1
12,snacks,13.430642066964245,20.05004426884188,17.26263937268246,2023-05-02,1,5,0,74,6,4,1.1
12,snacks,13.430642066964245,20.05004426884188,18.986032925853934,2023-05-03,2,5,0,44,17,3,1.1
12,snacks,13.430642066964245,20.05004426884188,15.034260704742328,2023-05-04,3,5,0,26,16,14,1.1
12,snacks,13.430642066964245,20.05004426884188,14.444604146463528,2023-05-05,4,5,0,54,11,8,1.1
12,snacks,13.430642066964245,20.05004426884188,16.161178561477694,2023-05-06,5,5,1,119,18,6,1.1
12,snacks,13.430642066964245,20.05004426884188,14.842715249863959,2023-05-07,6,5,1,116,18,6,1.1
12,snacks,13.430642066964245,20.05004426884188,17.037450229393357,2023-05-08,0,5,0,33,17,2,1.1
12,snacks,13.430642066964245,20.05004426884188,18.943839971213983,2023-05-09,1,5,0,159,18,2,1.1
12,snacks,13.430642066964245,20.05004426884188,19.229738326899643,2023-05-10,2,5,0,40,19,3,1.1
12,snacks,13.430642066964245,20.05004426884188,14.951065217938607,2023-05-11,3,5,0,191,25,7,1.1
12,snacks,13.430642066964245,20.05004426884188,17.34592157136687,2023-05-12,4,5,0,93,16,3,1.1
12,snacks,13.430642066964245,20.05004426884188,17.954663608803422,2023-05-13,5,5,1,171,13,8,1.1
12,snacks,13.430642066964245,20.05004426884188,15.047009346796818,2023-05-14,6,5,1,181,8,11,1.1
12,snacks,13.430642066964245,20.05004426884188,15.703759675455732,2023-05-15,0,5,0,105,15,11,1.1
12,snacks,13.430642066964245,20.05004426884188,18.772458829650695,2023-05-16,1,5,0,128,14,1,1.1
12,snacks,13.430642066964245,20.05004426884188,19.681204148062438,2023-05-17,2,5,0,55,12,13,1.1
12,snacks,13.430642066964245,20.05004426884188,17.428829051289746,2023-05-18,3,5,0,182,10,7,1.1
12,snacks,13.430642066964245,20.05004426884188,17.676998015469845,2023-05-19,4,5,0,113,16,5,1.1
12,snacks,13.430642066964245,20.05004426884188,19.090397982435913,2023-05-20,5,5,1,133,22,4,1.1
12,snacks,13.430642066964245,20.05004426884188,15.010713895365736,2023-05-21,6,5,1,192,18,9,1.1
12,snacks,13.430642066964245,20.05004426884188,16.67740889674176,2023-05-22,0,5,0,55,21,7,1.1
12,snacks,13.430642066964245,20.05004426884188,19.639992340092217,2023-05-23,1,5,0,78,19,6,1.1
12,snacks,13.430642066964245,20.05004426884188,16.44717094031657,2023-05-24,2,5,0,139,10,14,1.1
12,snacks,13.430642066964245,20.05004426884188,20.013007492988645,2023-05-25,3,5,0,165,15,12,1.1
12,snacks,13.430642066964245,20.05004426884188,15.59977918312936,2023-05-26,4,5,0,176,8,6,1.1
12,snacks,13.430642066964245,20.05004426884188,17.21881746290927,2023-05-27,5,5,1,184,6,14,1.1
12,snacks,13.430642066964245,20.05004426884188,18.242098341676048,2023-05-28,6,5,1,130,11,8,1.1
12,snacks,13.430642066964245,20.05004426884188,18.851524436028612,2023-05-29,0,5,0,53,12,14,1.1
12,snacks,13.430642066964245,20.05004426884188,14.888551133576359,2023-05-30,1,5,0,70,14,6,1.1
12,snacks,13.430642066964245,20.05004426884188,15.854707570402399,2023-05-31,2,5,0,175,13,3,1.1
12,snacks,13.430642066964245,20.05004426884188,18.233991379075917,2023-06-01,3,6,0,176,6,7,1.0
12,snacks,13.430642066964245,20.05004426884188,14.396281100386474,2023-06-02,4,6,0,126,5,8,1.0
12,snacks,13.430642066964245,20.05004426884188,16.016476148138697,2023-06-03,5,6,1,61,8,3,1.0
12,snacks,13.430642066964245,20.05004426884188,15.502727570609807,2023-06-04,6,6,1,120,20,3,1.0
12,snacks,13.430642066964245,20.05004426884188,17.612109993426294,2023-06-05,0,6,0,42,12,11,1.0
12,snacks,13.430642066964245,20.05004426884188,15.38227861087856,2023-06-06,1,6,0,73,14,9,1.0
12,snacks,13.430642066964245,20.05004426884188,17.906206449361395,2023-06-07,2,6,0,82,8,8,1.0
12,snacks,13.430642066964245,20.05004426884188,18.907647830236776,2023-06-08,3,6,0,196,8,13,1.0
12,snacks,13.430642066964245,20.05004426884188,17.79151199929776,2023-06-09,4,6,0,175,17,13,1.0
12,snacks,13.430642066964245,20.05004426884188,17.27946625473761,2023-06-10,5,6,1,153,15,11,1.0
12,snacks,13.430642066964245,20.05004426884188,18.647807846512382,2023-06-11,6,6,1,150,2,14,1.0
12,snacks,13.430642066964245,20.05004426884188,19.40834055298025,2023-06-12,0,6,0,57,10,5,1.0
12,snacks,13.430642066964245,20.05004426884188,15.90071257939406,2023-06-13,1,6,0,40,10,1,1.0
12,snacks,13.430642066964245,20.05004426884188,19.80958727163988,2023-06-14,2,6,0,138,13,5,1.0
12,snacks,13.430642066964245,20.05004426884188,16.009651858429507,2023-06-15,3,6,0,168,10,7,1.0
12,snacks,13.430642066964245,20.05004426884188,15.358743406615503,2023-06-16,4,6,0,74,14,14,1.0
12,snacks,13.430642066964245,20.05004426884188,18.562999328992365,2023-06-17,5,6,1,46,20,14,1.0
12,snacks,13.430642066964245,20.05004426884188,15.944613672223062,2023-06-18,6,6,1,115,12,2,1.0
12,snacks,13.430642066964245,20.05004426884188,16.683972578482045,2023-06-19,0,6,0,147,14,6,1.0
12,snacks,13.430642066964245,20.05004426884188,17.849374773095008,2023-06-20,1,6,0,161,9,11,1.0
12,snacks,13.430642066964245,20.05004426884188,19.460988008267954,2023-06-21,2,6,0,139,13,12,1.0
12,snacks,13.430642066964245,20.05004426884188,14.859766494824097,2023-06-22,3,6,0,103,19,1,1.0
12,snacks,13.430642066964245,20.05004426884188,15.060056136758428,2023-06-23,4,6,0,136,12,6,1.0
12,snacks,13.430642066964245,20.05004426884188,19.323405873233376,2023-06-24,5,6,1,25,12,4,1.0
12,snacks,13.430642066964245,20.05004426884188,19.215729294550464,2023-06-25,6,6,1,49,15,4,1.0
12,snacks,13.430642066964245,20.05004426884188,14.439446070643893,2023-06-26,0,6,0,91,8,13,1.0
12,snacks,13.430642066964245,20.05004426884188,16.03654756989776,2023-06-27,1,6,0,51,15,2,1.0
12,snacks,13.430642066964245,20.05004426884188,19.82915425681608,2023-06-28,2,6,0,73,16,14,1.0
12,snacks,13.430642066964245,20.05004426884188,14.935259974787176,2023-06-29,3,6,0,120,12,5,1.0
13,grocery,45.748657387620746,60.7225694410006,59.596459386801456,2023-01-01,6,1,1,37,13,9,1.1
13,grocery,45.748657387620746,60.7225694410006,53.07150511853992,2023-01-02,0,1,0,36,14,6,1.1
13,grocery,45.748657387620746,60.7225694410006,50.67902573180771,2023-01-03,1,1,0,75,12,14,1.1
13,grocery,45.748657387620746,60.7225694410006,56.69452392273233,2023-01-04,2,1,0,111,10,9,1.1
13,grocery,45.748657387620746,60.7225694410006,57.6155741550928,2023-01-05,3,1,0,188,11,4,1.1
13,grocery,45.748657387620746,60.7225694410006,54.06467623317609,2023-01-06,4,1,0,163,8,10,1.1
13,grocery,45.748657387620746,60.7225694410006,48.976908208708,2023-01-07,5,1,1,60,24,12,1.1
13,grocery,45.748657387620746,60.7225694410006,52.88695076917021,2023-01-08,6,1,1,199,16,12,1.1
13,grocery,45.748657387620746,60.7225694410006,54.87181094355013,2023-01-09,0,1,0,45,12,13,1.1
13,grocery,45.748657387620746,60.7225694410006,59.226176208072374,2023-01-10,1,1,0,21,10,13,1.1
13,grocery,45.748657387620746,60.7225694410006,56.30119384185623,2023-01-11,2,1,0,137,7,9,1.1
13,grocery,45.748657387620746,60.7225694410006,57.26816191427301,2023-01-12,3,1,0,100,8,4,1.1
13,grocery,45.748657387620746,60.7225694410006,57.53274097553965,2023-01-13,4,1,0,111,19,3,1.1
13,grocery,45.748657387620746,60.7225694410006,55.620014645121245,2023-01-14,5,1,1,78,10,13,1.1
13,grocery,45.748657387620746,60.7225694410006,57.31810078713944,2023-01-15,6,1,1,131,14,6,1.1
13,grocery,45.748657387620746,60.7225694410006,51.950712705543005,2023-01-16,0,1,0,79,5,6,1.1
13,grocery,45.748657387620746,60.7225694410006,49.66347086063868,2023-01-17,1,1,0,110,18,14,1.1
13,grocery,45.748657387620746,60.7225694410006,52.715867174749576,2023-01-18,2,1,0,166,10,7,1.1
13,grocery,45.748657387620746,60.7225694410006,57.2697432099682,2023-01-19,3,1,0,194,7,7,1.1
13,grocery,45.748657387620746,60.7225694410006,48.17760269673942,2023-01-20,4,1,0,51,22,2,1.1
13,grocery,45.748657387620746,60.7225694410006,50.96779505731472,2023-01-21,5,1,1,39,11,10,1.1
13,grocery,45.748657387620746,60.7225694410006,57.314397196090354,2023-01-22,6,1,1,146,31,1,1.1
13,grocery,45.748657387620746,60.7225694410006,52.65590741636685,2023-01-23,0,1,0,152,20,2,1.1
13,grocery,45.748657387620746,60.7225694410006,50.69938606958619,2023-01-24,1,1,0,147,16,8,1.1
13,grocery,45.748657387620746,60.7225694410006,50.887376937941774,2023-01-25,2,1,0,184,6,13,1.1
13,grocery,45.748657387620746,60.7225694410006,54.71732637062822,2023-01-26,3,1,0,123,8,3,1.1
13,grocery,45.748657387620746,60.7225694410006,58.58982086126861,2023-01-27,4,1,0,131,14,9,1.1
13,grocery,45.748657387620746,60.7225694410006,52.1129043003138,2023-01-28,5,1,1,176,36,1,1.1
13,grocery,45.748657387620746,60.7225694410006,48.42436624919588,2023-01-29,6,1,1,144,15,14,1.1
13,grocery,45.748657387620746,60.7225694410006,51.34113940559376,2023-01-30,0,1,0,100,15,1,1.1
13,grocery,45.748657387620746,60.7225694410006,60.06679747182245,2023-01-31,1,1,0,149,21,11,1.1
13,grocery,45.748657387620746,60.7225694410006,48.063798726482425,2023-02-01,2,2,0,118,10,14,1.1732050807568877
13,grocery,45.748657387620746,60.7225694410006,56.50985586293875,2023-02-02,3,2,0,35,22,4,1.1732050807568877
13,grocery,45.748657387620746,60.7225694410006,57.00245329331243,2023-02-03,4,2,0,172,7,6,1.1732050807568877
13,grocery,45.748657387620746,60.7225694410006,50.82700310904414,2023-02-04,5,2,1,103,24,11,1.1732050807568877
13,grocery,45.748657387620746,60.7225694410006,52.33599755593612,2023-02-05,6,2,1,88,8,8,1.1732050807568877
13,grocery,45.748657387620746,60.7225694410006,50.23558520127008,2023-02-06,0,2,0,84,15,10,1.1732050807568877
13,grocery,45.748657387620746,60.7225694410006,49.2660620814203,2023-02-07,1,2,0,89,21,11,1.1732050807568877
13,grocery,45.748657387620746,60.7225694410006,60.54897834531312,2023-02-08,2,2,0,117,7,12,1.1732050807568877
13,grocery,45.748657387620746,60.7225694410006,57.88829449337718,2023-02-09,3,2,0,158,6,10,1.1732050807568877
13,grocery,45.748657387620746,60.7225694410006,51.285743129721425,2023-02-10,4,2,0,184,21,6,1.1732050807568877
13,grocery,45.748657387620746,60.7225694410006,57.19888180854049,2023-02-11,5,2,1,39,16,10,1.1732050807568877
13,grocery,45.748657387620746,60.7225694410006,48.736607529360626,2023-02-12,6,2,1,39,25,10,1.1732050807568877
13,grocery,45.748657387620746,60.7225694410006,52.387748959416044,2023-02-13,0,2,0,64,11,9,1.1732050807568877
13,grocery,45.748657387620746,60.7225694410006,60.33234104880503,2023-02-14,1,2,0,146,6,5,1.1732050807568877
13,grocery,45.748657387620746,60.7225694410006,58.142859342259385,2023-02-15,2,2,0,28,20,7,1.1732050807568877
13,grocery,45.748657387620746,60.7225694410006,56.293451080197315,2023-02-16,3,2,0,199,21,8,1.1732050807568877
13,grocery,45.748657387620746,60.7225694410006,51.735172874762355,2023-02-17,4,2,0,167,18,7,1.1732050807568877
13,grocery,45.748657387620746,60.7225694410006,56.60005517891157,2023-02-18,5,2,1,66,21,14,1.1732050807568877
13,grocery,45.748657387620746,60.7225694410006,49.361484616845864,2023-02-19,6,2,1,24,18,13,1.1732050807568877
13,grocery,45.748657387620746,60.7225694410006,57.02736063307034,2023-02-20,0,2,0,115,21,4,1.1732050807568877
13,grocery,45.748657387620746,60.7225694410006,52.343516821918946,2023-02-21,1,2,0,36,7,10,1.1732050807568877
13,grocery,45.748657387620746,60.7225694410006,60.33596831348654,2023-02-22,2,2,0,165,13,13,1.1732050807568877
13,grocery,45.748657387620746,60.7225694410006,57.25857538041167,2023-02-23,3,2,0,154,19,12,1.1732050807568877
13,grocery,45.748657387620746,60.7225694410006,57.41883886307164,2023-02-24,4,2,0,150,23,3,1.1732050807568877
13,grocery,45.748657387620746,60.7225694410006,49.06912093478346,2023-02-25,5,2,1,37,18,13,1.1732050807568877
13,grocery,45.748657387620746,60.7225694410006,53.17609604446833,2023-02-26,6,2,1,167,20,8,1.1732050807568877
13,grocery,45.748657387620746,60.7225694410006,51.01042069711747,2023-02-27,0,2,0,160,12,14,1.1732050807568877
13,grocery,45.748657387620746,60.7225694410006,50.25879138722503,2023-02-28,1,2,0,117,26,14,1.1732050807568877
13,grocery,45.748657387620746,60.7225694410006,51.87689100779129,2023-03-01,2,3,0,93,7,2,1.2
13,grocery,45.748657387620746,60.7225694410006,51.9994211748729,2023-03-02,3,3,0,98,15,9,1.2
13,grocery,45.748657387620746,60.7225694410006,51.841702998547035,2023-03-03,4,3,0,60,20,12,1.2
13,grocery,45.748657387620746,60.7225694410006,59.82723062435325,2023-03-04,5,3,1,94,4,7,1.2
13,grocery,45.748657387620746,60.7225694410006,59.32851740515845,2023-03-05,6,3,1,134,16,12,1.2
13,grocery,45.748657387620746,60.7225694410006,48.8000746569891,2023-03-06,0,3,0,69,12,12,1.2
13,grocery,45.748657387620746,60.7225694410006,52.156964563787774,2023-03-07,1,3,0,96,14,4,1.2
13,grocery,45.748657387620746,60.7225694410006,58.622624033033986,2023-03-08,2,3,0,125,23,1,1.2
13,grocery,45.748657387620746,60.7225694410006,57.86996483666393,2023-03-09,3,3,0,51,7,13,1.2
13,grocery,45.748657387620746,60.7225694410006,59.510063535789314,2023-03-10,4,3,0,125,9,4,1.2
13,grocery,45.748657387620746,60.7225694410006,51.982114373562716,2023-03-11,5,3,1,133,16,11,1.2
13,grocery,45.748657387620746,60.7225694410006,56.66490750227719,2023-03-12,6,3,1,69,25,11,1.2
13,grocery,45.748657387620746,60.7225694410006,50.87040885769568,2023-03-13,0,3,0,111,20,9,1.2
13,grocery,45.748657387620746,60.7225694410006,58.9306202309598,2023-03-14,1,3,0,61,15,14,1.2
13,grocery,45.748657387620746,60.7225694410006,57.47700012209726,2023-03-15,2,3,0,146,22,11,1.2
13,grocery,45.748657387620746,60.7225694410006,50.14049709531797,2023-03-16,3,3,0,197,6,14,1.2
13,grocery,45.748657387620746,60.7225694410006,52.97603848326624,2023-03-17,4,3,0,190,11,3,1.2
13,grocery,45.748657387620746,60.7225694410006,59.74166906298885,2023-03-18,5,3,1,141,22,8,1.2
13,grocery,45.748657387620746,60.7225694410006,56.97097798644302,2023-03-19,6,3,1,183,23,6,1.2
13,grocery,45.748657387620746,60.7225694410006,55.154724180922784,2023-03-20,0,3,0,95,13,13,1.2
13,grocery,45.748657387620746,60.7225694410006,49.69454948822919,2023-03-21,1,3,0,172,23,5,1.2
13,grocery,45.748657387620746,60.7225694410006,48.92715437585512,2023-03-22,2,3,0,27,11,9,1.2
13,grocery,45.748657387620746,60.7225694410006,57.61540535924852,2023-03-23,3,3,0,134,10,5,1.2
13,grocery,45.748657387620746,60.7225694410006,55.19234187401213,2023-03-24,4,3,0,76,11,12,1.2
13,grocery,45.748657387620746,60.7225694410006,54.947514803076345,2023-03-25,5,3,1,29,24,11,1.2
13,grocery,45.748657387620746,60.7225694410006,56.6107786337332,2023-03-26,6,3,1,165,9,9,1.2
13,grocery,45.748657387620746,60.7225694410006,53.05047316611035,2023-03-27,0,3,0,29,23,5,1.2
13,grocery,45.748657387620746,60.7225694410006,56.54130272835249,2023-03-28,1,3,0,115,4,10,1.2
13,grocery,45.748657387620746,60.7225694410006,56.99544660291724,2023-03-29,2,3,0,72,26,2,1.2
13,grocery,45.748657387620746,60.7225694410006,53.947278491385205,2023-03-30,3,3,0,116,16,6,1.2
13,grocery,45.748657387620746,60.7225694410006,48.234917502104956,2023-03-31,4,3,0,45,7,12,1.2
13,grocery,45.748657387620746,60.7225694410006,49.23077217357881,2023-04-01,5,4,1,161,20,6,1.1732050807568877
13,grocery,45.748657387620746,60.7225694410006,60.322073479745015,2023-04-02,6,4,1,189,11,4,1.1732050807568877
13,grocery,45.748657387620746,60.7225694410006,49.588136054345554,2023-04-03,0,4,0,124,19,2,1.1732050807568877
13,grocery,45.748657387620746,60.7225694410006,57.83949276134682,2023-04-04,1,4,0,179,13,8,1.1732050807568877
13,grocery,45.748657387620746,60.7225694410006,57.54393133163954,2023-04-05,2,4,0,115,34,1,1.1732050807568877
13,grocery,45.748657387620746,60.7225694410006,53.736671539040636,2023-04-06,3,4,0,170,6,8,1.1732050807568877
13,grocery,45.748657387620746,60.7225694410006,57.14048604962762,2023-04-07,4,4,0,114,7,7,1.1732050807568877
13,grocery,45.748657387620746,60.7225694410006,48.45985680462939,2023-04-08,5,4,1,172,16,5,1.1732050807568877
13,grocery,45.748657387620746,60.7225694410006,54.49717443590244,2023-04-09,6,4,1,132,26,5,1.1732050807568877
13,grocery,45.748657387620746,60.7225694410006,51.84491525804368,2023-04-10,0,4,0,167,17,2,1.1732050807568877
13,grocery,45.748657387620746,60.7225694410006,51.51018767524834,2023-04-11,1,4,0,177,22,13,1.1732050807568877
13,grocery,45.748657387620746,60.7225694410006,57.150583071155644,2023-04-12,2,4,0,55,18,5,1.1732050807568877
13,grocery,45.748657387620746,60.7225694410006,55.140569209310755,2023-04-13,3,4,0,175,16,7,1.1732050807568877
13,grocery,45.748657387620746,60.7225694410006,54.005645607776756,2023-04-14,4,4,0,70,17,8,1.1732050807568877
13,grocery,45.748657387620746,60.7225694410006,58.51853662711382,2023-04-15,5,4,1,198,13,4,1.1732050807568877
13,grocery,45.748657387620746,60.7225694410006,52.63086352564976,2023-04-16,6,4,1,25,11,3,1.1732050807568877
13,grocery,45.748657387620746,60.7225694410006,58.0499530499485,2023-04-17,0,4,0,150,12,12,1.1732050807568877
13,grocery,45.748657387620746,60.7225694410006,50.69373286086853,2023-04-18,1,4,0,159,11,9,1.1732050807568877
13,grocery,45.748657387620746,60.7225694410006,58.38456893107795,2023-04-19,2,4,0,76,10,13,1.1732050807568877
13,grocery,45.748657387620746,60.7225694410006,52.74359529100283,2023-04-20,3,4,0,79,8,3,1.1732050807568877
13,grocery,45.748657387620746,60.7225694410006,57.20158063186143,2023-04-21,4,4,0,153,13,9,1.1732050807568877
13,grocery,45.748657387620746,60.7225694410006,57.876416642037704,2023-04-22,5,4,1,75,11,11,1.1732050807568877
13,grocery,45.748657387620746,60.7225694410006,56.648664820695004,2023-04-23,6,4,1,25,18,4,1.1732050807568877
13,grocery,45.748657387620746,60.7225694410006,52.66084437222837,2023-04-24,0,4,0,106,5,10,1.1732050807568877
13,grocery,45.748657387620746,60.7225694410006,49.512832605274134,2023-04-25,1,4,0,49,5,14,1.1732050807568877
13,grocery,45.748657387620746,60.7225694410006,52.43525469125767,2023-04-26,2,4,0,41,24,7,1.1732050807568877
13,grocery,45.748657387620746,60.7225694410006,50.09158426955044,2023-04-27,3,4,0,62,14,12,1.1732050807568877
13,grocery,45.748657387620746,60.7225694410006,50.300424750881376,2023-04-28,4,4,0,176,21,2,1.1732050807568877
13,grocery,45.748657387620746,60.7225694410006,56.562737199132044,2023-04-29,5,4,1,195,14,7,1.1732050807568877
13,grocery,45.748657387620746,60.7225694410006,52.21115829215475,2023-04-30,6,4,1,105,9,14,1.1732050807568877
13,grocery,45.748657387620746,60.7225694410006,50.684340548797465,2023-05-01,0,5,0,131,20,10,1.1
13,grocery,45.748657387620746,60.7225694410006,56.83374372430648,2023-05-02,1,5,0,61,12,4,1.1
13,grocery,45.748657387620746,60.7225694410006,51.58897942046837,2023-05-03,2,5,0,163,6,13,1.1
13,grocery,45.748657387620746,60.7225694410006,56.076976214635735,2023-05-04,3,5,0,109,8,8,1.1
13,grocery,45.748657387620746,60.7225694410006,51.050577861593645,2023-05-05,4,5,0,195,22,14,1.1
13,grocery,45.748657387620746,60.7225694410006,58.621407655868204,2023-05-06,5,5,1,67,20,4,1.1
13,grocery,45.748657387620746,60.7225694410006,49.662876814236384,2023-05-07,6,5,1,66,23,4,1.1
13,grocery,45.748657387620746,60.7225694410006,54.53706379518163,2023-05-08,0,5,0,175,19,13,1.1
13,grocery,45.748657387620746,60.7225694410006,57.695431707788345,2023-05-09,1,5,0,101,1,14,1.1
13,grocery,45.748657387620746,60.7225694410006,49.55711521731433,2023-05-10,2,5,0,175,7,6,1.1
13,grocery,45.748657387620746,60.7225694410006,57.048408358797644,2023-05-11,3,5,0,181,4,7,1.1
13,grocery,45.748657387620746,60.7225694410006,53.519530052979576,2023-05-12,4,5,0,168,17,2,1.1
13,grocery,45.748657387620746,60.7225694410006,53.63447878137585,2023-05-13,5,5,1,36,14,13,1.1
13,grocery,45.748657387620746,60.7225694410006,53.28191307899936,2023-05-14,6,5,1,192,25,8,1.1
13,grocery,45.748657387620746,60.7225694410006,51.42415331620758,2023-05-15,0,5,0,130,12,10,1.1
13,grocery,45.748657387620746,60.7225694410006,55.12012021731455,2023-05-16,1,5,0,70,15,5,1.1
13,grocery,45.748657387620746,60.7225694410006,59.152025972818834,2023-05-17,2,5,0,101,11,3,1.1
13,grocery,45.748657387620746,60.7225694410006,52.392035846524536,2023-05-18,3,5,0,57,20,11,1.1
13,grocery,45.748657387620746,60.7225694410006,52.45187777149839,2023-05-19,4,5,0,65,16,6,1.1
13,grocery,45.748657387620746,60.7225694410006,52.67929607219039,2023-05-20,5,5,1,155,9,5,1.1
13,grocery,45.748657387620746,60.7225694410006,58.452605923374286,2023-05-21,6,5,1,38,12,12,1.1
13,grocery,45.748657387620746,60.7225694410006,50.67550651979988,2023-05-22,0,5,0,96,12,14,1.1
13,grocery,45.748657387620746,60.7225694410006,59.21978557684632,2023-05-23,1,5,0,58,3,13,1.1
13,grocery,45.748657387620746,60.7225694410006,49.79666762203771,2023-05-24,2,5,0,64,10,13,1.1
13,grocery,45.748657387620746,60.7225694410006,55.70176222698015,2023-05-25,3,5,0,26,6,14,1.1
13,grocery,45.748657387620746,60.7225694410006,59.36005159550113,2023-05-26,4,5,0,123,3,10,1.1
13,grocery,45.748657387620746,60.7225694410006,55.83988084205065,2023-05-27,5,5,1,69,18,4,1.1
13,grocery,45.748657387620746,60.7225694410006,55.06225464261393,2023-05-28,6,5,1,62,11,2,1.1
13,grocery,45.748657387620746,60.7225694410006,48.17817001000353,2023-05-29,0,5,0,156,16,1,1.1
13,grocery,45.748657387620746,60.7225694410006,49.5128004661677,2023-05-30,1,5,0,119,22,2,1.1
13,grocery,45.748657387620746,60.7225694410006,56.22060895063717,2023-05-31,2,5,0,161,13,4,1.1
13,grocery,45.748657387620746,60.7225694410006,57.38204028636443,2023-06-01,3,6,0,120,17,8,1.0
13,grocery,45.748657387620746,60.7225694410006,60.02272556405346,2023-06-02,4,6,0,165,10,3,1.0
13,grocery,45.748657387620746,60.7225694410006,60.05129670713167,2023-06-03,5,6,1,85,23,1,1.0
13,grocery,45.748657387620746,60.7225694410006,50.9780990110691,2023-06-04,6,6,1,120,22,9,1.0
13,grocery,45.748657387620746,60.7225694410006,49.490467514956656,2023-06-05,0,6,0,97,1,14,1.0
13,grocery,45.748657387620746,60.7225694410006,58.61649670001928,2023-06-06,1,6,0,131,16,13,1.0
13,grocery,45.748657387620746,60.7225694410006,53.911427554448636,2023-06-07,2,6,0,181,8,11,1.0
13,grocery,45.748657387620746,60.7225694410006,57.46216862998898,2023-06-08,3,6,0,35,19,10,1.0
13,grocery,45.748657387620746,60.7225694410006,58.1952123616612,2023-06-09,4,6,0,198,10,1,1.0
13,grocery,45.748657387620746,60.7225694410006,53.59188977658416,2023-06-10,5,6,1,28,15,5,1.0
13,grocery,45.748657387620746,60.7225694410006,60.27014127975458,2023-06-11,6,6,1,98,19,3,1.0
13,grocery,45.748657387620746,60.7225694410006,48.27551272202063,2023-06-12,0,6,0,98,20,11,1.0
13,grocery,45.748657387620746,60.7225694410006,57.794362456891996,2023-06-13,1,6,0,101,19,4,1.0
13,grocery,45.748657387620746,60.7225694410006,52.75296116635468,2023-06-14,2,6,0,98,19,3,1.0
13,grocery,45.748657387620746,60.7225694410006,52.46982674746954,2023-06-15,3,6,0,45,18,8,1.0
13,grocery,45.748657387620746,60.7225694410006,51.104352635527455,2023-06-16,4,6,0,61,12,5,1.0
13,grocery,45.748657387620746,60.7225694410006,57.47868387357522,2023-06-17,5,6,1,48,10,12,1.0
13,grocery,45.748657387620746,60.7225694410006,50.56514151818603,2023-06-18,6,6,1,21,21,11,1.0
13,grocery,45.748657387620746,60.7225694410006,51.61781762865692,2023-06-19,0,6,0,80,17,4,1.0
13,grocery,45.748657387620746,60.7225694410006,53.5705656809297,2023-06-20,1,6,0,50,7,2,1.0
13,grocery,45.748657387620746,60.7225694410006,55.801221786351235,2023-06-21,2,6,0,169,6,7,1.0
13,grocery,45.748657387620746,60.7225694410006,57.723890657827646,2023-06-22,3,6,0,150,6,7,1.0
13,grocery,45.748657387620746,60.7225694410006,53.777540409254065,2023-06-23,4,6,0,37,11,9,1.0
13,grocery,45.748657387620746,60.7225694410006,58.68723580228067,2023-06-24,5,6,1,56,8,10,1.0
13,grocery,45.748657387620746,60.7225694410006,53.09344525785221,2023-06-25,6,6,1,173,13,4,1.0
13,grocery,45.748657387620746,60.7225694410006,58.47406779765352,2023-06-26,0,6,0,164,7,13,1.0
13,grocery,45.748657387620746,60.7225694410006,57.65064154709392,2023-06-27,1,6,0,104,18,3,1.0
13,grocery,45.748657387620746,60.7225694410006,51.33604626095204,2023-06-28,2,6,0,65,11,11,1.0
13,grocery,45.748657387620746,60.7225694410006,49.30741945073171,2023-06-29,3,6,0,87,14,13,1.0
14,grocery,39.69723825502243,66.88591438130493,44.97398949801236,2023-01-01,6,1,1,132,19,9,1.1
14,grocery,39.69723825502243,66.88591438130493,50.05680012497835,2023-01-02,0,1,0,137,9,5,1.1
14,grocery,39.69723825502243,66.88591438130493,44.633649073693576,2023-01-03,1,1,0,152,31,2,1.1
14,grocery,39.69723825502243,66.88591438130493,59.45977022361272,2023-01-04,2,1,0,108,8,8,1.1
14,grocery,39.69723825502243,66.88591438130493,63.402087919905995,2023-01-05,3,1,0,48,11,10,1.1
14,grocery,39.69723825502243,66.88591438130493,66.5320604442061,2023-01-06,4,1,0,87,6,4,1.1
14,grocery,39.69723825502243,66.88591438130493,53.52306790260036,2023-01-07,5,1,1,96,18,1,1.1
14,grocery,39.69723825502243,66.88591438130493,50.15987468933543,2023-01-08,6,1,1,114,32,1,1.1
14,grocery,39.69723825502243,66.88591438130493,48.29710109474196,2023-01-09,0,1,0,29,18,6,1.1
14,grocery,39.69723825502243,66.88591438130493,57.05311845899045,2023-01-10,1,1,0,90,9,12,1.1
14,grocery,39.69723825502243,66.88591438130493,62.57346898014629,2023-01-11,2,1,0,34,13,4,1.1
14,grocery,39.69723825502243,66.88591438130493,45.854220930612286,2023-01-12,3,1,0,71,15,11,1.1
14,grocery,39.69723825502243,66.88591438130493,60.864990035907525,2023-01-13,4,1,0,48,14,10,1.1
14,grocery,39.69723825502243,66.88591438130493,61.516413413160535,2023-01-14,5,1,1,157,9,9,1.1
14,grocery,39.69723825502243,66.88591438130493,43.02647572627567,2023-01-15,6,1,1,180,17,2,1.1
14,grocery,39.69723825502243,66.88591438130493,50.27449400739523,2023-01-16,0,1,0,51,20,10,1.1
14,grocery,39.69723825502243,66.88591438130493,45.724637594416805,2023-01-17,1,1,0,186,8,7,1.1
14,grocery,39.69723825502243,66.88591438130493,51.299230147169865,2023-01-18,2,1,0,129,11,12,1.1
14,grocery,39.69723825502243,66.88591438130493,61.94454355562361,2023-01-19,3,1,0,48,19,7,1.1
14,grocery,39.69723825502243,66.88591438130493,54.46642127135068,2023-01-20,4,1,0,50,18,2,1.1
14,grocery,39.69723825502243,66.88591438130493,50.95465714530356,2023-01-21,5,1,1,190,15,8,1.1
14,grocery,39.69723825502243,66.88591438130493,47.337000008611696,2023-01-22,6,1,1,23,18,12,1.1
14,grocery,39.69723825502243,66.88591438130493,56.65580309426463,2023-01-23,0,1,0,74,6,10,1.1
14,grocery,39.69723825502243,66.88591438130493,57.127011937838326,2023-01-24,1,1,0,152,6,3,1.1
14,grocery,39.69723825502243,66.88591438130493,63.48820863015365,2023-01-25,2,1,0,122,12,8,1.1
14,grocery,39.69723825502243,66.88591438130493,60.863724690568674,2023-01-26,3,1,0,156,18,5,1.1
14,grocery,39.69723825502243,66.88591438130493,62.390728351887866,2023-01-27,4,1,0,91,10,5,1.1
14,grocery,39.69723825502243,66.88591438130493,52.57077295338049,2023-01-28,5,1,1,23,9,11,1.1
14,grocery,39.69723825502243,66.88591438130493,41.781134054884376,2023-01-29,6,1,1,34,29,5,1.1
14,grocery,39.69723825502243,66.88591438130493,50.914976245398094,2023-01-30,0,1,0,150,7,14,1.1
14,grocery,39.69723825502243,66.88591438130493,57.99298951292789,2023-01-31,1,1,0,197,12,14,1.1
14,grocery,39.69723825502243,66.88591438130493,48.00149852774881,2023-02-01,2,2,0,154,18,7,1.1732050807568877
14,grocery,39.69723825502243,66.88591438130493,57.8012959873404,2023-02-02,3,2,0,146,10,4,1.1732050807568877
14,grocery,39.69723825502243,66.88591438130493,54.99858890387986,2023-02-03,4,2,0,72,11,13,1.1732050807568877
14,grocery,39.69723825502243,66.88591438130493,53.768365592698736,2023-02-04,5,2,1,88,21,4,1.1732050807568877
14,grocery,39.69723825502243,66.88591438130493,59.34252812457122,2023-02-05,6,2,1,89,20,7,1.1732050807568877
14,grocery,39.69723825502243,66.88591438130493,44.93963503460536,2023-02-06,0,2,0,126,22,11,1.1732050807568877
14,grocery,39.69723825502243,66.88591438130493,50.53977081282122,2023-02-07,1,2,0,105,7,3,1.1732050807568877
14,grocery,39.69723825502243,66.88591438130493,62.81329887837539,2023-02-08,2,2,0,179,5,10,1.1732050807568877
14,grocery,39.69723825502243,66.88591438130493,42.62693966796132,2023-02-09,3,2,0,133,19,7,1.1732050807568877
14,grocery,39.69723825502243,66.88591438130493,48.589311496264465,2023-02-10,4,2,0,183,6,8,1.1732050807568877
14,grocery,39.69723825502243,66.88591438130493,50.32428873342246,2023-02-11,5,2,1,163,19,2,1.1732050807568877
14,grocery,39.69723825502243,66.88591438130493,43.63780479969125,2023-02-12,6,2,1,94,18,6,1.1732050807568877
14,grocery,39.69723825502243,66.88591438130493,57.39985268219131,2023-02-13,0,2,0,64,7,10,1.1732050807568877
14,grocery,39.69723825502243,66.88591438130493,66.53760552260158,2023-02-14,1,2,0,137,7,8,1.1732050807568877
14,grocery,39.69723825502243,66.88591438130493,44.20674925615383,2023-02-15,2,2,0,122,15,10,1.1732050807568877
14,grocery,39.69723825502243,66.88591438130493,42.09889878282672,2023-02-16,3,2,0,142,11,9,1.1732050807568877
14,grocery,39.69723825502243,66.88591438130493,46.09268772756043,2023-02-17,4,2,0,69,22,13,1.1732050807568877
14,grocery,39.69723825502243,66.88591438130493,66.85441048033037,2023-02-18,5,2,1,136,11,9,1.1732050807568877
14,grocery,39.69723825502243,66.88591438130493,61.38507755555126,2023-02-19,6,2,1,45,16,6,1.1732050807568877
14,grocery,39.69723825502243,66.88591438130493,62.67831254468951,2023-02-20,0,2,0,70,3,3,1.1732050807568877
14,grocery,39.69723825502243,66.88591438130493,47.55388851790388,2023-02-21,1,2,0,164,16,2,1.1732050807568877
14,grocery,39.69723825502243,66.88591438130493,46.025015701810716,2023-02-22,2,2,0,100,17,3,1.1732050807568877
14,grocery,39.69723825502243,66.88591438130493,47.6503138378635,2023-02-23,3,2,0,28,9,14,1.1732050807568877
14,grocery,39.69723825502243,66.88591438130493,65.56529756657216,2023-02-24,4,2,0,44,3,6,1.1732050807568877
14,grocery,39.69723825502243,66.88591438130493,58.15251380196865,2023-02-25,5,2,1,76,18,5,1.1732050807568877
14,grocery,39.69723825502243,66.88591438130493,61.143288443453784,2023-02-26,6,2,1,45,9,4,1.1732050807568877
14,grocery,39.69723825502243,66.88591438130493,65.05044252153252,2023-02-27,0,2,0,46,6,14,1.1732050807568877
14,grocery,39.69723825502243,66.88591438130493,53.480317887851584,2023-02-28,1,2,0,169,11,10,1.1732050807568877
14,grocery,39.69723825502243,66.88591438130493,65.61300662592414,2023-03-01,2,3,0,75,5,7,1.2
14,grocery,39.69723825502243,66.88591438130493,46.64250693621121,2023-03-02,3,3,0,164,15,12,1.2
14,grocery,39.69723825502243,66.88591438130493,51.833027548511524,2023-03-03,4,3,0,74,21,2,1.2
14,grocery,39.69723825502243,66.88591438130493,48.05217943474166,2023-03-04,5,3,1,45,30,10,1.2
14,grocery,39.69723825502243,66.88591438130493,56.033975719608954,2023-03-05,6,3,1,46,7,11,1.2
14,grocery,39.69723825502243,66.88591438130493,44.30011587961601,2023-03-06,0,3,0,181,9,7,1.2
14,grocery,39.69723825502243,66.88591438130493,53.00746727123072,2023-03-07,1,3,0,23,11,13,1.2
14,grocery,39.69723825502243,66.88591438130493,57.92334132183831,2023-03-08,2,3,0,96,12,14,1.2
14,grocery,39.69723825502243,66.88591438130493,49.50795385582083,2023-03-09,3,3,0,199,14,1,1.2
14,grocery,39.69723825502243,66.88591438130493,45.77198793850425,2023-03-10,4,3,0,34,10,2,1.2
14,grocery,39.69723825502243,66.88591438130493,42.60667702434578,2023-03-11,5,3,1,51,29,4,1.2
14,grocery,39.69723825502243,66.88591438130493,56.37845140946549,2023-03-12,6,3,1,99,14,2,1.2
14,grocery,39.69723825502243,66.88591438130493,62.262920218181264,2023-03-13,0,3,0,190,15,3,1.2
14,grocery,39.69723825502243,66.88591438130493,52.96103299782165,2023-03-14,1,3,0,182,32,1,1.2
14,grocery,39.69723825502243,66.88591438130493,65.99141982416286,2023-03-15,2,3,0,53,19,3,1.2
14,grocery,39.69723825502243,66.88591438130493,49.39462119166609,2023-03-16,3,3,0,24,17,4,1.2
14,grocery,39.69723825502243,66.88591438130493,49.14449813429768,2023-03-17,4,3,0,156,34,1,1.2
14,grocery,39.69723825502243,66.88591438130493,60.0331105214477,2023-03-18,5,3,1,171,16,12,1.2
14,grocery,39.69723825502243,66.88591438130493,57.85211870211674,2023-03-19,6,3,1,128,14,1,1.2
14,grocery,39.69723825502243,66.88591438130493,66.68420848336267,2023-03-20,0,3,0,90,8,11,1.2
14,grocery,39.69723825502243,66.88591438130493,53.699158408857905,2023-03-21,1,3,0,144,20,4,1.2
14,grocery,39.69723825502243,66.88591438130493,49.00540893080301,2023-03-22,2,3,0,187,18,7,1.2
14,grocery,39.69723825502243,66.88591438130493,54.97464942939922,2023-03-23,3,3,0,110,17,13,1.2
14,grocery,39.69723825502243,66.88591438130493,59.38270409954649,2023-03-24,4,3,0,89,7,11,1.2
14,grocery,39.69723825502243,66.88591438130493,55.757744650978836,2023-03-25,5,3,1,85,19,13,1.2
14,grocery,39.69723825502243,66.88591438130493,47.267099819508466,2023-03-26,6,3,1,195,14,4,1.2
14,grocery,39.69723825502243,66.88591438130493,64.60540563544428,2023-03-27,0,3,0,104,4,13,1.2
14,grocery,39.69723825502243,66.88591438130493,50.244202416252776,2023-03-28,1,3,0,41,8,7,1.2
14,grocery,39.69723825502243,66.88591438130493,66.86299826179139,2023-03-29,2,3,0,93,16,7,1.2
14,grocery,39.69723825502243,66.88591438130493,63.62772423146984,2023-03-30,3,3,0,84,7,14,1.2
14,grocery,39.69723825502243,66.88591438130493,58.58537378412135,2023-03-31,4,3,0,195,14,8,1.2
14,grocery,39.69723825502243,66.88591438130493,42.45253961921419,2023-04-01,5,4,1,153,26,14,1.1732050807568877
14,grocery,39.69723825502243,66.88591438130493,55.08778104647078,2023-04-02,6,4,1,64,23,10,1.1732050807568877
14,grocery,39.69723825502243,66.88591438130493,61.59927512165554,2023-04-03,0,4,0,43,10,8,1.1732050807568877
14,grocery,39.69723825502243,66.88591438130493,57.47101365877897,2023-04-04,1,4,0,20,16,9,1.1732050807568877
14,grocery,39.69723825502243,66.88591438130493,53.76684091529829,2023-04-05,2,4,0,180,10,8,1.1732050807568877
14,grocery,39.69723825502243,66.88591438130493,66.55609006571558,2023-04-06,3,4,0,86,16,1,1.1732050807568877
14,grocery,39.69723825502243,66.88591438130493,57.41999002282684,2023-04-07,4,4,0,44,18,7,1.1732050807568877
14,grocery,39.69723825502243,66.88591438130493,57.68436059610516,2023-04-08,5,4,1,199,20,10,1.1732050807568877
14,grocery,39.69723825502243,66.88591438130493,41.83542280587733,2023-04-09,6,4,1,154,22,14,1.1732050807568877
14,grocery,39.69723825502243,66.88591438130493,49.189719886082315,2023-04-10,0,4,0,125,20,2,1.1732050807568877
14,grocery,39.69723825502243,66.88591438130493,50.50441560581374,2023-04-11,1,4,0,172,18,7,1.1732050807568877
14,grocery,39.69723825502243,66.88591438130493,53.7955758450186,2023-04-12,2,4,0,26,12,10,1.1732050807568877
14,grocery,39.69723825502243,66.88591438130493,58.39381806988334,2023-04-13,3,4,0,32,12,13,1.1732050807568877
14,grocery,39.69723825502243,66.88591438130493,61.3401226103571,2023-04-14,4,4,0,194,7,5,1.1732050807568877
14,grocery,39.69723825502243,66.88591438130493,52.13574401556838,2023-04-15,5,4,1,168,10,11,1.1732050807568877
14,grocery,39.69723825502243,66.88591438130493,47.50267807597912,2023-04-16,6,4,1,44,26,14,1.1732050807568877
14,grocery,39.69723825502243,66.88591438130493,49.14304796694296,2023-04-17,0,4,0,189,20,1,1.1732050807568877
14,grocery,39.69723825502243,66.88591438130493,54.73773481648825,2023-04-18,1,4,0,179,17,8,1.1732050807568877
14,grocery,39.69723825502243,66.88591438130493,52.77193767453153,2023-04-19,2,4,0,131,17,5,1.1732050807568877
14,grocery,39.69723825502243,66.88591438130493,53.889388692282765,2023-04-20,3,4,0,95,8,11,1.1732050807568877
14,grocery,39.69723825502243,66.88591438130493,63.34547676221425,2023-04-21,4,4,0,71,14,4,1.1732050807568877
14,grocery,39.69723825502243,66.88591438130493,55.522918172754224,2023-04-22,5,4,1,136,23,6,1.1732050807568877
14,grocery,39.69723825502243,66.88591438130493,44.99818394591207,2023-04-23,6,4,1,163,21,14,1.1732050807568877
14,grocery,39.69723825502243,66.88591438130493,58.781969409367434,2023-04-24,0,4,0,71,11,13,1.1732050807568877
14,grocery,39.69723825502243,66.88591438130493,64.7137185706151,2023-04-25,1,4,0,110,13,5,1.1732050807568877
14,grocery,39.69723825502243,66.88591438130493,55.49681645228405,2023-04-26,2,4,0,107,16,12,1.1732050807568877
14,grocery,39.69723825502243,66.88591438130493,44.203279820819176,2023-04-27,3,4,0,196,20,5,1.1732050807568877
14,grocery,39.69723825502243,66.88591438130493,51.43989279127667,2023-04-28,4,4,0,151,8,3,1.1732050807568877
14,grocery,39.69723825502243,66.88591438130493,63.372615853878486,2023-04-29,5,4,1,88,12,4,1.1732050807568877
14,grocery,39.69723825502243,66.88591438130493,41.77649083908885,2023-04-30,6,4,1,39,8,11,1.1732050807568877
14,grocery,39.69723825502243,66.88591438130493,51.555133944615896,2023-05-01,0,5,0,175,10,7,1.1
14,grocery,39.69723825502243,66.88591438130493,65.5448489729711,2023-05-02,1,5,0,152,4,11,1.1
14,grocery,39.69723825502243,66.88591438130493,65.87808082380965,2023-05-03,2,5,0,32,16,6,1.1
14,grocery,39.69723825502243,66.88591438130493,49.67033033839893,2023-05-04,3,5,0,137,6,4,1.1
14,grocery,39.69723825502243,66.88591438130493,47.78973571405368,2023-05-05,4,5,0,162,13,10,1.1
14,grocery,39.69723825502243,66.88591438130493,63.60468943637986,2023-05-06,5,5,1,88,9,3,1.1
14,grocery,39.69723825502243,66.88591438130493,65.06223457394978,2023-05-07,6,5,1,81,17,10,1.1
14,grocery,39.69723825502243,66.88591438130493,43.513971746508496,2023-05-08,0,5,0,126,6,13,1.1
14,grocery,39.69723825502243,66.88591438130493,43.46690074508706,2023-05-09,1,5,0,59,22,2,1.1
14,grocery,39.69723825502243,66.88591438130493,54.53953720124511,2023-05-10,2,5,0,33,6,12,1.1
14,grocery,39.69723825502243,66.88591438130493,51.17735351213384,2023-05-11,3,5,0,105,10,3,1.1
14,grocery,39.69723825502243,66.88591438130493,61.499413360103176,2023-05-12,4,5,0,49,6,7,1.1
14,grocery,39.69723825502243,66.88591438130493,57.396875170596005,2023-05-13,5,5,1,136,23,7,1.1
14,grocery,39.69723825502243,66.88591438130493,44.08997699570263,2023-05-14,6,5,1,100,27,3,1.1
14,grocery,39.69723825502243,66.88591438130493,45.713218435792754,2023-05-15,0,5,0,130,13,8,1.1
14,grocery,39.69723825502243,66.88591438130493,60.57302956426632,2023-05-16,1,5,0,74,15,14,1.1
14,grocery,39.69723825502243,66.88591438130493,52.69813496239944,2023-05-17,2,5,0,45,16,11,1.1
14,grocery,39.69723825502243,66.88591438130493,65.13581261134529,2023-05-18,3,5,0,165,9,11,1.1
14,grocery,39.69723825502243,66.88591438130493,66.31231501378551,2023-05-19,4,5,0,154,25,1,1.1
14,grocery,39.69723825502243,66.88591438130493,47.87966599986626,2023-05-20,5,5,1,28,27,3,1.1
14,grocery,39.69723825502243,66.88591438130493,59.92926508260798,2023-05-21,6,5,1,81,15,2,1.1
14,grocery,39.69723825502243,66.88591438130493,56.45755074240236,2023-05-22,0,5,0,36,9,7,1.1
14,grocery,39.69723825502243,66.88591438130493,46.76102474636504,2023-05-23,1,5,0,111,4,3,1.1
14,grocery,39.69723825502243,66.88591438130493,60.47034430283306,2023-05-24,2,5,0,25,6,3,1.1
14,grocery,39.69723825502243,66.88591438130493,63.08192475296171,2023-05-25,3,5,0,101,7,5,1.1
14,grocery,39.69723825502243,66.88591438130493,60.40175086871993,2023-05-26,4,5,0,115,5,5,1.1
14,grocery,39.69723825502243,66.88591438130493,42.41252158023243,2023-05-27,5,5,1,161,14,8,1.1
14,grocery,39.69723825502243,66.88591438130493,63.09715875733666,2023-05-28,6,5,1,104,9,10,1.1
14,grocery,39.69723825502243,66.88591438130493,44.48104534383794,2023-05-29,0,5,0,194,11,4,1.1
14,grocery,39.69723825502243,66.88591438130493,61.897135900272524,2023-05-30,1,5,0,161,11,14,1.1
14,grocery,39.69723825502243,66.88591438130493,50.478103678586315,2023-05-31,2,5,0,25,15,5,1.1
14,grocery,39.69723825502243,66.88591438130493,66.61054923892065,2023-06-01,3,6,0,171,12,8,1.0
14,grocery,39.69723825502243,66.88591438130493,57.601950527901806,2023-06-02,4,6,0,29,6,2,1.0
14,grocery,39.69723825502243,66.88591438130493,60.90896790444839,2023-06-03,5,6,1,157,4,13,1.0
14,grocery,39.69723825502243,66.88591438130493,63.161711209252005,2023-06-04,6,6,1,152,14,10,1.0
14,grocery,39.69723825502243,66.88591438130493,53.623248008842126,2023-06-05,0,6,0,88,5,9,1.0
14,grocery,39.69723825502243,66.88591438130493,42.057895695406,2023-06-06,1,6,0,36,8,9,1.0
14,grocery,39.69723825502243,66.88591438130493,45.160922379782264,2023-06-07,2,6,0,46,4,8,1.0
14,grocery,39.69723825502243,66.88591438130493,42.026381332055145,2023-06-08,3,6,0,66,21,2,1.0
14,grocery,39.69723825502243,66.88591438130493,65.53757134947764,2023-06-09,4,6,0,33,14,12,1.0
14,grocery,39.69723825502243,66.88591438130493,57.108085116215015,2023-06-10,5,6,1,35,12,6,1.0
14,grocery,39.69723825502243,66.88591438130493,50.8827847453495,2023-06-11,6,6,1,75,16,14,1.0
14,grocery,39.69723825502243,66.88591438130493,62.7907813924713,2023-06-12,0,6,0,78,8,13,1.0
14,grocery,39.69723825502243,66.88591438130493,62.08678733089744,2023-06-13,1,6,0,146,9,4,1.0
14,grocery,39.69723825502243,66.88591438130493,54.751582287836506,2023-06-14,2,6,0,77,7,5,1.0
14,grocery,39.69723825502243,66.88591438130493,57.15834115691672,2023-06-15,3,6,0,199,11,9,1.0
14,grocery,39.69723825502243,66.88591438130493,56.634794573701605,2023-06-16,4,6,0,153,10,1,1.0
14,grocery,39.69723825502243,66.88591438130493,66.11651301888867,2023-06-17,5,6,1,187,11,1,1.0
14,grocery,39.69723825502243,66.88591438130493,58.28189952052929,2023-06-18,6,6,1,123,9,1,1.0
14,grocery,39.69723825502243,66.88591438130493,50.54947991727277,2023-06-19,0,6,0,135,25,1,1.0
14,grocery,39.69723825502243,66.88591438130493,54.5108966359153,2023-06-20,1,6,0,22,18,3,1.0
14,grocery,39.69723825502243,66.88591438130493,54.060725906497325,2023-06-21,2,6,0,194,9,10,1.0
14,grocery,39.69723825502243,66.88591438130493,49.95782483272663,2023-06-22,3,6,0,98,10,9,1.0
14,grocery,39.69723825502243,66.88591438130493,51.23968660009556,2023-06-23,4,6,0,131,9,8,1.0
14,grocery,39.69723825502243,66.88591438130493,48.15962265772831,2023-06-24,5,6,1,108,10,14,1.0
14,grocery,39.69723825502243,66.88591438130493,49.81230609213485,2023-06-25,6,6,1,108,4,13,1.0
14,grocery,39.69723825502243,66.88591438130493,56.933991668761266,2023-06-26,0,6,0,65,9,6,1.0
14,grocery,39.69723825502243,66.88591438130493,63.859073234339974,2023-06-27,1,6,0,75,5,6,1.0
14,grocery,39.69723825502243,66.88591438130493,57.22590012527119,2023-06-28,2,6,0,134,11,8,1.0
14,grocery,39.69723825502243,66.88591438130493,51.12725263542649,2023-06-29,3,6,0,177,24,1,1.0
15,snacks,61.443002376704726,109.00213360153013,77.83752249631216,2023-01-01,6,1,1,159,24,1,1.1
15,snacks,61.443002376704726,109.00213360153013,99.07403495072646,2023-01-02,0,1,0,84,11,1,1.1
15,snacks,61.443002376704726,109.00213360153013,99.71760036144296,2023-01-03,1,1,0,68,11,8,1.1
15,snacks,61.443002376704726,109.00213360153013,107.2555795984704,2023-01-04,2,1,0,126,7,6,1.1
15,snacks,61.443002376704726,109.00213360153013,97.47152470754614,2023-01-05,3,1,0,171,11,9,1.1
15,snacks,61.443002376704726,109.00213360153013,108.55136855536776,2023-01-06,4,1,0,55,3,4,1.1
15,snacks,61.443002376704726,109.00213360153013,77.49748512743287,2023-01-07,5,1,1,23,18,10,1.1
15,snacks,61.443002376704726,109.00213360153013,104.01522480122591,2023-01-08,6,1,1,141,14,13,1.1
15,snacks,61.443002376704726,109.00213360153013,85.4152285606576,2023-01-09,0,1,0,86,22,8,1.1
15,snacks,61.443002376704726,109.00213360153013,68.77116460879431,2023-01-10,1,1,0,107,23,5,1.1
15,snacks,61.443002376704726,109.00213360153013,90.74046738323159,2023-01-11,2,1,0,34,8,11,1.1
15,snacks,61.443002376704726,109.00213360153013,94.29832981083509,2023-01-12,3,1,0,141,11,8,1.1
15,snacks,61.443002376704726,109.00213360153013,103.65471204826218,2023-01-13,4,1,0,65,7,14,1.1
15,snacks,61.443002376704726,109.00213360153013,82.28304579777378,2023-01-14,5,1,1,93,23,5,1.1
15,snacks,61.443002376704726,109.00213360153013,104.28596524696673,2023-01-15,6,1,1,27,4,5,1.1
15,snacks,61.443002376704726,109.00213360153013,99.66316525408683,2023-01-16,0,1,0,113,7,3,1.1
15,snacks,61.443002376704726,109.00213360153013,105.09014657809715,2023-01-17,1,1,0,106,24,1,1.1
15,snacks,61.443002376704726,109.00213360153013,72.89413628894006,2023-01-18,2,1,0,186,8,3,1.1
15,snacks,61.443002376704726,109.00213360153013,93.86461670625022,2023-01-19,3,1,0,88,8,7,1.1
15,snacks,61.443002376704726,109.00213360153013,100.64006225982234,2023-01-20,4,1,0,179,17,11,1.1
15,snacks,61.443002376704726,109.00213360153013,67.37278476220904,2023-01-21,5,1,1,138,22,11,1.1
15,snacks,61.443002376704726,109.00213360153013,88.41003307620747,2023-01-22,6,1,1,199,23,2,1.1
15,snacks,61.443002376704726,109.00213360153013,98.93191130481287,2023-01-23,0,1,0,124,10,8,1.1
15,snacks,61.443002376704726,109.00213360153013,79.03893865860198,2023-01-24,1,1,0,28,12,8,1.1
15,snacks,61.443002376704726,109.00213360153013,71.10416041266866,2023-01-25,2,1,0,116,10,9,1.1
15,snacks,61.443002376704726,109.00213360153013,106.1280946359299,2023-01-26,3,1,0,135,13,3,1.1
15,snacks,61.443002376704726,109.00213360153013,92.31579044423808,2023-01-27,4,1,0,58,8,2,1.1
15,snacks,61.443002376704726,109.00213360153013,84.8059047862023,2023-01-28,5,1,1,68,18,12,1.1
15,snacks,61.443002376704726,109.00213360153013,84.59373005646526,2023-01-29,6,1,1,167,14,8,1.1
15,snacks,61.443002376704726,109.00213360153013,81.50227485066657,2023-01-30,0,1,0,31,8,8,1.1
15,snacks,61.443002376704726,109.00213360153013,88.33908232078781,2023-01-31,1,1,0,53,8,13,1.1
15,snacks,61.443002376704726,109.00213360153013,88.56166707596846,2023-02-01,2,2,0,166,18,3,1.1732050807568877
15,snacks,61.443002376704726,109.00213360153013,95.00975843512629,2023-02-02,3,2,0,58,3,5,1.1732050807568877
15,snacks,61.443002376704726,109.00213360153013,81.97180394294793,2023-02-03,4,2,0,95,11,2,1.1732050807568877
15,snacks,61.443002376704726,109.00213360153013,64.57363656812954,2023-02-04,5,2,1,53,46,1,1.1732050807568877
15,snacks,61.443002376704726,109.00213360153013,83.84119297207172,2023-02-05,6,2,1,43,10,13,1.1732050807568877
15,snacks,61.443002376704726,109.00213360153013,89.89764673717006,2023-02-06,0,2,0,29,16,5,1.1732050807568877
15,snacks,61.443002376704726,109.00213360153013,93.51177137953593,2023-02-07,1,2,0,133,18,5,1.1732050807568877
15,snacks,61.443002376704726,109.00213360153013,89.52940357238762,2023-02-08,2,2,0,194,16,4,1.1732050807568877
15,snacks,61.443002376704726,109.00213360153013,72.58943405520691,2023-02-09,3,2,0,153,21,5,1.1732050807568877
15,snacks,61.443002376704726,109.00213360153013,91.84839897136396,2023-02-10,4,2,0,42,7,13,1.1732050807568877
15,snacks,61.443002376704726,109.00213360153013,95.43205927879413,2023-02-11,5,2,1,197,21,4,1.1732050807568877
15,snacks,61.443002376704726,109.00213360153013,99.29161617267815,2023-02-12,6,2,1,169,15,12,1.1732050807568877
15,snacks,61.443002376704726,109.00213360153013,74.58392828662609,2023-02-13,0,2,0,162,11,14,1.1732050807568877
15,snacks,61.443002376704726,109.00213360153013,77.36687632456172,2023-02-14,1,2,0,110,22,5,1.1732050807568877
15,snacks,61.443002376704726,109.00213360153013,83.737252465396,2023-02-15,2,2,0,45,12,6,1.1732050807568877
15,snacks,61.443002376704726,109.00213360153013,79.04945916952514,2023-02-16,3,2,0,95,13,4,1.1732050807568877
15,snacks,61.443002376704726,109.00213360153013,102.73713711149055,2023-02-17,4,2,0,60,11,3,1.1732050807568877
15,snacks,61.443002376704726,109.00213360153013,82.35170646846959,2023-02-18,5,2,1,142,11,6,1.1732050807568877
15,snacks,61.443002376704726,109.00213360153013,67.39667211201105,2023-02-19,6,2,1,163,15,3,1.1732050807568877
15,snacks,61.443002376704726,109.00213360153013,82.01790968054357,2023-02-20,0,2,0,45,14,9,1.1732050807568877
15,snacks,61.443002376704726,109.00213360153013,95.64297592352784,2023-02-21,1,2,0,75,13,7,1.1732050807568877
15,snacks,61.443002376704726,109.00213360153013,77.82255630551639,2023-02-22,2,2,0,172,24,5,1.1732050807568877
15,snacks,61.443002376704726,109.00213360153013,78.35106354767929,2023-02-23,3,2,0,131,17,5,1.1732050807568877
15,snacks,61.443002376704726,109.00213360153013,81.23155150169406,2023-02-24,4,2,0,113,21,11,1.1732050807568877
15,snacks,61.443002376704726,109.00213360153013,78.81114645270827,2023-02-25,5,2,1,177,9,5,1.1732050807568877
15,snacks,61.443002376704726,109.00213360153013,87.48555226047098,2023-02-26,6,2,1,158,20,14,1.1732050807568877
15,snacks,61.443002376704726,109.00213360153013,79.71678489063623,2023-02-27,0,2,0,97,24,3,1.1732050807568877
15,snacks,61.443002376704726,109.00213360153013,76.6411084429324,2023-02-28,1,2,0,165,4,12,1.1732050807568877
15,snacks,61.443002376704726,109.00213360153013,93.57723230182185,2023-03-01,2,3,0,93,7,11,1.2
15,snacks,61.443002376704726,109.00213360153013,71.16292670276414,2023-03-02,3,3,0,104,15,13,1.2
15,snacks,61.443002376704726,109.00213360153013,68.48560451031099,2023-03-03,4,3,0,152,26,6,1.2
15,snacks,61.443002376704726,109.00213360153013,74.20125992831284,2023-03-04,5,3,1,113,12,10,1.2
15,snacks,61.443002376704726,109.00213360153013,93.11722100543912,2023-03-05,6,3,1,39,16,7,1.2
15,snacks,61.443002376704726,109.00213360153013,70.4967403277117,2023-03-06,0,3,0,134,25,13,1.2
15,snacks,61.443002376704726,109.00213360153013,90.37260278719535,2023-03-07,1,3,0,144,6,11,1.2
15,snacks,61.443002376704726,109.00213360153013,98.14407800993337,2023-03-08,2,3,0,57,11,13,1.2
15,snacks,61.443002376704726,109.00213360153013,94.1820359368505,2023-03-09,3,3,0,49,9,10,1.2
15,snacks,61.443002376704726,109.00213360153013,104.580872040298,2023-03-10,4,3,0,185,10,14,1.2
15,snacks,61.443002376704726,109.00213360153013,78.34669004915676,2023-03-11,5,3,1,51,19,13,1.2
15,snacks,61.443002376704726,109.00213360153013,66.06800878861374,2023-03-12,6,3,1,174,17,8,1.2
15,snacks,61.443002376704726,109.00213360153013,101.10223826237888,2023-03-13,0,3,0,22,9,3,1.2
15,snacks,61.443002376704726,109.00213360153013,73.79191324090853,2023-03-14,1,3,0,139,28,3,1.2
15,snacks,61.443002376704726,109.00213360153013,92.92894706202068,2023-03-15,2,3,0,173,8,2,1.2
15,snacks,61.443002376704726,109.00213360153013,65.91458814609737,2023-03-16,3,3,0,131,19,6,1.2
15,snacks,61.443002376704726,109.00213360153013,76.8547650625572,2023-03-17,4,3,0,147,20,3,1.2
15,snacks,61.443002376704726,109.00213360153013,81.7951069473559,2023-03-18,5,3,1,61,17,9,1.2
15,snacks,61.443002376704726,109.00213360153013,103.05127130903827,2023-03-19,6,3,1,199,9,11,1.2
15,snacks,61.443002376704726,109.00213360153013,66.07141779194127,2023-03-20,0,3,0,27,12,6,1.2
15,snacks,61.443002376704726,109.00213360153013,68.1499150026489,2023-03-21,1,3,0,40,24,7,1.2
15,snacks,61.443002376704726,109.00213360153013,96.59120184802288,2023-03-22,2,3,0,173,15,9,1.2
15,snacks,61.443002376704726,109.00213360153013,75.20639195057237,2023-03-23,3,3,0,92,20,6,1.2
15,snacks,61.443002376704726,109.00213360153013,90.10017439478885,2023-03-24,4,3,0,91,5,10,1.2
15,snacks,61.443002376704726,109.00213360153013,96.49190670677136,2023-03-25,5,3,1,44,8,13,1.2
15,snacks,61.443002376704726,109.00213360153013,96.3096301588131,2023-03-26,6,3,1,92,19,10,1.2
15,snacks,61.443002376704726,109.00213360153013,66.83015879785445,2023-03-27,0,3,0,96,9,5,1.2
15,snacks,61.443002376704726,109.00213360153013,73.59374678890278,2023-03-28,1,3,0,83,16,8,1.2
15,snacks,61.443002376704726,109.00213360153013,105.630766135308,2023-03-29,2,3,0,29,10,4,1.2
15,snacks,61.443002376704726,109.00213360153013,96.4952449236972,2023-03-30,3,3,0,186,12,8,1.2
15,snacks,61.443002376704726,109.00213360153013,69.29744233354683,2023-03-31,4,3,0,62,16,1,1.2
15,snacks,61.443002376704726,109.00213360153013,86.04068324383768,2023-04-01,5,4,1,50,14,5,1.1732050807568877
15,snacks,61.443002376704726,109.00213360153013,102.92091964918991,2023-04-02,6,4,1,149,16,12,1.1732050807568877
15,snacks,61.443002376704726,109.00213360153013,71.21754942261794,2023-04-03,0,4,0,91,8,5,1.1732050807568877
15,snacks,61.443002376704726,109.00213360153013,84.10540426029746,2023-04-04,1,4,0,162,8,13,1.1732050807568877
15,snacks,61.443002376704726,109.00213360153013,81.14231384819509,2023-04-05,2,4,0,41,6,11,1.1732050807568877
15,snacks,61.443002376704726,109.00213360153013,90.83048292713752,2023-04-06,3,4,0,28,12,2,1.1732050807568877
15,snacks,61.443002376704726,109.00213360153013,75.66608034375272,2023-04-07,4,4,0,64,15,4,1.1732050807568877
15,snacks,61.443002376704726,109.00213360153013,69.35128681830899,2023-04-08,5,4,1,125,6,8,1.1732050807568877
15,snacks,61.443002376704726,109.00213360153013,73.50231620757424,2023-04-09,6,4,1,182,20,14,1.1732050807568877
15,snacks,61.443002376704726,109.00213360153013,91.64748385784372,2023-04-10,0,4,0,83,9,6,1.1732050807568877
15,snacks,61.443002376704726,109.00213360153013,93.00508839611712,2023-04-11,1,4,0,178,7,13,1.1732050807568877
15,snacks,61.443002376704726,109.00213360153013,67.11457088169173,2023-04-12,2,4,0,44,9,13,1.1732050807568877
15,snacks,61.443002376704726,109.00213360153013,104.72007351723848,2023-04-13,3,4,0,124,8,9,1.1732050807568877
15,snacks,61.443002376704726,109.00213360153013,74.35941255495537,2023-04-14,4,4,0,85,10,8,1.1732050807568877
15,snacks,61.443002376704726,109.00213360153013,79.07129369386537,2023-04-15,5,4,1,179,9,7,1.1732050807568877
15,snacks,61.443002376704726,109.00213360153013,74.88284782535368,2023-04-16,6,4,1,104,6,3,1.1732050807568877
15,snacks,61.443002376704726,109.00213360153013,64.76582595103216,2023-04-17,0,4,0,26,16,6,1.1732050807568877
15,snacks,61.443002376704726,109.00213360153013,88.77119735989321,2023-04-18,1,4,0,113,8,8,1.1732050807568877
15,snacks,61.443002376704726,109.00213360153013,78.8216435299834,2023-04-19,2,4,0,148,9,9,1.1732050807568877
15,snacks,61.443002376704726,109.00213360153013,81.12282792511662,2023-04-20,3,4,0,141,9,13,1.1732050807568877
15,snacks,61.443002376704726,109.00213360153013,78.99079012057896,2023-04-21,4,4,0,48,21,4,1.1732050807568877
15,snacks,61.443002376704726,109.00213360153013,98.39976962071786,2023-04-22,5,4,1,107,15,3,1.1732050807568877
15,snacks,61.443002376704726,109.00213360153013,106.12161556137201,2023-04-23,6,4,1,164,25,2,1.1732050807568877
15,snacks,61.443002376704726,109.00213360153013,101.01945251855105,2023-04-24,0,4,0,73,9,11,1.1732050807568877
15,snacks,61.443002376704726,109.00213360153013,73.34160817486386,2023-04-25,1,4,0,88,22,14,1.1732050807568877
15,snacks,61.443002376704726,109.00213360153013,104.4325497775653,2023-04-26,2,4,0,39,6,7,1.1732050807568877
15,snacks,61.443002376704726,109.00213360153013,88.65829262844363,2023-04-27,3,4,0,162,9,1,1.1732050807568877
15,snacks,61.443002376704726,109.00213360153013,80.49626146106185,2023-04-28,4,4,0,25,8,13,1.1732050807568877
15,snacks,61.443002376704726,109.00213360153013,99.72988602610491,2023-04-29,5,4,1,26,12,1,1.1732050807568877
15,snacks,61.443002376704726,109.00213360153013,81.49627000552528,2023-04-30,6,4,1,135,15,3,1.1732050807568877
15,snacks,61.443002376704726,109.00213360153013,83.67593244905615,2023-05-01,0,5,0,36,14,13,1.1
15,snacks,61.443002376704726,109.00213360153013,90.88580257587823,2023-05-02,1,5,0,48,7,6,1.1
15,snacks,61.443002376704726,109.00213360153013,85.55367065948758,2023-05-03,2,5,0,136,13,8,1.1
15,snacks,61.443002376704726,109.00213360153013,87.08070646892553,2023-05-04,3,5,0,55,14,7,1.1
15,snacks,61.443002376704726,109.00213360153013,107.28632912424482,2023-05-05,4,5,0,68,9,6,1.1
15,snacks,61.443002376704726,109.00213360153013,70.9504123880132,2023-05-06,5,5,1,63,24,9,1.1
15,snacks,61.443002376704726,109.00213360153013,78.6696950106725,2023-05-07,6,5,1,69,14,4,1.1
15,snacks,61.443002376704726,109.00213360153013,72.2352861607067,2023-05-08,0,5,0,137,10,13,1.1
15,snacks,61.443002376704726,109.00213360153013,77.88754409532305,2023-05-09,1,5,0,86,16,12,1.1
15,snacks,61.443002376704726,109.00213360153013,76.55879072436622,2023-05-10,2,5,0,93,24,1,1.1
15,snacks,61.443002376704726,109.00213360153013,84.75721969279665,2023-05-11,3,5,0,162,13,3,1.1
15,snacks,61.443002376704726,109.00213360153013,103.84476274948827,2023-05-12,4,5,0,37,9,12,1.1
15,snacks,61.443002376704726,109.00213360153013,74.52731886019659,2023-05-13,5,5,1,26,6,12,1.1
15,snacks,61.443002376704726,109.00213360153013,89.67842116925877,2023-05-14,6,5,1,190,10,14,1.1
15,snacks,61.443002376704726,109.00213360153013,74.19037483669075,2023-05-15,0,5,0,169,15,13,1.1
15,snacks,61.443002376704726,109.00213360153013,87.71164504173666,2023-05-16,1,5,0,135,10,8,1.1
15,snacks,61.443002376704726,109.00213360153013,72.46524832099372,2023-05-17,2,5,0,150,13,7,1.1
15,snacks,61.443002376704726,109.00213360153013,72.13535216467531,2023-05-18,3,5,0,63,11,11,1.1
15,snacks,61.443002376704726,109.00213360153013,92.24199755253504,2023-05-19,4,5,0,95,22,1,1.1
15,snacks,61.443002376704726,109.00213360153013,100.27165139030794,2023-05-20,5,5,1,47,4,9,1.1
15,snacks,61.443002376704726,109.00213360153013,68.24990847449733,2023-05-21,6,5,1,28,28,2,1.1
15,snacks,61.443002376704726,109.00213360153013,87.54375325121808,2023-05-22,0,5,0,74,20,12,1.1
15,snacks,61.443002376704726,109.00213360153013,81.19958095212955,2023-05-23,1,5,0,197,31,1,1.1
15,snacks,61.443002376704726,109.00213360153013,66.24891531505898,2023-05-24,2,5,0,139,22,9,1.1
15,snacks,61.443002376704726,109.00213360153013,91.03967327929071,2023-05-25,3,5,0,75,15,10,1.1
15,snacks,61.443002376704726,109.00213360153013,89.1052177531588,2023-05-26,4,5,0,95,18,9,1.1
15,snacks,61.443002376704726,109.00213360153013,69.69987035855412,2023-05-27,5,5,1,81,19,10,1.1
15,snacks,61.443002376704726,109.00213360153013,67.00489118404109,2023-05-28,6,5,1,162,21,13,1.1
15,snacks,61.443002376704726,109.00213360153013,74.01141093087028,2023-05-29,0,5,0,97,18,5,1.1
15,snacks,61.443002376704726,109.00213360153013,84.11329803710093,2023-05-30,1,5,0,103,7,11,1.1
15,snacks,61.443002376704726,109.00213360153013,89.65029553839484,2023-05-31,2,5,0,193,14,7,1.1
15,snacks,61.443002376704726,109.00213360153013,96.44444888166232,2023-06-01,3,6,0,78,2,5,1.0
15,snacks,61.443002376704726,109.00213360153013,72.07272875305087,2023-06-02,4,6,0,144,8,6,1.0
15,snacks,61.443002376704726,109.00213360153013,78.3070885105999,2023-06-03,5,6,1,72,14,2,1.0
15,snacks,61.443002376704726,109.00213360153013,103.86261111136477,2023-06-04,6,6,1,142,9,13,1.0
15,snacks,61.443002376704726,109.00213360153013,77.52001014355446,2023-06-05,0,6,0,154,8,10,1.0
15,snacks,61.443002376704726,109.00213360153013,96.8079700588822,2023-06-06,1,6,0,170,11,4,1.0
15,snacks,61.443002376704726,109.00213360153013,66.73061673973507,2023-06-07,2,6,0,56,20,2,1.0
15,snacks,61.443002376704726,109.00213360153013,70.58164876192613,2023-06-08,3,6,0,106,16,14,1.0
15,snacks,61.443002376704726,109.00213360153013,71.67103902853967,2023-06-09,4,6,0,40,7,9,1.0
15,snacks,61.443002376704726,109.00213360153013,77.56167531100894,2023-06-10,5,6,1,50,11,2,1.0
15,snacks,61.443002376704726,109.00213360153013,102.3565886667039,2023-06-11,6,6,1,34,7,6,1.0
15,snacks,61.443002376704726,109.00213360153013,104.54341856022614,2023-06-12,0,6,0,76,4,4,1.0
15,snacks,61.443002376704726,109.00213360153013,67.84918537246509,2023-06-13,1,6,0,118,22,1,1.0
15,snacks,61.443002376704726,109.00213360153013,106.34333326908211,2023-06-14,2,6,0,171,10,10,1.0
15,snacks,61.443002376704726,109.00213360153013,107.85960281308573,2023-06-15,3,6,0,86,12,4,1.0
15,snacks,61.443002376704726,109.00213360153013,73.14230028582865,2023-06-16,4,6,0,41,22,3,1.0
15,snacks,61.443002376704726,109.00213360153013,89.67427150492696,2023-06-17,5,6,1,86,11,4,1.0
15,snacks,61.443002376704726,109.00213360153013,66.12347522197157,2023-06-18,6,6,1,60,21,9,1.0
15,snacks,61.443002376704726,109.00213360153013,100.62451880385966,2023-06-19,0,6,0,165,6,11,1.0
15,snacks,61.443002376704726,109.00213360153013,92.60377333204042,2023-06-20,1,6,0,158,10,6,1.0
15,snacks,61.443002376704726,109.00213360153013,69.5223627381037,2023-06-21,2,6,0,74,8,10,1.0
15,snacks,61.443002376704726,109.00213360153013,85.67215573612113,2023-06-22,3,6,0,156,8,7,1.0
15,snacks,61.443002376704726,109.00213360153013,92.73947017118198,2023-06-23,4,6,0,52,13,4,1.0
15,snacks,61.443002376704726,109.00213360153013,93.03662202398989,2023-06-24,5,6,1,83,19,14,1.0
15,snacks,61.443002376704726,109.00213360153013,72.39250325323464,2023-06-25,6,6,1,185,15,10,1.0
15,snacks,61.443002376704726,109.00213360153013,71.21225881091978,2023-06-26,0,6,0,80,19,8,1.0
15,snacks,61.443002376704726,109.00213360153013,90.61810204979885,2023-06-27,1,6,0,130,4,12,1.0
15,snacks,61.443002376704726,109.00213360153013,101.03243795228104,2023-06-28,2,6,0,188,10,6,1.0
15,snacks,61.443002376704726,109.00213360153013,107.84260597917532,2023-06-29,3,6,0,168,13,2,1.0
16,snacks,60.44261339561516,105.70309679489871,91.95202393305348,2023-01-01,6,1,1,139,20,9,1.1
16,snacks,60.44261339561516,105.70309679489871,74.1702105876878,2023-01-02,0,1,0,154,5,12,1.1
16,snacks,60.44261339561516,105.70309679489871,99.6334536891175,2023-01-03,1,1,0,162,3,14,1.1
16,snacks,60.44261339561516,105.70309679489871,78.5053853087825,2023-01-04,2,1,0,110,16,12,1.1
16,snacks,60.44261339561516,105.70309679489871,68.87200119862531,2023-01-05,3,1,0,21,7,9,1.1
16,snacks,60.44261339561516,105.70309679489871,98.27771736464561,2023-01-06,4,1,0,68,7,13,1.1
16,snacks,60.44261339561516,105.70309679489871,79.82018849586957,2023-01-07,5,1,1,54,27,3,1.1
16,snacks,60.44261339561516,105.70309679489871,85.66653283164669,2023-01-08,6,1,1,150,11,14,1.1
16,snacks,60.44261339561516,105.70309679489871,88.0386487220204,2023-01-09,0,1,0,32,11,4,1.1
16,snacks,60.44261339561516,105.70309679489871,72.16657985627164,2023-01-10,1,1,0,82,6,7,1.1
16,snacks,60.44261339561516,105.70309679489871,66.2700635849081,2023-01-11,2,1,0,92,22,1,1.1
16,snacks,60.44261339561516,105.70309679489871,80.11706150824072,2023-01-12,3,1,0,159,17,7,1.1
16,snacks,60.44261339561516,105.70309679489871,79.37339097759353,2023-01-13,4,1,0,91,7,14,1.1
16,snacks,60.44261339561516,105.70309679489871,92.0985857152414,2023-01-14,5,1,1,166,4,11,1.1
16,snacks,60.44261339561516,105.70309679489871,103.71986193926392,2023-01-15,6,1,1,84,9,6,1.1
16,snacks,60.44261339561516,105.70309679489871,89.261754424289,2023-01-16,0,1,0,106,30,1,1.1
16,snacks,60.44261339561516,105.70309679489871,97.95084099695012,2023-01-17,1,1,0,191,14,5,1.1
16,snacks,60.44261339561516,105.70309679489871,74.61681366358836,2023-01-18,2,1,0,34,14,4,1.1
16,snacks,60.44261339561516,105.70309679489871,76.09891673950617,2023-01-19,3,1,0,123,11,7,1.1
16,snacks,60.44261339561516,105.70309679489871,86.14712324540348,2023-01-20,4,1,0,50,17,2,1.1
16,snacks,60.44261339561516,105.70309679489871,92.72782937875452,2023-01-21,5,1,1,138,19,11,1.1
16,snacks,60.44261339561516,105.70309679489871,75.66388680043687,2023-01-22,6,1,1,73,20,5,1.1
16,snacks,60.44261339561516,105.70309679489871,86.84204493875114,2023-01-23,0,1,0,88,8,12,1.1
16,snacks,60.44261339561516,105.70309679489871,100.12610393638812,2023-01-24,1,1,0,144,10,5,1.1
16,snacks,60.44261339561516,105.70309679489871,73.4178880024013,2023-01-25,2,1,0,22,18,12,1.1
16,snacks,60.44261339561516,105.70309679489871,87.49071029689756,2023-01-26,3,1,0,89,28,1,1.1
16,snacks,60.44261339561516,105.70309679489871,105.53376539068569,2023-01-27,4,1,0,150,6,3,1.1
16,snacks,60.44261339561516,105.70309679489871,86.92893745740326,2023-01-28,5,1,1,20,13,7,1.1
16,snacks,60.44261339561516,105.70309679489871,102.17485744177776,2023-01-29,6,1,1,71,16,6,1.1
16,snacks,60.44261339561516,105.70309679489871,91.98170833255128,2023-01-30,0,1,0,108,6,9,1.1
16,snacks,60.44261339561516,105.70309679489871,102.59860401668843,2023-01-31,1,1,0,25,14,2,1.1
16,snacks,60.44261339561516,105.70309679489871,98.92930629959142,2023-02-01,2,2,0,164,4,12,1.1732050807568877
16,snacks,60.44261339561516,105.70309679489871,68.47309055452767,2023-02-02,3,2,0,157,12,9,1.1732050807568877
16,snacks,60.44261339561516,105.70309679489871,93.71128707750952,2023-02-03,4,2,0,159,8,2,1.1732050807568877
16,snacks,60.44261339561516,105.70309679489871,65.43456767895056,2023-02-04,5,2,1,117,27,10,1.1732050807568877
16,snacks,60.44261339561516,105.70309679489871,91.94338577857494,2023-02-05,6,2,1,144,19,1,1.1732050807568877
16,snacks,60.44261339561516,105.70309679489871,84.90696298506532,2023-02-06,0,2,0,155,22,8,1.1732050807568877
16,snacks,60.44261339561516,105.70309679489871,101.33184272752288,2023-02-07,1,2,0,34,4,12,1.1732050807568877
16,snacks,60.44261339561516,105.70309679489871,103.49600481351408,2023-02-08,2,2,0,135,14,9,1.1732050807568877
16,snacks,60.44261339561516,105.70309679489871,93.74475074047254,2023-02-09,3,2,0,50,15,6,1.1732050807568877
16,snacks,60.44261339561516,105.70309679489871,64.37032871429648,2023-02-10,4,2,0,48,23,10,1.1732050807568877
16,snacks,60.44261339561516,105.70309679489871,77.2690954400207,2023-02-11,5,2,1,66,15,8,1.1732050807568877
16,snacks,60.44261339561516,105.70309679489871,99.37547055278566,2023-02-12,6,2,1,93,22,2,1.1732050807568877
16,snacks,60.44261339561516,105.70309679489871,96.0537423805078,2023-02-13,0,2,0,140,9,10,1.1732050807568877
16,snacks,60.44261339561516,105.70309679489871,96.84004651348275,2023-02-14,1,2,0,128,13,14,1.1732050807568877
16,snacks,60.44261339561516,105.70309679489871,95.03761519873316,2023-02-15,2,2,0,181,21,2,1.1732050807568877
16,snacks,60.44261339561516,105.70309679489871,98.26114347085397,2023-02-16,3,2,0,138,6,10,1.1732050807568877
16,snacks,60.44261339561516,105.70309679489871,79.4918921580562,2023-02-17,4,2,0,139,7,10,1.1732050807568877
16,snacks,60.44261339561516,105.70309679489871,85.2935498747553,2023-02-18,5,2,1,75,17,6,1.1732050807568877
16,snacks,60.44261339561516,105.70309679489871,90.23492288601182,2023-02-19,6,2,1,23,22,14,1.1732050807568877
16,snacks,60.44261339561516,105.70309679489871,102.8267783595239,2023-02-20,0,2,0,143,6,5,1.1732050807568877
16,snacks,60.44261339561516,105.70309679489871,67.82798608439941,2023-02-21,1,2,0,149,19,9,1.1732050807568877
16,snacks,60.44261339561516,105.70309679489871,100.95504093420243,2023-02-22,2,2,0,131,8,9,1.1732050807568877
16,snacks,60.44261339561516,105.70309679489871,78.14360170919285,2023-02-23,3,2,0,61,18,3,1.1732050807568877
16,snacks,60.44261339561516,105.70309679489871,73.834336155306,2023-02-24,4,2,0,118,30,2,1.1732050807568877
16,snacks,60.44261339561516,105.70309679489871,90.99931053858732,2023-02-25,5,2,1,125,14,1,1.1732050807568877
16,snacks,60.44261339561516,105.70309679489871,101.20597945658336,2023-02-26,6,2,1,96,15,8,1.1732050807568877
16,snacks,60.44261339561516,105.70309679489871,73.92764746636722,2023-02-27,0,2,0,92,7,6,1.1732050807568877
16,snacks,60.44261339561516,105.70309679489871,97.67238717607702,2023-02-28,1,2,0,191,10,10,1.1732050807568877
16,snacks,60.44261339561516,105.70309679489871,71.8151772155776,2023-03-01,2,3,0,119,25,2,1.2
16,snacks,60.44261339561516,105.70309679489871,82.34788774012944,2023-03-02,3,3,0,110,16,11,1.2
16,snacks,60.44261339561516,105.70309679489871,96.87654303019349,2023-03-03,4,3,0,94,11,2,1.2
16,snacks,60.44261339561516,105.70309679489871,79.57618703689586,2023-03-04,5,3,1,47,20,2,1.2
16,snacks,60.44261339561516,105.70309679489871,70.40297063426806,2023-03-05,6,3,1,195,16,13,1.2
16,snacks,60.44261339561516,105.70309679489871,86.15542184428925,2023-03-06,0,3,0,21,19,9,1.2
16,snacks,60.44261339561516,105.70309679489871,101.45135924705781,2023-03-07,1,3,0,112,10,11,1.2
16,snacks,60.44261339561516,105.70309679489871,67.00467424073383,2023-03-08,2,3,0,37,3,10,1.2
16,snacks,60.44261339561516,105.70309679489871,100.31583275902969,2023-03-09,3,3,0,189,11,11,1.2
16,snacks,60.44261339561516,105.70309679489871,94.454536001855,2023-03-10,4,3,0,114,11,7,1.2
16,snacks,60.44261339561516,105.70309679489871,94.04530612457363,2023-03-11,5,3,1,156,18,10,1.2
16,snacks,60.44261339561516,105.70309679489871,79.13053989767795,2023-03-12,6,3,1,188,16,10,1.2
16,snacks,60.44261339561516,105.70309679489871,92.47732071188051,2023-03-13,0,3,0,84,9,10,1.2
16,snacks,60.44261339561516,105.70309679489871,92.7809517527433,2023-03-14,1,3,0,100,18,7,1.2
16,snacks,60.44261339561516,105.70309679489871,90.38239347276546,2023-03-15,2,3,0,183,15,5,1.2
16,snacks,60.44261339561516,105.70309679489871,72.14775511187439,2023-03-16,3,3,0,56,29,2,1.2
16,snacks,60.44261339561516,105.70309679489871,83.60579861370225,2023-03-17,4,3,0,194,8,13,1.2
16,snacks,60.44261339561516,105.70309679489871,98.79160527568082,2023-03-18,5,3,1,87,16,11,1.2
16,snacks,60.44261339561516,105.70309679489871,96.17406262514169,2023-03-19,6,3,1,34,12,14,1.2
16,snacks,60.44261339561516,105.70309679489871,68.02250381098997,2023-03-20,0,3,0,108,8,13,1.2
16,snacks,60.44261339561516,105.70309679489871,79.85439147769368,2023-03-21,1,3,0,187,13,2,1.2
16,snacks,60.44261339561516,105.70309679489871,95.94999391589793,2023-03-22,2,3,0,192,15,3,1.2
16,snacks,60.44261339561516,105.70309679489871,63.80511291416177,2023-03-23,3,3,0,155,16,8,1.2
16,snacks,60.44261339561516,105.70309679489871,98.00825413380092,2023-03-24,4,3,0,162,14,10,1.2
16,snacks,60.44261339561516,105.70309679489871,89.59707857181141,2023-03-25,5,3,1,37,15,7,1.2
16,snacks,60.44261339561516,105.70309679489871,86.42281347903835,2023-03-26,6,3,1,167,22,1,1.2
16,snacks,60.44261339561516,105.70309679489871,91.24822044817263,2023-03-27,0,3,0,36,15,2,1.2
16,snacks,60.44261339561516,105.70309679489871,99.09027903123555,2023-03-28,1,3,0,181,7,12,1.2
16,snacks,60.44261339561516,105.70309679489871,84.73520880797786,2023-03-29,2,3,0,136,15,9,1.2
16,snacks,60.44261339561516,105.70309679489871,87.63639278718513,2023-03-30,3,3,0,85,20,3,1.2
16,snacks,60.44261339561516,105.70309679489871,68.16568952619268,2023-03-31,4,3,0,82,12,14,1.2
16,snacks,60.44261339561516,105.70309679489871,84.47916975691447,2023-04-01,5,4,1,92,17,7,1.1732050807568877
16,snacks,60.44261339561516,105.70309679489871,100.27887817093062,2023-04-02,6,4,1,23,12,9,1.1732050807568877
16,snacks,60.44261339561516,105.70309679489871,96.6106626133912,2023-04-03,0,4,0,40,6,3,1.1732050807568877
16,snacks,60.44261339561516,105.70309679489871,65.82925908328187,2023-04-04,1,4,0,129,18,13,1.1732050807568877
16,snacks,60.44261339561516,105.70309679489871,102.75234884739609,2023-04-05,2,4,0,79,8,6,1.1732050807568877
16,snacks,60.44261339561516,105.70309679489871,71.67301367967329,2023-04-06,3,4,0,168,6,7,1.1732050807568877
16,snacks,60.44261339561516,105.70309679489871,86.68188542948288,2023-04-07,4,4,0,117,17,8,1.1732050807568877
16,snacks,60.44261339561516,105.70309679489871,80.83933201961058,2023-04-08,5,4,1,70,6,10,1.1732050807568877
16,snacks,60.44261339561516,105.70309679489871,99.68053479374498,2023-04-09,6,4,1,186,5,4,1.1732050807568877
16,snacks,60.44261339561516,105.70309679489871,104.40615389984917,2023-04-10,0,4,0,136,5,7,1.1732050807568877
16,snacks,60.44261339561516,105.70309679489871,99.99263238078072,2023-04-11,1,4,0,126,14,5,1.1732050807568877
16,snacks,60.44261339561516,105.70309679489871,100.37345199792799,2023-04-12,2,4,0,134,17,1,1.1732050807568877
16,snacks,60.44261339561516,105.70309679489871,100.91422429475477,2023-04-13,3,4,0,199,4,5,1.1732050807568877
16,snacks,60.44261339561516,105.70309679489871,93.2070808053715,2023-04-14,4,4,0,98,15,6,1.1732050807568877
16,snacks,60.44261339561516,105.70309679489871,80.344815253258,2023-04-15,5,4,1,179,20,12,1.1732050807568877
16,snacks,60.44261339561516,105.70309679489871,66.16275195502784,2023-04-16,6,4,1,104,18,14,1.1732050807568877
16,snacks,60.44261339561516,105.70309679489871,86.95414846509127,2023-04-17,0,4,0,94,10,7,1.1732050807568877
16,snacks,60.44261339561516,105.70309679489871,103.72865890244381,2023-04-18,1,4,0,94,2,12,1.1732050807568877
16,snacks,60.44261339561516,105.70309679489871,64.72263546481928,2023-04-19,2,4,0,46,22,3,1.1732050807568877
16,snacks,60.44261339561516,105.70309679489871,76.7566879438583,2023-04-20,3,4,0,86,29,2,1.1732050807568877
16,snacks,60.44261339561516,105.70309679489871,91.85519739071907,2023-04-21,4,4,0,171,7,13,1.1732050807568877
16,snacks,60.44261339561516,105.70309679489871,75.94098214179957,2023-04-22,5,4,1,84,27,4,1.1732050807568877
16,snacks,60.44261339561516,105.70309679489871,70.63315921001313,2023-04-23,6,4,1,42,14,6,1.1732050807568877
16,snacks,60.44261339561516,105.70309679489871,100.60006673700838,2023-04-24,0,4,0,188,9,4,1.1732050807568877
16,snacks,60.44261339561516,105.70309679489871,86.9074136279998,2023-04-25,1,4,0,151,5,13,1.1732050807568877
16,snacks,60.44261339561516,105.70309679489871,84.2296819312925,2023-04-26,2,4,0,180,7,13,1.1732050807568877
16,snacks,60.44261339561516,105.70309679489871,92.34440226988164,2023-04-27,3,4,0,54,18,9,1.1732050807568877
16,snacks,60.44261339561516,105.70309679489871,105.28769156112273,2023-04-28,4,4,0,31,7,12,1.1732050807568877
16,snacks,60.44261339561516,105.70309679489871,98.37709936066236,2023-04-29,5,4,1,196,5,5,1.1732050807568877
16,snacks,60.44261339561516,105.70309679489871,76.0601067276796,2023-04-30,6,4,1,119,24,6,1.1732050807568877
16,snacks,60.44261339561516,105.70309679489871,96.81002658003769,2023-05-01,0,5,0,81,14,10,1.1
16,snacks,60.44261339561516,105.70309679489871,64.39202382132532,2023-05-02,1,5,0,114,11,8,1.1
16,snacks,60.44261339561516,105.70309679489871,87.84943646200632,2023-05-03,2,5,0,35,9,10,1.1
16,snacks,60.44261339561516,105.70309679489871,67.8753761791334,2023-05-04,3,5,0,89,9,11,1.1
16,snacks,60.44261339561516,105.70309679489871,71.29016662006833,2023-05-05,4,5,0,21,19,12,1.1
16,snacks,60.44261339561516,105.70309679489871,82.45012185644812,2023-05-06,5,5,1,115,6,5,1.1
16,snacks,60.44261339561516,105.70309679489871,87.11670722841725,2023-05-07,6,5,1,92,19,8,1.1
16,snacks,60.44261339561516,105.70309679489871,71.98842596279334,2023-05-08,0,5,0,46,5,11,1.1
16,snacks,60.44261339561516,105.70309679489871,71.07803976743911,2023-05-09,1,5,0,87,14,14,1.1
16,snacks,60.44261339561516,105.70309679489871,74.21104651412625,2023-05-10,2,5,0,92,19,13,1.1
16,snacks,60.44261339561516,105.70309679489871,95.48037419823817,2023-05-11,3,5,0,154,1,9,1.1
16,snacks,60.44261339561516,105.70309679489871,101.00264794603527,2023-05-12,4,5,0,28,10,3,1.1
16,snacks,60.44261339561516,105.70309679489871,103.22030651645139,2023-05-13,5,5,1,147,23,2,1.1
16,snacks,60.44261339561516,105.70309679489871,71.0403345172333,2023-05-14,6,5,1,139,26,8,1.1
16,snacks,60.44261339561516,105.70309679489871,75.75434888323612,2023-05-15,0,5,0,173,10,9,1.1
16,snacks,60.44261339561516,105.70309679489871,84.4122567762507,2023-05-16,1,5,0,145,22,1,1.1
16,snacks,60.44261339561516,105.70309679489871,79.9022409567014,2023-05-17,2,5,0,162,6,4,1.1
16,snacks,60.44261339561516,105.70309679489871,88.01760180398573,2023-05-18,3,5,0,59,18,2,1.1
16,snacks,60.44261339561516,105.70309679489871,73.89409008053356,2023-05-19,4,5,0,92,18,8,1.1
16,snacks,60.44261339561516,105.70309679489871,73.09884198922049,2023-05-20,5,5,1,155,19,11,1.1
16,snacks,60.44261339561516,105.70309679489871,76.74088678110036,2023-05-21,6,5,1,115,8,10,1.1
16,snacks,60.44261339561516,105.70309679489871,70.61450087996694,2023-05-22,0,5,0,65,22,5,1.1
16,snacks,60.44261339561516,105.70309679489871,71.41333338082003,2023-05-23,1,5,0,140,17,8,1.1
16,snacks,60.44261339561516,105.70309679489871,72.17817051563176,2023-05-24,2,5,0,189,12,13,1.1
16,snacks,60.44261339561516,105.70309679489871,69.18977318564083,2023-05-25,3,5,0,177,19,8,1.1
16,snacks,60.44261339561516,105.70309679489871,91.20783632854872,2023-05-26,4,5,0,26,8,10,1.1
16,snacks,60.44261339561516,105.70309679489871,82.45004555241988,2023-05-27,5,5,1,160,9,8,1.1
16,snacks,60.44261339561516,105.70309679489871,92.0343252806259,2023-05-28,6,5,1,20,4,11,1.1
16,snacks,60.44261339561516,105.70309679489871,87.74147766058788,2023-05-29,0,5,0,148,7,3,1.1
16,snacks,60.44261339561516,105.70309679489871,83.81021190482443,2023-05-30,1,5,0,164,16,9,1.1
16,snacks,60.44261339561516,105.70309679489871,84.16624549234399,2023-05-31,2,5,0,59,15,14,1.1
16,snacks,60.44261339561516,105.70309679489871,97.85567118749685,2023-06-01,3,6,0,22,3,12,1.0
16,snacks,60.44261339561516,105.70309679489871,74.58156189271567,2023-06-02,4,6,0,36,14,8,1.0
16,snacks,60.44261339561516,105.70309679489871,105.51387861618188,2023-06-03,5,6,1,171,9,6,1.0
16,snacks,60.44261339561516,105.70309679489871,95.92652729302495,2023-06-04,6,6,1,122,25,1,1.0
16,snacks,60.44261339561516,105.70309679489871,74.55271887315739,2023-06-05,0,6,0,137,19,14,1.0
16,snacks,60.44261339561516,105.70309679489871,88.59046055927635,2023-06-06,1,6,0,120,4,9,1.0
16,snacks,60.44261339561516,105.70309679489871,79.89474951661128,2023-06-07,2,6,0,50,7,14,1.0
16,snacks,60.44261339561516,105.70309679489871,81.71386776225599,2023-06-08,3,6,0,185,7,10,1.0
16,snacks,60.44261339561516,105.70309679489871,81.38037829556207,2023-06-09,4,6,0,124,17,6,1.0
16,snacks,60.44261339561516,105.70309679489871,68.62934794788282,2023-06-10,5,6,1,198,22,13,1.0
16,snacks,60.44261339561516,105.70309679489871,90.43209274873152,2023-06-11,6,6,1,163,9,12,1.0
16,snacks,60.44261339561516,105.70309679489871,65.95724912140884,2023-06-12,0,6,0,143,6,11,1.0
16,snacks,60.44261339561516,105.70309679489871,80.30345567049088,2023-06-13,1,6,0,180,13,7,1.0
16,snacks,60.44261339561516,105.70309679489871,105.40335194035372,2023-06-14,2,6,0,68,19,1,1.0
16,snacks,60.44261339561516,105.70309679489871,68.87695709250659,2023-06-15,3,6,0,98,19,1,1.0
16,snacks,60.44261339561516,105.70309679489871,64.54282921481227,2023-06-16,4,6,0,90,21,5,1.0
16,snacks,60.44261339561516,105.70309679489871,69.6474225939736,2023-06-17,5,6,1,90,13,5,1.0
16,snacks,60.44261339561516,105.70309679489871,105.06993323621467,2023-06-18,6,6,1,74,4,11,1.0
16,snacks,60.44261339561516,105.70309679489871,84.98574529630277,2023-06-19,0,6,0,38,11,11,1.0
16,snacks,60.44261339561516,105.70309679489871,102.05943381222002,2023-06-20,1,6,0,29,6,8,1.0
16,snacks,60.44261339561516,105.70309679489871,64.06753328094534,2023-06-21,2,6,0,78,1,12,1.0
16,snacks,60.44261339561516,105.70309679489871,77.08413219669814,2023-06-22,3,6,0,123,12,13,1.0
16,snacks,60.44261339561516,105.70309679489871,66.2787512911985,2023-06-23,4,6,0,20,12,11,1.0
16,snacks,60.44261339561516,105.70309679489871,91.85843680267175,2023-06-24,5,6,1,63,14,6,1.0
16,snacks,60.44261339561516,105.70309679489871,102.28091696700231,2023-06-25,6,6,1,36,3,6,1.0
16,snacks,60.44261339561516,105.70309679489871,64.21650212877391,2023-06-26,0,6,0,33,11,10,1.0
16,snacks,60.44261339561516,105.70309679489871,101.28512241859809,2023-06-27,1,6,0,180,13,3,1.0
16,snacks,60.44261339561516,105.70309679489871,68.64908178878099,2023-06-28,2,6,0,165,9,9,1.0
16,snacks,60.44261339561516,105.70309679489871,98.86678415250086,2023-06-29,3,6,0,143,9,10,1.0
17,snacks,56.469585025777725,91.19511738014276,60.82197578538996,2023-01-01,6,1,1,84,18,14,1.1
17,snacks,56.469585025777725,91.19511738014276,83.48785347786465,2023-01-02,0,1,0,164,6,14,1.1
17,snacks,56.469585025777725,91.19511738014276,89.0942528159159,2023-01-03,1,1,0,178,3,6,1.1
17,snacks,56.469585025777725,91.19511738014276,77.09277465510391,2023-01-04,2,1,0,67,5,5,1.1
17,snacks,56.469585025777725,91.19511738014276,83.04833614111872,2023-01-05,3,1,0,33,13,10,1.1
17,snacks,56.469585025777725,91.19511738014276,69.17566846251252,2023-01-06,4,1,0,117,10,3,1.1
17,snacks,56.469585025777725,91.19511738014276,79.0626343639307,2023-01-07,5,1,1,119,18,9,1.1
17,snacks,56.469585025777725,91.19511738014276,62.27566256105105,2023-01-08,6,1,1,32,9,14,1.1
17,snacks,56.469585025777725,91.19511738014276,88.56744706299622,2023-01-09,0,1,0,51,11,7,1.1
17,snacks,56.469585025777725,91.19511738014276,91.12162202553492,2023-01-10,1,1,0,70,14,11,1.1
17,snacks,56.469585025777725,91.19511738014276,84.40320640471744,2023-01-11,2,1,0,180,8,14,1.1
17,snacks,56.469585025777725,91.19511738014276,70.48170478990784,2023-01-12,3,1,0,42,11,11,1.1
17,snacks,56.469585025777725,91.19511738014276,89.07369071944893,2023-01-13,4,1,0,123,11,4,1.1
17,snacks,56.469585025777725,91.19511738014276,76.68720311678295,2023-01-14,5,1,1,181,21,4,1.1
17,snacks,56.469585025777725,91.19511738014276,80.04710375760526,2023-01-15,6,1,1,130,10,1,1.1
17,snacks,56.469585025777725,91.19511738014276,71.95023338062013,2023-01-16,0,1,0,67,9,8,1.1
17,snacks,56.469585025777725,91.19511738014276,89.91701176617948,2023-01-17,1,1,0,154,17,3,1.1
17,snacks,56.469585025777725,91.19511738014276,77.64102142203959,2023-01-18,2,1,0,111,5,6,1.1
17,snacks,56.469585025777725,91.19511738014276,70.81745107566653,2023-01-19,3,1,0,146,14,3,1.1
17,snacks,56.469585025777725,91.19511738014276,72.01677114313563,2023-01-20,4,1,0,31,15,6,1.1
17,snacks,56.469585025777725,91.19511738014276,67.87516099709325,2023-01-21,5,1,1,69,10,7,1.1
17,snacks,56.469585025777725,91.19511738014276,81.43267663129075,2023-01-22,6,1,1,60,7,10,1.1
17,snacks,56.469585025777725,91.19511738014276,77.5959914815212,2023-01-23,0,1,0,30,22,7,1.1
17,snacks,56.469585025777725,91.19511738014276,77.63580776498584,2023-01-24,1,1,0,152,11,13,1.1
17,snacks,56.469585025777725,91.19511738014276,76.52389622101805,2023-01-25,2,1,0,173,11,13,1.1
17,snacks,56.469585025777725,91.19511738014276,78.61464711677101,2023-01-26,3,1,0,150,14,5,1.1
17,snacks,56.469585025777725,91.19511738014276,87.62776313893698,2023-01-27,4,1,0,76,22,1,1.1
17,snacks,56.469585025777725,91.19511738014276,76.00891711578825,2023-01-28,5,1,1,120,7,1,1.1
17,snacks,56.469585025777725,91.19511738014276,64.16788332039701,2023-01-29,6,1,1,172,7,6,1.1
17,snacks,56.469585025777725,91.19511738014276,61.77727920370827,2023-01-30,0,1,0,39,36,1,1.1
17,snacks,56.469585025777725,91.19511738014276,59.90874621821517,2023-01-31,1,1,0,155,14,9,1.1
17,snacks,56.469585025777725,91.19511738014276,66.42313340695985,2023-02-01,2,2,0,152,17,14,1.1732050807568877
17,snacks,56.469585025777725,91.19511738014276,85.53365203163703,2023-02-02,3,2,0,36,11,8,1.1732050807568877
17,snacks,56.469585025777725,91.19511738014276,83.39359181908216,2023-02-03,4,2,0,107,12,11,1.1732050807568877
17,snacks,56.469585025777725,91.19511738014276,84.77338000546429,2023-02-04,5,2,1,115,10,8,1.1732050807568877
17,snacks,56.469585025777725,91.19511738014276,59.30074213598498,2023-02-05,6,2,1,130,25,4,1.1732050807568877
17,snacks,56.469585025777725,91.19511738014276,63.14486561676664,2023-02-06,0,2,0,165,13,4,1.1732050807568877
17,snacks,56.469585025777725,91.19511738014276,90.24330254303143,2023-02-07,1,2,0,109,7,10,1.1732050807568877
17,snacks,56.469585025777725,91.19511738014276,82.39557114011788,2023-02-08,2,2,0,96,7,4,1.1732050807568877
17,snacks,56.469585025777725,91.19511738014276,69.39799648663328,2023-02-09,3,2,0,187,16,12,1.1732050807568877
17,snacks,56.469585025777725,91.19511738014276,76.04997965305559,2023-02-10,4,2,0,160,16,8,1.1732050807568877
17,snacks,56.469585025777725,91.19511738014276,82.74476835803655,2023-02-11,5,2,1,195,19,10,1.1732050807568877
17,snacks,56.469585025777725,91.19511738014276,68.75860407018142,2023-02-12,6,2,1,24,16,2,1.1732050807568877
17,snacks,56.469585025777725,91.19511738014276,65.25586218259129,2023-02-13,0,2,0,185,14,1,1.1732050807568877
17,snacks,56.469585025777725,91.19511738014276,83.21139750611404,2023-02-14,1,2,0,93,10,13,1.1732050807568877
17,snacks,56.469585025777725,91.19511738014276,63.30946821027056,2023-02-15,2,2,0,54,16,5,1.1732050807568877
17,snacks,56.469585025777725,91.19511738014276,63.54830347319721,2023-02-16,3,2,0,183,7,8,1.1732050807568877
17,snacks,56.469585025777725,91.19511738014276,75.05021074100986,2023-02-17,4,2,0,169,23,1,1.1732050807568877
17,snacks,56.469585025777725,91.19511738014276,68.40584971954775,2023-02-18,5,2,1,164,21,8,1.1732050807568877
17,snacks,56.469585025777725,91.19511738014276,64.1256739479571,2023-02-19,6,2,1,57,9,6,1.1732050807568877
17,snacks,56.469585025777725,91.19511738014276,87.58292793493516,2023-02-20,0,2,0,153,13,10,1.1732050807568877
17,snacks,56.469585025777725,91.19511738014276,78.12815528513153,2023-02-21,1,2,0,190,24,5,1.1732050807568877
17,snacks,56.469585025777725,91.19511738014276,74.14152303339922,2023-02-22,2,2,0,50,20,3,1.1732050807568877
17,snacks,56.469585025777725,91.19511738014276,83.43023735555724,2023-02-23,3,2,0,92,18,3,1.1732050807568877
17,snacks,56.469585025777725,91.19511738014276,80.59708921913953,2023-02-24,4,2,0,82,15,3,1.1732050807568877
17,snacks,56.469585025777725,91.19511738014276,81.07666805434077,2023-02-25,5,2,1,165,23,1,1.1732050807568877
17,snacks,56.469585025777725,91.19511738014276,89.43696416788998,2023-02-26,6,2,1,76,9,10,1.1732050807568877
17,snacks,56.469585025777725,91.19511738014276,75.90458398266695,2023-02-27,0,2,0,72,5,8,1.1732050807568877
17,snacks,56.469585025777725,91.19511738014276,91.05365286188396,2023-02-28,1,2,0,23,14,11,1.1732050807568877
17,snacks,56.469585025777725,91.19511738014276,83.29493896513519,2023-03-01,2,3,0,183,5,3,1.2
17,snacks,56.469585025777725,91.19511738014276,88.95562790775347,2023-03-02,3,3,0,39,8,1,1.2
17,snacks,56.469585025777725,91.19511738014276,73.99849156646113,2023-03-03,4,3,0,145,6,3,1.2
17,snacks,56.469585025777725,91.19511738014276,79.8652725151188,2023-03-04,5,3,1,119,6,14,1.2
17,snacks,56.469585025777725,91.19511738014276,63.980210489694855,2023-03-05,6,3,1,159,28,14,1.2
17,snacks,56.469585025777725,91.19511738014276,66.85172456423331,2023-03-06,0,3,0,97,8,12,1.2
17,snacks,56.469585025777725,91.19511738014276,81.68369604852933,2023-03-07,1,3,0,74,22,2,1.2
17,snacks,56.469585025777725,91.19511738014276,68.1350568980053,2023-03-08,2,3,0,191,14,3,1.2
17,snacks,56.469585025777725,91.19511738014276,74.87780274599518,2023-03-09,3,3,0,80,16,12,1.2
17,snacks,56.469585025777725,91.19511738014276,90.58744060776786,2023-03-10,4,3,0,58,13,9,1.2
17,snacks,56.469585025777725,91.19511738014276,81.77721615760179,2023-03-11,5,3,1,46,21,5,1.2
17,snacks,56.469585025777725,91.19511738014276,65.83030642806372,2023-03-12,6,3,1,156,24,3,1.2
17,snacks,56.469585025777725,91.19511738014276,87.46622315939679,2023-03-13,0,3,0,186,6,7,1.2
17,snacks,56.469585025777725,91.19511738014276,89.52365701429379,2023-03-14,1,3,0,25,6,12,1.2
17,snacks,56.469585025777725,91.19511738014276,80.87151685895057,2023-03-15,2,3,0,81,10,7,1.2
17,snacks,56.469585025777725,91.19511738014276,72.86469196621982,2023-03-16,3,3,0,146,14,10,1.2
17,snacks,56.469585025777725,91.19511738014276,88.5150897465126,2023-03-17,4,3,0,89,8,12,1.2
17,snacks,56.469585025777725,91.19511738014276,85.83129343877864,2023-03-18,5,3,1,172,7,7,1.2
17,snacks,56.469585025777725,91.19511738014276,82.22471518439497,2023-03-19,6,3,1,134,10,7,1.2
17,snacks,56.469585025777725,91.19511738014276,85.92981948945206,2023-03-20,0,3,0,96,12,3,1.2
17,snacks,56.469585025777725,91.19511738014276,83.87161214448727,2023-03-21,1,3,0,31,14,7,1.2
17,snacks,56.469585025777725,91.19511738014276,81.37501889345218,2023-03-22,2,3,0,161,10,11,1.2
17,snacks,56.469585025777725,91.19511738014276,66.6789340825208,2023-03-23,3,3,0,134,20,7,1.2
17,snacks,56.469585025777725,91.19511738014276,80.59110557181502,2023-03-24,4,3,0,117,13,8,1.2
17,snacks,56.469585025777725,91.19511738014276,81.74741001491739,2023-03-25,5,3,1,118,6,7,1.2
17,snacks,56.469585025777725,91.19511738014276,66.22367596881294,2023-03-26,6,3,1,173,44,1,1.2
17,snacks,56.469585025777725,91.19511738014276,59.436039495529336,2023-03-27,0,3,0,196,28,2,1.2
17,snacks,56.469585025777725,91.19511738014276,64.25067933837666,2023-03-28,1,3,0,137,7,9,1.2
17,snacks,56.469585025777725,91.19511738014276,80.1431344842192,2023-03-29,2,3,0,62,11,8,1.2
17,snacks,56.469585025777725,91.19511738014276,87.5393757111446,2023-03-30,3,3,0,178,16,12,1.2
17,snacks,56.469585025777725,91.19511738014276,82.39325296778225,2023-03-31,4,3,0,30,11,14,1.2
17,snacks,56.469585025777725,91.19511738014276,60.85121233788543,2023-04-01,5,4,1,109,11,10,1.1732050807568877
17,snacks,56.469585025777725,91.19511738014276,90.77731745130468,2023-04-02,6,4,1,145,23,1,1.1732050807568877
17,snacks,56.469585025777725,91.19511738014276,71.14741550620951,2023-04-03,0,4,0,138,6,10,1.1732050807568877
17,snacks,56.469585025777725,91.19511738014276,89.96940767395142,2023-04-04,1,4,0,57,6,1,1.1732050807568877
17,snacks,56.469585025777725,91.19511738014276,74.99705429369713,2023-04-05,2,4,0,97,24,4,1.1732050807568877
17,snacks,56.469585025777725,91.19511738014276,80.8958572139813,2023-04-06,3,4,0,29,18,4,1.1732050807568877
17,snacks,56.469585025777725,91.19511738014276,72.75271773605826,2023-04-07,4,4,0,80,20,4,1.1732050807568877
17,snacks,56.469585025777725,91.19511738014276,62.23028776447467,2023-04-08,5,4,1,102,26,8,1.1732050807568877
17,snacks,56.469585025777725,91.19511738014276,67.56794709031817,2023-04-09,6,4,1,69,16,12,1.1732050807568877
17,snacks,56.469585025777725,91.19511738014276,76.00473399260834,2023-04-10,0,4,0,73,11,9,1.1732050807568877
17,snacks,56.469585025777725,91.19511738014276,83.43459453611248,2023-04-11,1,4,0,143,17,5,1.1732050807568877
17,snacks,56.469585025777725,91.19511738014276,83.55463960698125,2023-04-12,2,4,0,122,19,6,1.1732050807568877
17,snacks,56.469585025777725,91.19511738014276,85.61349941587719,2023-04-13,3,4,0,85,16,3,1.1732050807568877
17,snacks,56.469585025777725,91.19511738014276,68.80443717494349,2023-04-14,4,4,0,61,17,8,1.1732050807568877
17,snacks,56.469585025777725,91.19511738014276,88.79838808346507,2023-04-15,5,4,1,196,10,14,1.1732050807568877
17,snacks,56.469585025777725,91.19511738014276,76.0955361743602,2023-04-16,6,4,1,171,11,8,1.1732050807568877
17,snacks,56.469585025777725,91.19511738014276,83.96586409667991,2023-04-17,0,4,0,87,3,13,1.1732050807568877
17,snacks,56.469585025777725,91.19511738014276,84.46837651718442,2023-04-18,1,4,0,141,4,11,1.1732050807568877
17,snacks,56.469585025777725,91.19511738014276,60.58511932792385,2023-04-19,2,4,0,108,25,7,1.1732050807568877
17,snacks,56.469585025777725,91.19511738014276,84.80926599357097,2023-04-20,3,4,0,48,6,7,1.1732050807568877
17,snacks,56.469585025777725,91.19511738014276,61.1433404314617,2023-04-21,4,4,0,131,8,9,1.1732050807568877
17,snacks,56.469585025777725,91.19511738014276,77.0614721157818,2023-04-22,5,4,1,108,13,14,1.1732050807568877
17,snacks,56.469585025777725,91.19511738014276,75.01681732070323,2023-04-23,6,4,1,109,7,5,1.1732050807568877
17,snacks,56.469585025777725,91.19511738014276,74.99415438036172,2023-04-24,0,4,0,85,12,6,1.1732050807568877
17,snacks,56.469585025777725,91.19511738014276,70.3776798871003,2023-04-25,1,4,0,49,10,9,1.1732050807568877
17,snacks,56.469585025777725,91.19511738014276,80.19632579488166,2023-04-26,2,4,0,172,14,4,1.1732050807568877
17,snacks,56.469585025777725,91.19511738014276,72.83337673814621,2023-04-27,3,4,0,147,11,14,1.1732050807568877
17,snacks,56.469585025777725,91.19511738014276,75.3518544628115,2023-04-28,4,4,0,84,7,6,1.1732050807568877
17,snacks,56.469585025777725,91.19511738014276,86.7425691419426,2023-04-29,5,4,1,31,15,5,1.1732050807568877
17,snacks,56.469585025777725,91.19511738014276,60.65793877893544,2023-04-30,6,4,1,82,18,6,1.1732050807568877
17,snacks,56.469585025777725,91.19511738014276,61.256401066889985,2023-05-01,0,5,0,49,23,13,1.1
17,snacks,56.469585025777725,91.19511738014276,79.26167952997557,2023-05-02,1,5,0,120,5,11,1.1
17,snacks,56.469585025777725,91.19511738014276,83.75312966842722,2023-05-03,2,5,0,102,7,3,1.1
17,snacks,56.469585025777725,91.19511738014276,81.35442584806694,2023-05-04,3,5,0,64,26,2,1.1
17,snacks,56.469585025777725,91.19511738014276,63.740320286869235,2023-05-05,4,5,0,115,6,5,1.1
17,snacks,56.469585025777725,91.19511738014276,72.43346564048548,2023-05-06,5,5,1,118,14,5,1.1
17,snacks,56.469585025777725,91.19511738014276,60.56698309954017,2023-05-07,6,5,1,116,13,9,1.1
17,snacks,56.469585025777725,91.19511738014276,83.1004837947101,2023-05-08,0,5,0,117,14,3,1.1
17,snacks,56.469585025777725,91.19511738014276,69.46033333163808,2023-05-09,1,5,0,173,13,3,1.1
17,snacks,56.469585025777725,91.19511738014276,83.17363278871736,2023-05-10,2,5,0,168,15,1,1.1
17,snacks,56.469585025777725,91.19511738014276,60.340581879362766,2023-05-11,3,5,0,27,27,1,1.1
17,snacks,56.469585025777725,91.19511738014276,79.41076922691404,2023-05-12,4,5,0,196,6,11,1.1
17,snacks,56.469585025777725,91.19511738014276,61.2996478313316,2023-05-13,5,5,1,199,32,2,1.1
17,snacks,56.469585025777725,91.19511738014276,88.31769029264416,2023-05-14,6,5,1,135,16,5,1.1
17,snacks,56.469585025777725,91.19511738014276,89.34194449726591,2023-05-15,0,5,0,30,1,12,1.1
17,snacks,56.469585025777725,91.19511738014276,72.0493776030608,2023-05-16,1,5,0,32,17,12,1.1
17,snacks,56.469585025777725,91.19511738014276,73.7172284235576,2023-05-17,2,5,0,104,9,7,1.1
17,snacks,56.469585025777725,91.19511738014276,79.6500681080935,2023-05-18,3,5,0,181,9,9,1.1
17,snacks,56.469585025777725,91.19511738014276,86.96503635898344,2023-05-19,4,5,0,188,5,13,1.1
17,snacks,56.469585025777725,91.19511738014276,68.38159676381515,2023-05-20,5,5,1,153,18,2,1.1
17,snacks,56.469585025777725,91.19511738014276,76.03772515847558,2023-05-21,6,5,1,65,12,11,1.1
17,snacks,56.469585025777725,91.19511738014276,63.32632048938788,2023-05-22,0,5,0,128,22,9,1.1
17,snacks,56.469585025777725,91.19511738014276,67.49209074524816,2023-05-23,1,5,0,197,17,12,1.1
17,snacks,56.469585025777725,91.19511738014276,60.620292836827744,2023-05-24,2,5,0,114,20,10,1.1
17,snacks,56.469585025777725,91.19511738014276,73.68775916219515,2023-05-25,3,5,0,159,20,3,1.1
17,snacks,56.469585025777725,91.19511738014276,65.15812041906263,2023-05-26,4,5,0,131,22,4,1.1
17,snacks,56.469585025777725,91.19511738014276,70.19087774548314,2023-05-27,5,5,1,169,9,8,1.1
17,snacks,56.469585025777725,91.19511738014276,65.02207416528054,2023-05-28,6,5,1,161,18,11,1.1
17,snacks,56.469585025777725,91.19511738014276,90.88890662667606,2023-05-29,0,5,0,36,18,3,1.1
17,snacks,56.469585025777725,91.19511738014276,62.15465601353255,2023-05-30,1,5,0,151,19,11,1.1
17,snacks,56.469585025777725,91.19511738014276,85.42526859740065,2023-05-31,2,5,0,111,9,11,1.1
17,snacks,56.469585025777725,91.19511738014276,67.96208086010569,2023-06-01,3,6,0,78,14,7,1.0
17,snacks,56.469585025777725,91.19511738014276,75.68965125276691,2023-06-02,4,6,0,131,7,8,1.0
17,snacks,56.469585025777725,91.19511738014276,66.30017615328825,2023-06-03,5,6,1,71,6,13,1.0
17,snacks,56.469585025777725,91.19511738014276,90.45905771400933,2023-06-04,6,6,1,160,17,8,1.0
17,snacks,56.469585025777725,91.19511738014276,80.9646247068069,2023-06-05,0,6,0,96,5,12,1.0
17,snacks,56.469585025777725,91.19511738014276,69.6761010903861,2023-06-06,1,6,0,140,12,11,1.0
17,snacks,56.469585025777725,91.19511738014276,81.43372544335593,2023-06-07,2,6,0,95,8,13,1.0
17,snacks,56.469585025777725,91.19511738014276,72.34057343762485,2023-06-08,3,6,0,126,16,12,1.0
17,snacks,56.469585025777725,91.19511738014276,83.47283429480802,2023-06-09,4,6,0,131,14,6,1.0
17,snacks,56.469585025777725,91.19511738014276,69.95675220968639,2023-06-10,5,6,1,184,16,7,1.0
17,snacks,56.469585025777725,91.19511738014276,66.26169276843825,2023-06-11,6,6,1,169,25,7,1.0
17,snacks,56.469585025777725,91.19511738014276,82.36276059670084,2023-06-12,0,6,0,97,12,11,1.0
17,snacks,56.469585025777725,91.19511738014276,69.82760792556606,2023-06-13,1,6,0,138,12,6,1.0
17,snacks,56.469585025777725,91.19511738014276,64.72437050486634,2023-06-14,2,6,0,180,16,4,1.0
17,snacks,56.469585025777725,91.19511738014276,87.22820515054977,2023-06-15,3,6,0,87,7,13,1.0
17,snacks,56.469585025777725,91.19511738014276,64.74048503053919,2023-06-16,4,6,0,192,12,10,1.0
17,snacks,56.469585025777725,91.19511738014276,72.19681525000408,2023-06-17,5,6,1,125,19,1,1.0
17,snacks,56.469585025777725,91.19511738014276,77.13892107713136,2023-06-18,6,6,1,170,7,11,1.0
17,snacks,56.469585025777725,91.19511738014276,89.85103794004812,2023-06-19,0,6,0,129,10,3,1.0
17,snacks,56.469585025777725,91.19511738014276,86.22287805925444,2023-06-20,1,6,0,130,7,5,1.0
17,snacks,56.469585025777725,91.19511738014276,65.7898740405507,2023-06-21,2,6,0,91,11,10,1.0
17,snacks,56.469585025777725,91.19511738014276,77.93507421248778,2023-06-22,3,6,0,92,7,6,1.0
17,snacks,56.469585025777725,91.19511738014276,67.43176910274767,2023-06-23,4,6,0,173,8,12,1.0
17,snacks,56.469585025777725,91.19511738014276,72.33008335590482,2023-06-24,5,6,1,144,14,13,1.0
17,snacks,56.469585025777725,91.19511738014276,63.577413166783785,2023-06-25,6,6,1,131,36,1,1.0
17,snacks,56.469585025777725,91.19511738014276,65.35434300303699,2023-06-26,0,6,0,24,3,13,1.0
17,snacks,56.469585025777725,91.19511738014276,88.49992757334122,2023-06-27,1,6,0,48,9,4,1.0
17,snacks,56.469585025777725,91.19511738014276,75.89318074793472,2023-06-28,2,6,0,181,20,3,1.0
17,snacks,56.469585025777725,91.19511738014276,76.56593570171012,2023-06-29,3,6,0,129,3,5,1.0
18,beverages,26.933351369190003,33.98206214452836,30.736313248645487,2023-01-01,6,1,1,124,18,13,1.1
18,beverages,26.933351369190003,33.98206214452836,33.15659977721724,2023-01-02,0,1,0,130,20,5,1.1
18,beverages,26.933351369190003,33.98206214452836,33.708805009288234,2023-01-03,1,1,0,83,13,8,1.1
18,beverages,26.933351369190003,33.98206214452836,33.25569126165003,2023-01-04,2,1,0,162,13,4,1.1
18,beverages,26.933351369190003,33.98206214452836,31.226004653628102,2023-01-05,3,1,0,99,16,10,1.1
18,beverages,26.933351369190003,33.98206214452836,33.32173401587707,2023-01-06,4,1,0,199,18,6,1.1
18,beverages,26.933351369190003,33.98206214452836,30.293720598164015,2023-01-07,5,1,1,160,28,14,1.1
18,beverages,26.933351369190003,33.98206214452836,33.04582296979497,2023-01-08,6,1,1,65,4,9,1.1
18,beverages,26.933351369190003,33.98206214452836,28.376345578176448,2023-01-09,0,1,0,78,23,4,1.1
18,beverages,26.933351369190003,33.98206214452836,30.81517927451402,2023-01-10,1,1,0,52,18,12,1.1
18,beverages,26.933351369190003,33.98206214452836,31.34853602747195,2023-01-11,2,1,0,81,15,11,1.1
18,beverages,26.933351369190003,33.98206214452836,31.86983942654402,2023-01-12,3,1,0,42,6,14,1.1
18,beverages,26.933351369190003,33.98206214452836,33.05228039227116,2023-01-13,4,1,0,62,10,9,1.1
18,beverages,26.933351369190003,33.98206214452836,33.785103185547825,2023-01-14,5,1,1,153,25,3,1.1
18,beverages,26.933351369190003,33.98206214452836,29.081759307631803,2023-01-15,6,1,1,165,20,8,1.1
18,beverages,26.933351369190003,33.98206214452836,32.111722814884125,2023-01-16,0,1,0,35,8,8,1.1
18,beverages,26.933351369190003,33.98206214452836,31.04998094691842,2023-01-17,1,1,0,106,30,2,1.1
18,beverages,26.933351369190003,33.98206214452836,29.954056932863875,2023-01-18,2,1,0,69,10,3,1.1
18,beverages,26.933351369190003,33.98206214452836,31.12148796311919,2023-01-19,3,1,0,140,19,12,1.1
18,beverages,26.933351369190003,33.98206214452836,29.485843022712867,2023-01-20,4,1,0,173,15,8,1.1
18,beverages,26.933351369190003,33.98206214452836,33.357702596340395,2023-01-21,5,1,1,92,28,5,1.1
18,beverages,26.933351369190003,33.98206214452836,29.813202061466328,2023-01-22,6,1,1,167,15,14,1.1
18,beverages,26.933351369190003,33.98206214452836,33.586956233284695,2023-01-23,0,1,0,22,12,8,1.1
18,beverages,26.933351369190003,33.98206214452836,30.53151041562844,2023-01-24,1,1,0,73,12,13,1.1
18,beverages,26.933351369190003,33.98206214452836,33.91797349330966,2023-01-25,2,1,0,66,13,11,1.1
18,beverages,26.933351369190003,33.98206214452836,33.37010548683736,2023-01-26,3,1,0,134,17,6,1.1
18,beverages,26.933351369190003,33.98206214452836,29.475044496893986,2023-01-27,4,1,0,60,20,12,1.1
18,beverages,26.933351369190003,33.98206214452836,28.98270833922678,2023-01-28,5,1,1,112,18,10,1.1
18,beverages,26.933351369190003,33.98206214452836,28.52427919393612,2023-01-29,6,1,1,68,10,7,1.1
18,beverages,26.933351369190003,33.98206214452836,28.93188833060156,2023-01-30,0,1,0,186,16,1,1.1
18,beverages,26.933351369190003,33.98206214452836,32.96932848258153,2023-01-31,1,1,0,39,15,10,1.1
18,beverages,26.933351369190003,33.98206214452836,30.940788276920166,2023-02-01,2,2,0,45,10,10,1.1732050807568877
18,beverages,26.933351369190003,33.98206214452836,28.70963435143577,2023-02-02,3,2,0,118,25,4,1.1732050807568877
18,beverages,26.933351369190003,33.98206214452836,28.80950766454146,2023-02-03,4,2,0,115,15,3,1.1732050807568877
18,beverages,26.933351369190003,33.98206214452836,30.168471626094757,2023-02-04,5,2,1,37,4,13,1.1732050807568877
18,beverages,26.933351369190003,33.98206214452836,29.19528477095011,2023-02-05,6,2,1,119,20,1,1.1732050807568877
18,beverages,26.933351369190003,33.98206214452836,32.359740644561356,2023-02-06,0,2,0,53,16,2,1.1732050807568877
18,beverages,26.933351369190003,33.98206214452836,28.675263254928062,2023-02-07,1,2,0,103,16,10,1.1732050807568877
18,beverages,26.933351369190003,33.98206214452836,32.496971541433325,2023-02-08,2,2,0,48,12,7,1.1732050807568877
18,beverages,26.933351369190003,33.98206214452836,30.35434272192719,2023-02-09,3,2,0,80,14,9,1.1732050807568877
18,beverages,26.933351369190003,33.98206214452836,32.4919018823409,2023-02-10,4,2,0,56,11,7,1.1732050807568877
18,beverages,26.933351369190003,33.98206214452836,33.61599001001948,2023-02-11,5,2,1,113,10,14,1.1732050807568877
18,beverages,26.933351369190003,33.98206214452836,31.334087446193326,2023-02-12,6,2,1,176,26,9,1.1732050807568877
18,beverages,26.933351369190003,33.98206214452836,31.99749078166165,2023-02-13,0,2,0,165,20,6,1.1732050807568877
18,beverages,26.933351369190003,33.98206214452836,32.20064373825148,2023-02-14,1,2,0,163,13,12,1.1732050807568877
18,beverages,26.933351369190003,33.98206214452836,30.66777517786543,2023-02-15,2,2,0,183,8,14,1.1732050807568877
18,beverages,26.933351369190003,33.98206214452836,32.749921202165176,2023-02-16,3,2,0,82,19,5,1.1732050807568877
18,beverages,26.933351369190003,33.98206214452836,32.90756165710464,2023-02-17,4,2,0,97,17,2,1.1732050807568877
18,beverages,26.933351369190003,33.98206214452836,32.66337794412653,2023-02-18,5,2,1,34,12,3,1.1732050807568877
18,beverages,26.933351369190003,33.98206214452836,30.741315938285688,2023-02-19,6,2,1,180,22,11,1.1732050807568877
18,beverages,26.933351369190003,33.98206214452836,29.707806644284204,2023-02-20,0,2,0,130,20,1,1.1732050807568877
18,beverages,26.933351369190003,33.98206214452836,29.45027165566824,2023-02-21,1,2,0,185,23,9,1.1732050807568877
18,beverages,26.933351369190003,33.98206214452836,29.757408099563076,2023-02-22,2,2,0,40,27,6,1.1732050807568877
18,beverages,26.933351369190003,33.98206214452836,30.861478881146088,2023-02-23,3,2,0,179,17,11,1.1732050807568877
18,beverages,26.933351369190003,33.98206214452836,32.08759264498524,2023-02-24,4,2,0,148,17,3,1.1732050807568877
18,beverages,26.933351369190003,33.98206214452836,32.603910880125405,2023-02-25,5,2,1,121,6,3,1.1732050807568877
18,beverages,26.933351369190003,33.98206214452836,32.821329393235374,2023-02-26,6,2,1,43,25,12,1.1732050807568877
18,beverages,26.933351369190003,33.98206214452836,31.399012910263192,2023-02-27,0,2,0,110,19,3,1.1732050807568877
18,beverages,26.933351369190003,33.98206214452836,33.74207769123667,2023-02-28,1,2,0,196,28,1,1.1732050807568877
18,beverages,26.933351369190003,33.98206214452836,31.901389643098263,2023-03-01,2,3,0,180,18,9,1.2
18,beverages,26.933351369190003,33.98206214452836,30.39521835926621,2023-03-02,3,3,0,178,40,1,1.2
18,beverages,26.933351369190003,33.98206214452836,30.070505694861456,2023-03-03,4,3,0,61,15,14,1.2
18,beverages,26.933351369190003,33.98206214452836,29.598541945679536,2023-03-04,5,3,1,88,18,9,1.2
18,beverages,26.933351369190003,33.98206214452836,32.174181988182205,2023-03-05,6,3,1,142,17,6,1.2
18,beverages,26.933351369190003,33.98206214452836,30.970487967035833,2023-03-06,0,3,0,180,12,9,1.2
18,beverages,26.933351369190003,33.98206214452836,29.18435161946285,2023-03-07,1,3,0,80,23,3,1.2
18,beverages,26.933351369190003,33.98206214452836,31.602034651562818,2023-03-08,2,3,0,122,18,2,1.2
18,beverages,26.933351369190003,33.98206214452836,33.24267269687812,2023-03-09,3,3,0,40,19,3,1.2
18,beverages,26.933351369190003,33.98206214452836,30.970055617091948,2023-03-10,4,3,0,87,15,11,1.2
18,beverages,26.933351369190003,33.98206214452836,29.380582465088956,2023-03-11,5,3,1,107,20,10,1.2
18,beverages,26.933351369190003,33.98206214452836,32.247863345590275,2023-03-12,6,3,1,92,25,1,1.2
18,beverages,26.933351369190003,33.98206214452836,28.720870622780712,2023-03-13,0,3,0,63,18,14,1.2
18,beverages,26.933351369190003,33.98206214452836,31.262115165607902,2023-03-14,1,3,0,55,15,2,1.2
18,beverages,26.933351369190003,33.98206214452836,32.09996788607968,2023-03-15,2,3,0,145,10,8,1.2
18,beverages,26.933351369190003,33.98206214452836,28.959457559725266,2023-03-16,3,3,0,103,7,14,1.2
18,beverages,26.933351369190003,33.98206214452836,31.67486359793622,2023-03-17,4,3,0,37,12,8,1.2
18,beverages,26.933351369190003,33.98206214452836,28.715288067507462,2023-03-18,5,3,1,45,18,14,1.2
18,beverages,26.933351369190003,33.98206214452836,29.56714553254783,2023-03-19,6,3,1,48,12,2,1.2
18,beverages,26.933351369190003,33.98206214452836,30.986469359728886,2023-03-20,0,3,0,132,14,6,1.2
18,beverages,26.933351369190003,33.98206214452836,30.953951292505664,2023-03-21,1,3,0,105,18,13,1.2
18,beverages,26.933351369190003,33.98206214452836,32.10369536113571,2023-03-22,2,3,0,136,14,9,1.2
18,beverages,26.933351369190003,33.98206214452836,31.208144007890652,2023-03-23,3,3,0,132,19,4,1.2
18,beverages,26.933351369190003,33.98206214452836,30.95029117468678,2023-03-24,4,3,0,122,20,1,1.2
18,beverages,26.933351369190003,33.98206214452836,28.436740706116062,2023-03-25,5,3,1,94,29,10,1.2
18,beverages,26.933351369190003,33.98206214452836,32.78452786446748,2023-03-26,6,3,1,127,45,1,1.2
18,beverages,26.933351369190003,33.98206214452836,29.573004259242648,2023-03-27,0,3,0,31,6,6,1.2
18,beverages,26.933351369190003,33.98206214452836,30.40985811155465,2023-03-28,1,3,0,56,14,6,1.2
18,beverages,26.933351369190003,33.98206214452836,32.51594182283856,2023-03-29,2,3,0,60,12,14,1.2
18,beverages,26.933351369190003,33.98206214452836,31.703941148460828,2023-03-30,3,3,0,72,20,6,1.2
18,beverages,26.933351369190003,33.98206214452836,30.163217855689812,2023-03-31,4,3,0,64,17,2,1.2
18,beverages,26.933351369190003,33.98206214452836,32.562389431853646,2023-04-01,5,4,1,87,20,3,1.1732050807568877
18,beverages,26.933351369190003,33.98206214452836,28.899006278007338,2023-04-02,6,4,1,75,15,7,1.1732050807568877
18,beverages,26.933351369190003,33.98206214452836,33.70550985144487,2023-04-03,0,4,0,78,15,5,1.1732050807568877
18,beverages,26.933351369190003,33.98206214452836,31.210055802374715,2023-04-04,1,4,0,85,7,7,1.1732050807568877
18,beverages,26.933351369190003,33.98206214452836,32.66413613975501,2023-04-05,2,4,0,148,25,3,1.1732050807568877
18,beverages,26.933351369190003,33.98206214452836,29.665601711309513,2023-04-06,3,4,0,144,12,9,1.1732050807568877
18,beverages,26.933351369190003,33.98206214452836,32.94491627823111,2023-04-07,4,4,0,147,12,13,1.1732050807568877
18,beverages,26.933351369190003,33.98206214452836,31.25550174300862,2023-04-08,5,4,1,122,11,11,1.1732050807568877
18,beverages,26.933351369190003,33.98206214452836,31.06386681823827,2023-04-09,6,4,1,124,27,9,1.1732050807568877
18,beverages,26.933351369190003,33.98206214452836,28.962710395529093,2023-04-10,0,4,0,158,22,4,1.1732050807568877
18,beverages,26.933351369190003,33.98206214452836,28.611599139647545,2023-04-11,1,4,0,72,14,14,1.1732050807568877
18,beverages,26.933351369190003,33.98206214452836,33.217084440801756,2023-04-12,2,4,0,81,18,9,1.1732050807568877
18,beverages,26.933351369190003,33.98206214452836,33.74938164119277,2023-04-13,3,4,0,43,4,12,1.1732050807568877
18,beverages,26.933351369190003,33.98206214452836,33.01224740850497,2023-04-14,4,4,0,138,14,3,1.1732050807568877
18,beverages,26.933351369190003,33.98206214452836,31.43578528203909,2023-04-15,5,4,1,39,35,3,1.1732050807568877
18,beverages,26.933351369190003,33.98206214452836,33.48066919816072,2023-04-16,6,4,1,34,12,14,1.1732050807568877
18,beverages,26.933351369190003,33.98206214452836,28.65515774021818,2023-04-17,0,4,0,140,21,10,1.1732050807568877
18,beverages,26.933351369190003,33.98206214452836,30.141757937522453,2023-04-18,1,4,0,72,11,7,1.1732050807568877
18,beverages,26.933351369190003,33.98206214452836,31.76179332015862,2023-04-19,2,4,0,193,23,2,1.1732050807568877
18,beverages,26.933351369190003,33.98206214452836,31.50529567911796,2023-04-20,3,4,0,119,20,5,1.1732050807568877
18,beverages,26.933351369190003,33.98206214452836,31.551988573311885,2023-04-21,4,4,0,157,11,9,1.1732050807568877
18,beverages,26.933351369190003,33.98206214452836,29.61343244203305,2023-04-22,5,4,1,38,5,6,1.1732050807568877
18,beverages,26.933351369190003,33.98206214452836,31.748682448015373,2023-04-23,6,4,1,98,20,11,1.1732050807568877
18,beverages,26.933351369190003,33.98206214452836,30.601235041513934,2023-04-24,0,4,0,29,19,5,1.1732050807568877
18,beverages,26.933351369190003,33.98206214452836,33.11551067924018,2023-04-25,1,4,0,126,15,11,1.1732050807568877
18,beverages,26.933351369190003,33.98206214452836,32.249473079941716,2023-04-26,2,4,0,81,22,7,1.1732050807568877
18,beverages,26.933351369190003,33.98206214452836,30.243613813858616,2023-04-27,3,4,0,40,15,6,1.1732050807568877
18,beverages,26.933351369190003,33.98206214452836,28.651632474133912,2023-04-28,4,4,0,88,10,13,1.1732050807568877
18,beverages,26.933351369190003,33.98206214452836,33.02322236825775,2023-04-29,5,4,1,163,15,4,1.1732050807568877
18,beverages,26.933351369190003,33.98206214452836,28.71388382066904,2023-04-30,6,4,1,67,9,2,1.1732050807568877
18,beverages,26.933351369190003,33.98206214452836,33.94437094749582,2023-05-01,0,5,0,163,10,3,1.1
18,beverages,26.933351369190003,33.98206214452836,31.622046537347593,2023-05-02,1,5,0,26,26,1,1.1
18,beverages,26.933351369190003,33.98206214452836,28.568550233346038,2023-05-03,2,5,0,37,25,1,1.1
18,beverages,26.933351369190003,33.98206214452836,33.84653174326411,2023-05-04,3,5,0,44,14,1,1.1
18,beverages,26.933351369190003,33.98206214452836,33.48519015738532,2023-05-05,4,5,0,25,5,14,1.1
18,beverages,26.933351369190003,33.98206214452836,30.20850645740558,2023-05-06,5,5,1,45,5,6,1.1
18,beverages,26.933351369190003,33.98206214452836,29.147393240080905,2023-05-07,6,5,1,161,28,5,1.1
18,beverages,26.933351369190003,33.98206214452836,29.578297916328538,2023-05-08,0,5,0,85,8,1,1.1
18,beverages,26.933351369190003,33.98206214452836,32.098455815248855,2023-05-09,1,5,0,125,15,12,1.1
18,beverages,26.933351369190003,33.98206214452836,29.50073888755341,2023-05-10,2,5,0,170,15,10,1.1
18,beverages,26.933351369190003,33.98206214452836,31.320007756084195,2023-05-11,3,5,0,170,16,8,1.1
18,beverages,26.933351369190003,33.98206214452836,32.98912784741359,2023-05-12,4,5,0,53,8,6,1.1
18,beverages,26.933351369190003,33.98206214452836,32.74099195927608,2023-05-13,5,5,1,123,12,13,1.1
18,beverages,26.933351369190003,33.98206214452836,33.05330835845488,2023-05-14,6,5,1,163,14,9,1.1
18,beverages,26.933351369190003,33.98206214452836,30.694359308628332,2023-05-15,0,5,0,86,9,4,1.1
18,beverages,26.933351369190003,33.98206214452836,28.356453767694543,2023-05-16,1,5,0,28,22,11,1.1
18,beverages,26.933351369190003,33.98206214452836,33.00776559491183,2023-05-17,2,5,0,144,8,12,1.1
18,beverages,26.933351369190003,33.98206214452836,31.257913992346918,2023-05-18,3,5,0,176,5,5,1.1
18,beverages,26.933351369190003,33.98206214452836,31.433229345398093,2023-05-19,4,5,0,32,11,11,1.1
18,beverages,26.933351369190003,33.98206214452836,32.18277698489378,2023-05-20,5,5,1,86,30,1,1.1
18,beverages,26.933351369190003,33.98206214452836,32.80953046354583,2023-05-21,6,5,1,180,17,10,1.1
18,beverages,26.933351369190003,33.98206214452836,30.047662896426708,2023-05-22,0,5,0,154,9,1,1.1
18,beverages,26.933351369190003,33.98206214452836,31.449621590367407,2023-05-23,1,5,0,113,6,8,1.1
18,beverages,26.933351369190003,33.98206214452836,30.56337492086654,2023-05-24,2,5,0,61,14,2,1.1
18,beverages,26.933351369190003,33.98206214452836,32.791245656977836,2023-05-25,3,5,0,69,15,14,1.1
18,beverages,26.933351369190003,33.98206214452836,31.766443373702984,2023-05-26,4,5,0,151,23,4,1.1
18,beverages,26.933351369190003,33.98206214452836,30.90634261491985,2023-05-27,5,5,1,68,25,3,1.1
18,beverages,26.933351369190003,33.98206214452836,31.37507304789081,2023-05-28,6,5,1,198,21,8,1.1
18,beverages,26.933351369190003,33.98206214452836,30.961861422658437,2023-05-29,0,5,0,193,16,14,1.1
18,beverages,26.933351369190003,33.98206214452836,28.476704240228912,2023-05-30,1,5,0,117,24,6,1.1
18,beverages,26.933351369190003,33.98206214452836,33.6931755867175,2023-05-31,2,5,0,103,10,2,1.1
18,beverages,26.933351369190003,33.98206214452836,31.546525644020534,2023-06-01,3,6,0,116,19,6,1.0
18,beverages,26.933351369190003,33.98206214452836,29.598697966457326,2023-06-02,4,6,0,91,9,9,1.0
18,beverages,26.933351369190003,33.98206214452836,32.66258878768436,2023-06-03,5,6,1,123,22,7,1.0
18,beverages,26.933351369190003,33.98206214452836,32.78125718974247,2023-06-04,6,6,1,32,22,10,1.0
18,beverages,26.933351369190003,33.98206214452836,33.04946957833833,2023-06-05,0,6,0,199,17,5,1.0
18,beverages,26.933351369190003,33.98206214452836,31.779399813497406,2023-06-06,1,6,0,114,12,10,1.0
18,beverages,26.933351369190003,33.98206214452836,31.396195322928584,2023-06-07,2,6,0,78,6,13,1.0
18,beverages,26.933351369190003,33.98206214452836,31.73564786873467,2023-06-08,3,6,0,76,20,2,1.0
18,beverages,26.933351369190003,33.98206214452836,32.92760604932492,2023-06-09,4,6,0,156,7,12,1.0
18,beverages,26.933351369190003,33.98206214452836,30.237343098778826,2023-06-10,5,6,1,150,21,9,1.0
18,beverages,26.933351369190003,33.98206214452836,31.817958536152975,2023-06-11,6,6,1,128,7,8,1.0
18,beverages,26.933351369190003,33.98206214452836,30.010822310105343,2023-06-12,0,6,0,192,11,5,1.0
18,beverages,26.933351369190003,33.98206214452836,28.6966823580389,2023-06-13,1,6,0,86,19,14,1.0
18,beverages,26.933351369190003,33.98206214452836,30.35977664275024,2023-06-14,2,6,0,165,7,12,1.0
18,beverages,26.933351369190003,33.98206214452836,29.945095955380435,2023-06-15,3,6,0,108,18,7,1.0
18,beverages,26.933351369190003,33.98206214452836,32.4109235727028,2023-06-16,4,6,0,158,10,1,1.0
18,beverages,26.933351369190003,33.98206214452836,30.924750418351536,2023-06-17,5,6,1,69,4,11,1.0
18,beverages,26.933351369190003,33.98206214452836,33.92346162192541,2023-06-18,6,6,1,86,18,5,1.0
18,beverages,26.933351369190003,33.98206214452836,32.82777217851956,2023-06-19,0,6,0,82,21,3,1.0
18,beverages,26.933351369190003,33.98206214452836,33.150683973093116,2023-06-20,1,6,0,127,9,9,1.0
18,beverages,26.933351369190003,33.98206214452836,29.144921092778752,2023-06-21,2,6,0,152,12,7,1.0
18,beverages,26.933351369190003,33.98206214452836,31.680304706836115,2023-06-22,3,6,0,65,10,8,1.0
18,beverages,26.933351369190003,33.98206214452836,31.950046606914693,2023-06-23,4,6,0,89,11,7,1.0
18,beverages,26.933351369190003,33.98206214452836,28.861239074271865,2023-06-24,5,6,1,180,12,10,1.0
18,beverages,26.933351369190003,33.98206214452836,29.531136388965884,2023-06-25,6,6,1,26,24,14,1.0
18,beverages,26.933351369190003,33.98206214452836,31.651830456763616,2023-06-26,0,6,0,157,7,4,1.0
18,beverages,26.933351369190003,33.98206214452836,33.385051593334346,2023-06-27,1,6,0,22,16,3,1.0
18,beverages,26.933351369190003,33.98206214452836,33.75220833021344,2023-06-28,2,6,0,95,11,8,1.0
18,beverages,26.933351369190003,33.98206214452836,29.718412995591425,2023-06-29,3,6,0,60,10,6,1.0
19,snacks,59.58213759530972,75.45755220935075,66.2863574509511,2023-01-01,6,1,1,117,8,8,1.1
19,snacks,59.58213759530972,75.45755220935075,63.40549290599623,2023-01-02,0,1,0,161,5,9,1.1
19,snacks,59.58213759530972,75.45755220935075,70.49540762832518,2023-01-03,1,1,0,38,8,11,1.1
19,snacks,59.58213759530972,75.45755220935075,65.16019872147511,2023-01-04,2,1,0,198,8,10,1.1
19,snacks,59.58213759530972,75.45755220935075,63.65157213150152,2023-01-05,3,1,0,195,14,2,1.1
19,snacks,59.58213759530972,75.45755220935075,71.34334541043982,2023-01-06,4,1,0,186,15,12,1.1
19,snacks,59.58213759530972,75.45755220935075,72.04902590284347,2023-01-07,5,1,1,121,24,9,1.1
19,snacks,59.58213759530972,75.45755220935075,68.43142899781547,2023-01-08,6,1,1,198,15,9,1.1
19,snacks,59.58213759530972,75.45755220935075,73.4275235095763,2023-01-09,0,1,0,197,15,3,1.1
19,snacks,59.58213759530972,75.45755220935075,70.41162010572347,2023-01-10,1,1,0,128,22,3,1.1
19,snacks,59.58213759530972,75.45755220935075,63.9604725217632,2023-01-11,2,1,0,79,14,4,1.1
19,snacks,59.58213759530972,75.45755220935075,69.85262548810708,2023-01-12,3,1,0,121,22,3,1.1
19,snacks,59.58213759530972,75.45755220935075,72.26595669757543,2023-01-13,4,1,0,47,19,4,1.1
19,snacks,59.58213759530972,75.45755220935075,74.67342359203782,2023-01-14,5,1,1,58,18,9,1.1
19,snacks,59.58213759530972,75.45755220935075,65.07852397180457,2023-01-15,6,1,1,44,10,3,1.1
19,snacks,59.58213759530972,75.45755220935075,65.13066308896587,2023-01-16,0,1,0,142,13,9,1.1
19,snacks,59.58213759530972,75.45755220935075,75.24040791850776,2023-01-17,1,1,0,112,17,1,1.1
19,snacks,59.58213759530972,75.45755220935075,68.87907008921324,2023-01-18,2,1,0,37,15,9,1.1
19,snacks,59.58213759530972,75.45755220935075,73.10519535442793,2023-01-19,3,1,0,49,20,2,1.1
19,snacks,59.58213759530972,75.45755220935075,67.6152290786566,2023-01-20,4,1,0,156,16,6,1.1
19,snacks,59.58213759530972,75.45755220935075,69.35742091833494,2023-01-21,5,1,1,120,23,8,1.1
19,snacks,59.58213759530972,75.45755220935075,73.70916918650627,2023-01-22,6,1,1,171,17,3,1.1
19,snacks,59.58213759530972,75.45755220935075,64.6562564737555,2023-01-23,0,1,0,89,20,7,1.1
19,snacks,59.58213759530972,75.45755220935075,64.8469370232004,2023-01-24,1,1,0,53,16,12,1.1
19,snacks,59.58213759530972,75.45755220935075,66.31375414034903,2023-01-25,2,1,0,131,15,11,1.1
19,snacks,59.58213759530972,75.45755220935075,62.71520446510843,2023-01-26,3,1,0,40,15,11,1.1
19,snacks,59.58213759530972,75.45755220935075,63.50051776125719,2023-01-27,4,1,0,77,23,6,1.1
19,snacks,59.58213759530972,75.45755220935075,74.657878819894,2023-01-28,5,1,1,199,4,9,1.1
19,snacks,59.58213759530972,75.45755220935075,72.78944380757815,2023-01-29,6,1,1,151,15,8,1.1
19,snacks,59.58213759530972,75.45755220935075,64.77455203536641,2023-01-30,0,1,0,181,11,11,1.1
19,snacks,59.58213759530972,75.45755220935075,63.475694862264746,2023-01-31,1,1,0,172,14,9,1.1
19,snacks,59.58213759530972,75.45755220935075,72.30391120865318,2023-02-01,2,2,0,22,9,14,1.1732050807568877
19,snacks,59.58213759530972,75.45755220935075,72.35071511154545,2023-02-02,3,2,0,181,19,14,1.1732050807568877
19,snacks,59.58213759530972,75.45755220935075,67.24426062108644,2023-02-03,4,2,0,105,13,13,1.1732050807568877
19,snacks,59.58213759530972,75.45755220935075,66.94149919092833,2023-02-04,5,2,1,192,14,14,1.1732050807568877
19,snacks,59.58213759530972,75.45755220935075,71.31661091720983,2023-02-05,6,2,1,178,9,13,1.1732050807568877
19,snacks,59.58213759530972,75.45755220935075,73.3531958329989,2023-02-06,0,2,0,98,10,8,1.1732050807568877
19,snacks,59.58213759530972,75.45755220935075,71.14216017182034,2023-02-07,1,2,0,38,5,14,1.1732050807568877
19,snacks,59.58213759530972,75.45755220935075,75.27408501780755,2023-02-08,2,2,0,183,7,11,1.1732050807568877
19,snacks,59.58213759530972,75.45755220935075,63.38660923726909,2023-02-09,3,2,0,26,13,14,1.1732050807568877
19,snacks,59.58213759530972,75.45755220935075,70.50265922235057,2023-02-10,4,2,0,152,8,4,1.1732050807568877
19,snacks,59.58213759530972,75.45755220935075,67.03586345230832,2023-02-11,5,2,1,150,12,10,1.1732050807568877
19,snacks,59.58213759530972,75.45755220935075,69.81260055934605,2023-02-12,6,2,1,33,6,13,1.1732050807568877
19,snacks,59.58213759530972,75.45755220935075,67.61635353314718,2023-02-13,0,2,0,98,12,12,1.1732050807568877
19,snacks,59.58213759530972,75.45755220935075,72.7375939001487,2023-02-14,1,2,0,99,9,10,1.1732050807568877
19,snacks,59.58213759530972,75.45755220935075,66.2387077270519,2023-02-15,2,2,0,142,10,9,1.1732050807568877
19,snacks,59.58213759530972,75.45755220935075,65.2754299937764,2023-02-16,3,2,0,21,8,14,1.1732050807568877
19,snacks,59.58213759530972,75.45755220935075,66.12591987401686,2023-02-17,4,2,0,169,12,6,1.1732050807568877
19,snacks,59.58213759530972,75.45755220935075,68.17061096240599,2023-02-18,5,2,1,138,25,12,1.1732050807568877
19,snacks,59.58213759530972,75.45755220935075,70.07813563751635,2023-02-19,6,2,1,37,16,13,1.1732050807568877
19,snacks,59.58213759530972,75.45755220935075,71.78665964218047,2023-02-20,0,2,0,196,30,1,1.1732050807568877
19,snacks,59.58213759530972,75.45755220935075,63.39787487243869,2023-02-21,1,2,0,97,22,9,1.1732050807568877
19,snacks,59.58213759530972,75.45755220935075,72.7826923971036,2023-02-22,2,2,0,73,5,7,1.1732050807568877
19,snacks,59.58213759530972,75.45755220935075,69.79276129079122,2023-02-23,3,2,0,58,5,6,1.1732050807568877
19,snacks,59.58213759530972,75.45755220935075,71.98538000038292,2023-02-24,4,2,0,93,14,4,1.1732050807568877
19,snacks,59.58213759530972,75.45755220935075,69.8545175934303,2023-02-25,5,2,1,144,25,7,1.1732050807568877
19,snacks,59.58213759530972,75.45755220935075,74.06305129719254,2023-02-26,6,2,1,167,20,14,1.1732050807568877
19,snacks,59.58213759530972,75.45755220935075,63.14774213024226,2023-02-27,0,2,0,150,3,14,1.1732050807568877
19,snacks,59.58213759530972,75.45755220935075,66.15537908012354,2023-02-28,1,2,0,143,10,10,1.1732050807568877
19,snacks,59.58213759530972,75.45755220935075,65.81487444895865,2023-03-01,2,3,0,50,9,4,1.2
19,snacks,59.58213759530972,75.45755220935075,64.04766296181032,2023-03-02,3,3,0,43,4,13,1.2
19,snacks,59.58213759530972,75.45755220935075,75.26855319160993,2023-03-03,4,3,0,59,25,1,1.2
19,snacks,59.58213759530972,75.45755220935075,63.55254629492869,2023-03-04,5,3,1,79,37,2,1.2
19,snacks,59.58213759530972,75.45755220935075,66.76245039601238,2023-03-05,6,3,1,145,22,14,1.2
19,snacks,59.58213759530972,75.45755220935075,69.45954118052305,2023-03-06,0,3,0,109,21,12,1.2
19,snacks,59.58213759530972,75.45755220935075,66.61185164216613,2023-03-07,1,3,0,142,21,4,1.2
19,snacks,59.58213759530972,75.45755220935075,65.19791169485067,2023-03-08,2,3,0,112,18,2,1.2
19,snacks,59.58213759530972,75.45755220935075,63.04294265203821,2023-03-09,3,3,0,193,22,8,1.2
19,snacks,59.58213759530972,75.45755220935075,70.14394132188858,2023-03-10,4,3,0,144,14,5,1.2
19,snacks,59.58213759530972,75.45755220935075,63.09084906844228,2023-03-11,5,3,1,92,15,11,1.2
19,snacks,59.58213759530972,75.45755220935075,65.56324291986849,2023-03-12,6,3,1,183,11,8,1.2
19,snacks,59.58213759530972,75.45755220935075,74.60580436840473,2023-03-13,0,3,0,90,16,1,1.2
19,snacks,59.58213759530972,75.45755220935075,74.90270391195382,2023-03-14,1,3,0,138,8,4,1.2
19,snacks,59.58213759530972,75.45755220935075,66.7985510157285,2023-03-15,2,3,0,25,10,13,1.2
19,snacks,59.58213759530972,75.45755220935075,63.92704517739478,2023-03-16,3,3,0,119,34,1,1.2
19,snacks,59.58213759530972,75.45755220935075,66.37936957345714,2023-03-17,4,3,0,128,17,9,1.2
19,snacks,59.58213759530972,75.45755220935075,66.80912474318326,2023-03-18,5,3,1,192,13,11,1.2
19,snacks,59.58213759530972,75.45755220935075,67.34478711113321,2023-03-19,6,3,1,103,12,9,1.2
19,snacks,59.58213759530972,75.45755220935075,73.87902316246445,2023-03-20,0,3,0,35,15,5,1.2
19,snacks,59.58213759530972,75.45755220935075,69.60582636450464,2023-03-21,1,3,0,133,17,6,1.2
19,snacks,59.58213759530972,75.45755220935075,68.89966755773385,2023-03-22,2,3,0,129,23,5,1.2
19,snacks,59.58213759530972,75.45755220935075,66.6822475261545,2023-03-23,3,3,0,140,23,3,1.2
19,snacks,59.58213759530972,75.45755220935075,72.36087408308194,2023-03-24,4,3,0,87,29,2,1.2
19,snacks,59.58213759530972,75.45755220935075,68.05472378508568,2023-03-25,5,3,1,181,12,14,1.2
19,snacks,59.58213759530972,75.45755220935075,68.2748247640096,2023-03-26,6,3,1,191,14,7,1.2
19,snacks,59.58213759530972,75.45755220935075,65.62707548848864,2023-03-27,0,3,0,35,11,4,1.2
19,snacks,59.58213759530972,75.45755220935075,63.00446743465393,2023-03-28,1,3,0,127,22,7,1.2
19,snacks,59.58213759530972,75.45755220935075,63.41163845975919,2023-03-29,2,3,0,51,31,1,1.2
19,snacks,59.58213759530972,75.45755220935075,73.78287644749784,2023-03-30,3,3,0,196,11,13,1.2
19,snacks,59.58213759530972,75.45755220935075,75.19963141436212,2023-03-31,4,3,0,169,19,5,1.2
19,snacks,59.58213759530972,75.45755220935075,69.4218454756839,2023-04-01,5,4,1,22,14,9,1.1732050807568877
19,snacks,59.58213759530972,75.45755220935075,74.65524234686883,2023-04-02,6,4,1,42,21,3,1.1732050807568877
19,snacks,59.58213759530972,75.45755220935075,74.04298833801185,2023-04-03,0,4,0,90,25,3,1.1732050807568877
19,snacks,59.58213759530972,75.45755220935075,65.32881784576131,2023-04-04,1,4,0,85,18,11,1.1732050807568877
19,snacks,59.58213759530972,75.45755220935075,67.4612755904991,2023-04-05,2,4,0,102,16,14,1.1732050807568877
19,snacks,59.58213759530972,75.45755220935075,67.87861884628637,2023-04-06,3,4,0,172,16,13,1.1732050807568877
19,snacks,59.58213759530972,75.45755220935075,70.58383769868212,2023-04-07,4,4,0,96,13,6,1.1732050807568877
19,snacks,59.58213759530972,75.45755220935075,68.25043547949285,2023-04-08,5,4,1,86,28,2,1.1732050807568877
19,snacks,59.58213759530972,75.45755220935075,70.9764246655313,2023-04-09,6,4,1,150,14,5,1.1732050807568877
19,snacks,59.58213759530972,75.45755220935075,72.4845147305333,2023-04-10,0,4,0,53,20,4,1.1732050807568877
19,snacks,59.58213759530972,75.45755220935075,70.09874857499513,2023-04-11,1,4,0,53,27,3,1.1732050807568877
19,snacks,59.58213759530972,75.45755220935075,74.45421590612412,2023-04-12,2,4,0,30,16,4,1.1732050807568877
19,snacks,59.58213759530972,75.45755220935075,75.40421147407778,2023-04-13,3,4,0,57,16,9,1.1732050807568877
19,snacks,59.58213759530972,75.45755220935075,72.38582060838782,2023-04-14,4,4,0,144,22,12,1.1732050807568877
19,snacks,59.58213759530972,75.45755220935075,68.16472492465103,2023-04-15,5,4,1,159,13,12,1.1732050807568877
19,snacks,59.58213759530972,75.45755220935075,71.44050953560443,2023-04-16,6,4,1,118,14,2,1.1732050807568877
19,snacks,59.58213759530972,75.45755220935075,63.75930778161771,2023-04-17,0,4,0,134,10,12,1.1732050807568877
19,snacks,59.58213759530972,75.45755220935075,73.93689025853877,2023-04-18,1,4,0,120,12,11,1.1732050807568877
19,snacks,59.58213759530972,75.45755220935075,70.84239950576642,2023-04-19,2,4,0,172,18,11,1.1732050807568877
19,snacks,59.58213759530972,75.45755220935075,64.41857533251047,2023-04-20,3,4,0,152,42,1,1.1732050807568877
19,snacks,59.58213759530972,75.45755220935075,66.28747591212819,2023-04-21,4,4,0,48,29,2,1.1732050807568877
19,snacks,59.58213759530972,75.45755220935075,66.1894734582457,2023-04-22,5,4,1,178,21,14,1.1732050807568877
19,snacks,59.58213759530972,75.45755220935075,67.6286848809907,2023-04-23,6,4,1,174,17,3,1.1732050807568877
19,snacks,59.58213759530972,75.45755220935075,69.36887270500594,2023-04-24,0,4,0,122,14,12,1.1732050807568877
19,snacks,59.58213759530972,75.45755220935075,64.0642880358405,2023-04-25,1,4,0,138,15,1,1.1732050807568877
19,snacks,59.58213759530972,75.45755220935075,73.5074833039005,2023-04-26,2,4,0,157,20,11,1.1732050807568877
19,snacks,59.58213759530972,75.45755220935075,71.59816574891398,2023-04-27,3,4,0,74,10,3,1.1732050807568877
19,snacks,59.58213759530972,75.45755220935075,65.57978640833628,2023-04-28,4,4,0,76,9,1,1.1732050807568877
19,snacks,59.58213759530972,75.45755220935075,74.24668692325974,2023-04-29,5,4,1,199,23,8,1.1732050807568877
19,snacks,59.58213759530972,75.45755220935075,71.81977879054607,2023-04-30,6,4,1,109,17,2,1.1732050807568877
19,snacks,59.58213759530972,75.45755220935075,70.9685100673571,2023-05-01,0,5,0,132,18,8,1.1
19,snacks,59.58213759530972,75.45755220935075,71.40572790686322,2023-05-02,1,5,0,178,7,7,1.1
19,snacks,59.58213759530972,75.45755220935075,68.0141046801449,2023-05-03,2,5,0,118,10,13,1.1
19,snacks,59.58213759530972,75.45755220935075,62.717492342906155,2023-05-04,3,5,0,115,17,6,1.1
19,snacks,59.58213759530972,75.45755220935075,75.17427722815732,2023-05-05,4,5,0,140,17,11,1.1
19,snacks,59.58213759530972,75.45755220935075,69.85704571364015,2023-05-06,5,5,1,101,17,12,1.1
19,snacks,59.58213759530972,75.45755220935075,68.23100713357464,2023-05-07,6,5,1,70,6,5,1.1
19,snacks,59.58213759530972,75.45755220935075,69.55158471278037,2023-05-08,0,5,0,115,9,12,1.1
19,snacks,59.58213759530972,75.45755220935075,67.9935527475103,2023-05-09,1,5,0,92,12,11,1.1
19,snacks,59.58213759530972,75.45755220935075,70.93844023518825,2023-05-10,2,5,0,40,10,5,1.1
19,snacks,59.58213759530972,75.45755220935075,65.36766190166142,2023-05-11,3,5,0,32,16,9,1.1
19,snacks,59.58213759530972,75.45755220935075,75.28811668207597,2023-05-12,4,5,0,36,8,9,1.1
19,snacks,59.58213759530972,75.45755220935075,68.51931727647128,2023-05-13,5,5,1,141,21,12,1.1
19,snacks,59.58213759530972,75.45755220935075,66.01739078310224,2023-05-14,6,5,1,27,21,10,1.1
19,snacks,59.58213759530972,75.45755220935075,70.88820112802799,2023-05-15,0,5,0,62,6,13,1.1
19,snacks,59.58213759530972,75.45755220935075,75.3809737197281,2023-05-16,1,5,0,134,28,1,1.1
19,snacks,59.58213759530972,75.45755220935075,63.286140230925575,2023-05-17,2,5,0,84,19,14,1.1
19,snacks,59.58213759530972,75.45755220935075,65.47945487157472,2023-05-18,3,5,0,135,10,9,1.1
19,snacks,59.58213759530972,75.45755220935075,70.43265768148741,2023-05-19,4,5,0,61,13,3,1.1
19,snacks,59.58213759530972,75.45755220935075,69.59382899836858,2023-05-20,5,5,1,57,20,8,1.1
19,snacks,59.58213759530972,75.45755220935075,63.97831617122871,2023-05-21,6,5,1,82,10,7,1.1
19,snacks,59.58213759530972,75.45755220935075,67.19923058766425,2023-05-22,0,5,0,43,12,6,1.1
19,snacks,59.58213759530972,75.45755220935075,74.85238422808702,2023-05-23,1,5,0,45,14,12,1.1
19,snacks,59.58213759530972,75.45755220935075,73.22197436792949,2023-05-24,2,5,0,71,8,12,1.1
19,snacks,59.58213759530972,75.45755220935075,74.58228074873983,2023-05-25,3,5,0,173,20,12,1.1
19,snacks,59.58213759530972,75.45755220935075,66.4659058959192,2023-05-26,4,5,0,24,15,5,1.1
19,snacks,59.58213759530972,75.45755220935075,68.23844382097597,2023-05-27,5,5,1,199,43,1,1.1
19,snacks,59.58213759530972,75.45755220935075,67.58944733834886,2023-05-28,6,5,1,168,17,10,1.1
19,snacks,59.58213759530972,75.45755220935075,67.22293892974488,2023-05-29,0,5,0,154,13,9,1.1
19,snacks,59.58213759530972,75.45755220935075,66.61786984334792,2023-05-30,1,5,0,42,16,4,1.1
19,snacks,59.58213759530972,75.45755220935075,70.34150544002266,2023-05-31,2,5,0,77,10,6,1.1
19,snacks,59.58213759530972,75.45755220935075,73.85608667795628,2023-06-01,3,6,0,141,9,6,1.0
19,snacks,59.58213759530972,75.45755220935075,69.87111831992861,2023-06-02,4,6,0,134,7,13,1.0
19,snacks,59.58213759530972,75.45755220935075,69.31081274840949,2023-06-03,5,6,1,30,15,8,1.0
19,snacks,59.58213759530972,75.45755220935075,70.50863057208369,2023-06-04,6,6,1,130,18,12,1.0
19,snacks,59.58213759530972,75.45755220935075,70.72446043599325,2023-06-05,0,6,0,137,36,1,1.0
19,snacks,59.58213759530972,75.45755220935075,72.81800498923644,2023-06-06,1,6,0,94,7,9,1.0
19,snacks,59.58213759530972,75.45755220935075,72.49697515536303,2023-06-07,2,6,0,159,18,13,1.0
19,snacks,59.58213759530972,75.45755220935075,63.815814938087755,2023-06-08,3,6,0,52,12,11,1.0
19,snacks,59.58213759530972,75.45755220935075,71.60825940238956,2023-06-09,4,6,0,144,7,4,1.0
19,snacks,59.58213759530972,75.45755220935075,64.65826319653362,2023-06-10,5,6,1,144,13,3,1.0
19,snacks,59.58213759530972,75.45755220935075,68.24473037686894,2023-06-11,6,6,1,76,20,7,1.0
19,snacks,59.58213759530972,75.45755220935075,73.47137737763525,2023-06-12,0,6,0,102,17,1,1.0
19,snacks,59.58213759530972,75.45755220935075,63.091273893535764,2023-06-13,1,6,0,140,9,2,1.0
19,snacks,59.58213759530972,75.45755220935075,74.82106299778364,2023-06-14,2,6,0,173,15,1,1.0
19,snacks,59.58213759530972,75.45755220935075,68.32351425624438,2023-06-15,3,6,0,129,19,5,1.0
19,snacks,59.58213759530972,75.45755220935075,64.97202021114565,2023-06-16,4,6,0,173,35,1,1.0
19,snacks,59.58213759530972,75.45755220935075,66.45820859351036,2023-06-17,5,6,1,85,12,5,1.0
19,snacks,59.58213759530972,75.45755220935075,64.71625830021178,2023-06-18,6,6,1,84,21,8,1.0
19,snacks,59.58213759530972,75.45755220935075,67.20357374167136,2023-06-19,0,6,0,71,10,4,1.0
19,snacks,59.58213759530972,75.45755220935075,64.15730011029353,2023-06-20,1,6,0,149,31,1,1.0
19,snacks,59.58213759530972,75.45755220935075,63.3091990175242,2023-06-21,2,6,0,90,10,10,1.0
19,snacks,59.58213759530972,75.45755220935075,73.4390542708821,2023-06-22,3,6,0,132,15,14,1.0
19,snacks,59.58213759530972,75.45755220935075,67.59453282483295,2023-06-23,4,6,0,116,8,11,1.0
19,snacks,59.58213759530972,75.45755220935075,68.13228940437884,2023-06-24,5,6,1,71,28,1,1.0
19,snacks,59.58213759530972,75.45755220935075,67.98069382766765,2023-06-25,6,6,1,173,13,5,1.0
19,snacks,59.58213759530972,75.45755220935075,64.55598478310512,2023-06-26,0,6,0,60,7,5,1.0
19,snacks,59.58213759530972,75.45755220935075,68.45273476831044,2023-06-27,1,6,0,88,11,11,1.0
19,snacks,59.58213759530972,75.45755220935075,72.0351563768707,2023-06-28,2,6,0,87,10,12,1.0
19,snacks,59.58213759530972,75.45755220935075,70.16691183084258,2023-06-29,3,6,0,61,11,6,1.0
20,dairy,24.613230207375373,31.34977102963113,31.16010325831853,2023-01-01,6,1,1,113,19,5,1.1
20,dairy,24.613230207375373,31.34977102963113,29.70312203083921,2023-01-02,0,1,0,41,7,13,1.1
20,dairy,24.613230207375373,31.34977102963113,27.510222483332328,2023-01-03,1,1,0,66,11,3,1.1
20,dairy,24.613230207375373,31.34977102963113,30.80070837637362,2023-01-04,2,1,0,51,6,13,1.1
20,dairy,24.613230207375373,31.34977102963113,29.19096501588419,2023-01-05,3,1,0,32,24,1,1.1
20,dairy,24.613230207375373,31.34977102963113,30.054994119409677,2023-01-06,4,1,0,179,16,9,1.1
20,dairy,24.613230207375373,31.34977102963113,31.07279326108669,2023-01-07,5,1,1,108,25,1,1.1
20,dairy,24.613230207375373,31.34977102963113,28.08277525798712,2023-01-08,6,1,1,24,24,2,1.1
20,dairy,24.613230207375373,31.34977102963113,27.274960453975996,2023-01-09,0,1,0,43,18,13,1.1
20,dairy,24.613230207375373,31.34977102963113,29.602747291445603,2023-01-10,1,1,0,184,9,4,1.1
20,dairy,24.613230207375373,31.34977102963113,28.596324594363285,2023-01-11,2,1,0,109,8,9,1.1
20,dairy,24.613230207375373,31.34977102963113,27.74949873014337,2023-01-12,3,1,0,94,12,6,1.1
20,dairy,24.613230207375373,31.34977102963113,29.20176738949333,2023-01-13,4,1,0,119,5,5,1.1
20,dairy,24.613230207375373,31.34977102963113,29.554113249123127,2023-01-14,5,1,1,79,25,5,1.1
20,dairy,24.613230207375373,31.34977102963113,26.777821502364272,2023-01-15,6,1,1,127,23,14,1.1
20,dairy,24.613230207375373,31.34977102963113,28.731968037062355,2023-01-16,0,1,0,67,12,14,1.1
20,dairy,24.613230207375373,31.34977102963113,28.968143752033846,2023-01-17,1,1,0,113,14,2,1.1
20,dairy,24.613230207375373,31.34977102963113,26.29648374867695,2023-01-18,2,1,0,137,16,3,1.1
20,dairy,24.613230207375373,31.34977102963113,28.831708232663313,2023-01-19,3,1,0,127,22,3,1.1
20,dairy,24.613230207375373,31.34977102963113,26.669906743641523,2023-01-20,4,1,0,31,10,4,1.1
20,dairy,24.613230207375373,31.34977102963113,26.013847930106262,2023-01-21,5,1,1,186,13,10,1.1
20,dairy,24.613230207375373,31.34977102963113,28.226066053757258,2023-01-22,6,1,1,86,9,5,1.1
20,dairy,24.613230207375373,31.34977102963113,27.474276901075587,2023-01-23,0,1,0,58,17,2,1.1
20,dairy,24.613230207375373,31.34977102963113,26.18993996690202,2023-01-24,1,1,0,23,20,4,1.1
20,dairy,24.613230207375373,31.34977102963113,30.93404608033231,2023-01-25,2,1,0,84,10,12,1.1
20,dairy,24.613230207375373,31.34977102963113,27.024021225130983,2023-01-26,3,1,0,194,22,3,1.1
20,dairy,24.613230207375373,31.34977102963113,27.273295612707066,2023-01-27,4,1,0,155,18,8,1.1
20,dairy,24.613230207375373,31.34977102963113,28.84564662466292,2023-01-28,5,1,1,31,18,11,1.1
20,dairy,24.613230207375373,31.34977102963113,28.261610174890162,2023-01-29,6,1,1,153,5,14,1.1
20,dairy,24.613230207375373,31.34977102963113,26.730093206266833,2023-01-30,0,1,0,100,22,3,1.1
20,dairy,24.613230207375373,31.34977102963113,29.33302108379866,2023-01-31,1,1,0,90,23,2,1.1
20,dairy,24.613230207375373,31.34977102963113,28.850897258969923,2023-02-01,2,2,0,49,15,4,1.1732050807568877
20,dairy,24.613230207375373,31.34977102963113,31.3050332532978,2023-02-02,3,2,0,108,10,7,1.1732050807568877
20,dairy,24.613230207375373,31.34977102963113,31.14983694791587,2023-02-03,4,2,0,152,6,3,1.1732050807568877
20,dairy,24.613230207375373,31.34977102963113,28.062186327369822,2023-02-04,5,2,1,30,17,14,1.1732050807568877
20,dairy,24.613230207375373,31.34977102963113,26.41834792684066,2023-02-05,6,2,1,125,16,11,1.1732050807568877
20,dairy,24.613230207375373,31.34977102963113,26.69968873020711,2023-02-06,0,2,0,107,14,11,1.1732050807568877
20,dairy,24.613230207375373,31.34977102963113,30.776426964256963,2023-02-07,1,2,0,153,5,9,1.1732050807568877
20,dairy,24.613230207375373,31.34977102963113,31.249384265791107,2023-02-08,2,2,0,129,19,5,1.1732050807568877
20,dairy,24.613230207375373,31.34977102963113,29.690289571954242,2023-02-09,3,2,0,82,15,7,1.1732050807568877
20,dairy,24.613230207375373,31.34977102963113,30.347007604195866,2023-02-10,4,2,0,183,9,11,1.1732050807568877
20,dairy,24.613230207375373,31.34977102963113,27.93562782097967,2023-02-11,5,2,1,55,21,5,1.1732050807568877
20,dairy,24.613230207375373,31.34977102963113,28.717968702911342,2023-02-12,6,2,1,54,15,4,1.1732050807568877
20,dairy,24.613230207375373,31.34977102963113,26.09012526224964,2023-02-13,0,2,0,89,25,6,1.1732050807568877
20,dairy,24.613230207375373,31.34977102963113,27.028372780777346,2023-02-14,1,2,0,78,12,9,1.1732050807568877
20,dairy,24.613230207375373,31.34977102963113,28.73939493371009,2023-02-15,2,2,0,63,11,4,1.1732050807568877
20,dairy,24.613230207375373,31.34977102963113,27.789870731177643,2023-02-16,3,2,0,99,17,13,1.1732050807568877
20,dairy,24.613230207375373,31.34977102963113,27.246887869976508,2023-02-17,4,2,0,104,12,13,1.1732050807568877
20,dairy,24.613230207375373,31.34977102963113,26.67148897820696,2023-02-18,5,2,1,59,22,14,1.1732050807568877
20,dairy,24.613230207375373,31.34977102963113,28.963831692368366,2023-02-19,6,2,1,191,11,9,1.1732050807568877
20,dairy,24.613230207375373,31.34977102963113,27.83295519800935,2023-02-20,0,2,0,29,29,3,1.1732050807568877
20,dairy,24.613230207375373,31.34977102963113,26.629269268461798,2023-02-21,1,2,0,23,21,7,1.1732050807568877
20,dairy,24.613230207375373,31.34977102963113,29.78322243871394,2023-02-22,2,2,0,83,13,7,1.1732050807568877
20,dairy,24.613230207375373,31.34977102963113,29.126458260999883,2023-02-23,3,2,0,63,12,4,1.1732050807568877
20,dairy,24.613230207375373,31.34977102963113,26.617903433933307,2023-02-24,4,2,0,35,11,1,1.1732050807568877
20,dairy,24.613230207375373,31.34977102963113,31.025033291608402,2023-02-25,5,2,1,85,15,8,1.1732050807568877
20,dairy,24.613230207375373,31.34977102963113,28.955959956365366,2023-02-26,6,2,1,151,8,11,1.1732050807568877
20,dairy,24.613230207375373,31.34977102963113,26.712280748637063,2023-02-27,0,2,0,78,31,2,1.1732050807568877
20,dairy,24.613230207375373,31.34977102963113,29.799096385547443,2023-02-28,1,2,0,137,15,12,1.1732050807568877
20,dairy,24.613230207375373,31.34977102963113,28.17430547546554,2023-03-01,2,3,0,121,18,2,1.2
20,dairy,24.613230207375373,31.34977102963113,26.002818040157052,2023-03-02,3,3,0,145,23,7,1.2
20,dairy,24.613230207375373,31.34977102963113,30.716559744887924,2023-03-03,4,3,0,132,9,13,1.2
20,dairy,24.613230207375373,31.34977102963113,27.479638736500174,2023-03-04,5,3,1,167,22,11,1.2
20,dairy,24.613230207375373,31.34977102963113,27.586710264132932,2023-03-05,6,3,1,125,10,12,1.2
20,dairy,24.613230207375373,31.34977102963113,30.152907329375914,2023-03-06,0,3,0,169,21,6,1.2
20,dairy,24.613230207375373,31.34977102963113,26.283244625545542,2023-03-07,1,3,0,33,6,9,1.2
20,dairy,24.613230207375373,31.34977102963113,26.662844519764455,2023-03-08,2,3,0,152,36,1,1.2
20,dairy,24.613230207375373,31.34977102963113,28.493560102684476,2023-03-09,3,3,0,176,14,11,1.2
20,dairy,24.613230207375373,31.34977102963113,30.888108702845575,2023-03-10,4,3,0,118,18,9,1.2
20,dairy,24.613230207375373,31.34977102963113,27.482796562823417,2023-03-11,5,3,1,94,14,6,1.2
20,dairy,24.613230207375373,31.34977102963113,27.12469384246633,2023-03-12,6,3,1,173,27,13,1.2
20,dairy,24.613230207375373,31.34977102963113,28.468033338192846,2023-03-13,0,3,0,117,13,12,1.2
20,dairy,24.613230207375373,31.34977102963113,29.027064492771405,2023-03-14,1,3,0,48,11,12,1.2
20,dairy,24.613230207375373,31.34977102963113,30.892691633629074,2023-03-15,2,3,0,32,19,10,1.2
20,dairy,24.613230207375373,31.34977102963113,28.803987884560502,2023-03-16,3,3,0,21,21,7,1.2
20,dairy,24.613230207375373,31.34977102963113,30.482441581407706,2023-03-17,4,3,0,31,14,13,1.2
20,dairy,24.613230207375373,31.34977102963113,26.851321084114037,2023-03-18,5,3,1,62,17,10,1.2
20,dairy,24.613230207375373,31.34977102963113,31.19885232710229,2023-03-19,6,3,1,128,17,3,1.2
20,dairy,24.613230207375373,31.34977102963113,26.186635953055557,2023-03-20,0,3,0,36,22,6,1.2
20,dairy,24.613230207375373,31.34977102963113,27.169073780120332,2023-03-21,1,3,0,20,14,5,1.2
20,dairy,24.613230207375373,31.34977102963113,30.556791498968426,2023-03-22,2,3,0,126,9,3,1.2
20,dairy,24.613230207375373,31.34977102963113,28.047955216143603,2023-03-23,3,3,0,150,18,7,1.2
20,dairy,24.613230207375373,31.34977102963113,26.827964335701783,2023-03-24,4,3,0,165,9,12,1.2
20,dairy,24.613230207375373,31.34977102963113,28.86497460939293,2023-03-25,5,3,1,100,17,12,1.2
20,dairy,24.613230207375373,31.34977102963113,29.607141601569232,2023-03-26,6,3,1,67,15,13,1.2
20,dairy,24.613230207375373,31.34977102963113,27.391343165505475,2023-03-27,0,3,0,58,5,7,1.2
20,dairy,24.613230207375373,31.34977102963113,30.811043801180396,2023-03-28,1,3,0,133,30,1,1.2
20,dairy,24.613230207375373,31.34977102963113,30.70341176198788,2023-03-29,2,3,0,192,13,12,1.2
20,dairy,24.613230207375373,31.34977102963113,31.0763241030261,2023-03-30,3,3,0,198,8,8,1.2
20,dairy,24.613230207375373,31.34977102963113,30.831450655383698,2023-03-31,4,3,0,159,17,9,1.2
20,dairy,24.613230207375373,31.34977102963113,28.083023729916327,2023-04-01,5,4,1,73,16,12,1.1732050807568877
20,dairy,24.613230207375373,31.34977102963113,28.747918458720758,2023-04-02,6,4,1,145,24,2,1.1732050807568877
20,dairy,24.613230207375373,31.34977102963113,26.279674472395634,2023-04-03,0,4,0,155,6,12,1.1732050807568877
20,dairy,24.613230207375373,31.34977102963113,29.100109557320877,2023-04-04,1,4,0,81,17,11,1.1732050807568877
20,dairy,24.613230207375373,31.34977102963113,29.820877414948214,2023-04-05,2,4,0,118,5,7,1.1732050807568877
20,dairy,24.613230207375373,31.34977102963113,29.922716439324564,2023-04-06,3,4,0,136,17,12,1.1732050807568877
20,dairy,24.613230207375373,31.34977102963113,26.233727319105025,2023-04-07,4,4,0,98,6,14,1.1732050807568877
20,dairy,24.613230207375373,31.34977102963113,30.71525648600726,2023-04-08,5,4,1,177,42,1,1.1732050807568877
20,dairy,24.613230207375373,31.34977102963113,25.93816385571109,2023-04-09,6,4,1,67,48,1,1.1732050807568877
20,dairy,24.613230207375373,31.34977102963113,26.49351504712473,2023-04-10,0,4,0,164,11,11,1.1732050807568877
20,dairy,24.613230207375373,31.34977102963113,26.40183266338986,2023-04-11,1,4,0,121,8,5,1.1732050807568877
20,dairy,24.613230207375373,31.34977102963113,29.3309775129311,2023-04-12,2,4,0,110,8,10,1.1732050807568877
20,dairy,24.613230207375373,31.34977102963113,27.020614591579523,2023-04-13,3,4,0,38,18,7,1.1732050807568877
20,dairy,24.613230207375373,31.34977102963113,29.264706036948965,2023-04-14,4,4,0,147,15,9,1.1732050807568877
20,dairy,24.613230207375373,31.34977102963113,27.095391339300843,2023-04-15,5,4,1,66,28,12,1.1732050807568877
20,dairy,24.613230207375373,31.34977102963113,30.009693355645783,2023-04-16,6,4,1,131,15,5,1.1732050807568877
20,dairy,24.613230207375373,31.34977102963113,29.446660245526054,2023-04-17,0,4,0,45,10,7,1.1732050807568877
20,dairy,24.613230207375373,31.34977102963113,25.88627489177948,2023-04-18,1,4,0,41,39,1,1.1732050807568877
20,dairy,24.613230207375373,31.34977102963113,29.48784391178367,2023-04-19,2,4,0,117,27,1,1.1732050807568877
20,dairy,24.613230207375373,31.34977102963113,27.8661678652998,2023-04-20,3,4,0,158,12,13,1.1732050807568877
20,dairy,24.613230207375373,31.34977102963113,29.600147811273278,2023-04-21,4,4,0,169,12,13,1.1732050807568877
20,dairy,24.613230207375373,31.34977102963113,26.94319385588259,2023-04-22,5,4,1,115,18,10,1.1732050807568877
20,dairy,24.613230207375373,31.34977102963113,28.32496985347767,2023-04-23,6,4,1,122,29,5,1.1732050807568877
20,dairy,24.613230207375373,31.34977102963113,26.740569816442115,2023-04-24,0,4,0,138,28,2,1.1732050807568877
20,dairy,24.613230207375373,31.34977102963113,28.184265780998103,2023-04-25,1,4,0,155,21,11,1.1732050807568877
20,dairy,24.613230207375373,31.34977102963113,27.727006090465693,2023-04-26,2,4,0,164,7,9,1.1732050807568877
20,dairy,24.613230207375373,31.34977102963113,26.064940494163782,2023-04-27,3,4,0,117,13,8,1.1732050807568877
20,dairy,24.613230207375373,31.34977102963113,30.664709520957086,2023-04-28,4,4,0,46,16,5,1.1732050807568877
20,dairy,24.613230207375373,31.34977102963113,26.040511893206045,2023-04-29,5,4,1,117,18,7,1.1732050807568877
20,dairy,24.613230207375373,31.34977102963113,30.635679286843498,2023-04-30,6,4,1,115,7,14,1.1732050807568877
20,dairy,24.613230207375373,31.34977102963113,27.76554662659301,2023-05-01,0,5,0,90,15,4,1.1
20,dairy,24.613230207375373,31.34977102963113,26.956543566835276,2023-05-02,1,5,0,152,16,14,1.1
20,dairy,24.613230207375373,31.34977102963113,29.059721163302804,2023-05-03,2,5,0,182,10,13,1.1
20,dairy,24.613230207375373,31.34977102963113,27.078258648401473,2023-05-04,3,5,0,191,24,3,1.1
20,dairy,24.613230207375373,31.34977102963113,26.17854920681886,2023-05-05,4,5,0,89,30,2,1.1
20,dairy,24.613230207375373,31.34977102963113,27.188644752237114,2023-05-06,5,5,1,33,13,3,1.1
20,dairy,24.613230207375373,31.34977102963113,30.586695697774186,2023-05-07,6,5,1,99,21,12,1.1
20,dairy,24.613230207375373,31.34977102963113,25.88541206411818,2023-05-08,0,5,0,173,12,6,1.1
20,dairy,24.613230207375373,31.34977102963113,30.74392943849502,2023-05-09,1,5,0,64,19,7,1.1
20,dairy,24.613230207375373,31.34977102963113,27.69549988698045,2023-05-10,2,5,0,162,15,7,1.1
20,dairy,24.613230207375373,31.34977102963113,29.097998467177703,2023-05-11,3,5,0,180,5,14,1.1
20,dairy,24.613230207375373,31.34977102963113,28.724887379861773,2023-05-12,4,5,0,53,9,9,1.1
20,dairy,24.613230207375373,31.34977102963113,30.333783438133466,2023-05-13,5,5,1,97,9,3,1.1
20,dairy,24.613230207375373,31.34977102963113,29.30972444504679,2023-05-14,6,5,1,98,9,6,1.1
20,dairy,24.613230207375373,31.34977102963113,29.739595102156535,2023-05-15,0,5,0,174,14,6,1.1
20,dairy,24.613230207375373,31.34977102963113,27.675125618034517,2023-05-16,1,5,0,116,16,8,1.1
20,dairy,24.613230207375373,31.34977102963113,30.253758007274627,2023-05-17,2,5,0,24,10,5,1.1
20,dairy,24.613230207375373,31.34977102963113,27.510657909666417,2023-05-18,3,5,0,47,18,11,1.1
20,dairy,24.613230207375373,31.34977102963113,25.9635939818358,2023-05-19,4,5,0,73,22,2,1.1
20,dairy,24.613230207375373,31.34977102963113,29.373393355939413,2023-05-20,5,5,1,88,10,7,1.1
20,dairy,24.613230207375373,31.34977102963113,30.028557410627073,2023-05-21,6,5,1,51,10,3,1.1
20,dairy,24.613230207375373,31.34977102963113,27.41268083932485,2023-05-22,0,5,0,133,7,9,1.1
20,dairy,24.613230207375373,31.34977102963113,30.966049303664096,2023-05-23,1,5,0,124,13,4,1.1
20,dairy,24.613230207375373,31.34977102963113,30.98057448686302,2023-05-24,2,5,0,187,4,7,1.1
20,dairy,24.613230207375373,31.34977102963113,27.078363884306878,2023-05-25,3,5,0,140,6,12,1.1
20,dairy,24.613230207375373,31.34977102963113,28.850604648094496,2023-05-26,4,5,0,65,22,6,1.1
20,dairy,24.613230207375373,31.34977102963113,27.792948600599775,2023-05-27,5,5,1,103,20,7,1.1
20,dairy,24.613230207375373,31.34977102963113,27.146887675668264,2023-05-28,6,5,1,152,10,12,1.1
20,dairy,24.613230207375373,31.34977102963113,29.91433119015176,2023-05-29,0,5,0,163,17,14,1.1
20,dairy,24.613230207375373,31.34977102963113,30.217989090407897,2023-05-30,1,5,0,65,24,1,1.1
20,dairy,24.613230207375373,31.34977102963113,31.13217731135008,2023-05-31,2,5,0,22,14,5,1.1
20,dairy,24.613230207375373,31.34977102963113,27.682859365686866,2023-06-01,3,6,0,85,18,12,1.0
20,dairy,24.613230207375373,31.34977102963113,30.521748372703254,2023-06-02,4,6,0,178,9,12,1.0
20,dairy,24.613230207375373,31.34977102963113,29.844057256685016,2023-06-03,5,6,1,198,19,4,1.0
20,dairy,24.613230207375373,31.34977102963113,30.406586056110772,2023-06-04,6,6,1,189,17,3,1.0
20,dairy,24.613230207375373,31.34977102963113,29.812668428531452,2023-06-05,0,6,0,80,2,10,1.0
20,dairy,24.613230207375373,31.34977102963113,27.374821039119567,2023-06-06,1,6,0,114,6,3,1.0
20,dairy,24.613230207375373,31.34977102963113,31.318385501322606,2023-06-07,2,6,0,199,16,8,1.0
20,dairy,24.613230207375373,31.34977102963113,29.72578148912864,2023-06-08,3,6,0,154,11,11,1.0
20,dairy,24.613230207375373,31.34977102963113,27.970190423892358,2023-06-09,4,6,0,49,10,14,1.0
20,dairy,24.613230207375373,31.34977102963113,26.98533027644334,2023-06-10,5,6,1,103,7,6,1.0
20,dairy,24.613230207375373,31.34977102963113,30.413863331681995,2023-06-11,6,6,1,121,8,3,1.0
20,dairy,24.613230207375373,31.34977102963113,28.268075573293192,2023-06-12,0,6,0,51,12,12,1.0
20,dairy,24.613230207375373,31.34977102963113,27.88804259441723,2023-06-13,1,6,0,121,13,14,1.0
20,dairy,24.613230207375373,31.34977102963113,28.35307178500954,2023-06-14,2,6,0,166,18,2,1.0
20,dairy,24.613230207375373,31.34977102963113,26.404595830036047,2023-06-15,3,6,0,159,8,14,1.0
20,dairy,24.613230207375373,31.34977102963113,28.86462848828777,2023-06-16,4,6,0,103,13,10,1.0
20,dairy,24.613230207375373,31.34977102963113,31.195133619733785,2023-06-17,5,6,1,70,10,5,1.0
20,dairy,24.613230207375373,31.34977102963113,28.19730092788919,2023-06-18,6,6,1,116,4,11,1.0
20,dairy,24.613230207375373,31.34977102963113,27.564890440980843,2023-06-19,0,6,0,140,24,6,1.0
20,dairy,24.613230207375373,31.34977102963113,29.378741031557958,2023-06-20,1,6,0,39,7,7,1.0
20,dairy,24.613230207375373,31.34977102963113,28.096839030657854,2023-06-21,2,6,0,197,16,1,1.0
20,dairy,24.613230207375373,31.34977102963113,28.45668706965504,2023-06-22,3,6,0,168,15,1,1.0
20,dairy,24.613230207375373,31.34977102963113,28.073756535472217,2023-06-23,4,6,0,153,12,14,1.0
20,dairy,24.613230207375373,31.34977102963113,26.383128537545637,2023-06-24,5,6,1,133,14,2,1.0
20,dairy,24.613230207375373,31.34977102963113,29.31674438070985,2023-06-25,6,6,1,105,9,7,1.0
20,dairy,24.613230207375373,31.34977102963113,29.247628196123557,2023-06-26,0,6,0,20,11,4,1.0
20,dairy,24.613230207375373,31.34977102963113,26.59581273416783,2023-06-27,1,6,0,26,14,7,1.0
20,dairy,24.613230207375373,31.34977102963113,27.946251699969668,2023-06-28,2,6,0,173,11,4,1.0
20,dairy,24.613230207375373,31.34977102963113,27.168264328217298,2023-06-29,3,6,0,185,11,14,1.0
21,snacks,60.566921549145874,75.49013537490772,74.88969882043575,2023-01-01,6,1,1,98,13,2,1.1
21,snacks,60.566921549145874,75.49013537490772,72.26316776418389,2023-01-02,0,1,0,34,33,1,1.1
21,snacks,60.566921549145874,75.49013537490772,71.48685094729278,2023-01-03,1,1,0,170,15,4,1.1
21,snacks,60.566921549145874,75.49013537490772,66.2762981907772,2023-01-04,2,1,0,29,19,3,1.1
21,snacks,60.566921549145874,75.49013537490772,63.71150702694372,2023-01-05,3,1,0,56,16,12,1.1
21,snacks,60.566921549145874,75.49013537490772,67.57800063930301,2023-01-06,4,1,0,149,12,11,1.1
21,snacks,60.566921549145874,75.49013537490772,66.18944465094434,2023-01-07,5,1,1,115,20,11,1.1
21,snacks,60.566921549145874,75.49013537490772,72.53569467581005,2023-01-08,6,1,1,94,33,2,1.1
21,snacks,60.566921549145874,75.49013537490772,65.70330443807296,2023-01-09,0,1,0,122,23,1,1.1
21,snacks,60.566921549145874,75.49013537490772,70.57230413332881,2023-01-10,1,1,0,149,7,7,1.1
21,snacks,60.566921549145874,75.49013537490772,67.89722381147348,2023-01-11,2,1,0,34,6,7,1.1
21,snacks,60.566921549145874,75.49013537490772,67.88215899219968,2023-01-12,3,1,0,95,15,14,1.1
21,snacks,60.566921549145874,75.49013537490772,67.45104137986884,2023-01-13,4,1,0,73,16,14,1.1
21,snacks,60.566921549145874,75.49013537490772,70.10308441849038,2023-01-14,5,1,1,21,19,14,1.1
21,snacks,60.566921549145874,75.49013537490772,66.49161153195004,2023-01-15,6,1,1,35,22,4,1.1
21,snacks,60.566921549145874,75.49013537490772,73.32030557187439,2023-01-16,0,1,0,132,17,2,1.1
21,snacks,60.566921549145874,75.49013537490772,68.73956003540869,2023-01-17,1,1,0,109,14,12,1.1
21,snacks,60.566921549145874,75.49013537490772,72.72571004246889,2023-01-18,2,1,0,57,19,1,1.1
21,snacks,60.566921549145874,75.49013537490772,72.13172183504378,2023-01-19,3,1,0,63,16,12,1.1
21,snacks,60.566921549145874,75.49013537490772,69.52633967322495,2023-01-20,4,1,0,127,20,7,1.1
21,snacks,60.566921549145874,75.49013537490772,68.37047426957594,2023-01-21,5,1,1,157,5,13,1.1
21,snacks,60.566921549145874,75.49013537490772,69.59204723742897,2023-01-22,6,1,1,74,20,6,1.1
21,snacks,60.566921549145874,75.49013537490772,69.3287710302703,2023-01-23,0,1,0,133,15,8,1.1
21,snacks,60.566921549145874,75.49013537490772,74.36171536238521,2023-01-24,1,1,0,127,17,6,1.1
21,snacks,60.566921549145874,75.49013537490772,65.71060256416393,2023-01-25,2,1,0,70,7,10,1.1
21,snacks,60.566921549145874,75.49013537490772,71.85489075057457,2023-01-26,3,1,0,82,31,1,1.1
21,snacks,60.566921549145874,75.49013537490772,70.68908862224565,2023-01-27,4,1,0,92,11,12,1.1
21,snacks,60.566921549145874,75.49013537490772,71.22972758845893,2023-01-28,5,1,1,122,24,4,1.1
21,snacks,60.566921549145874,75.49013537490772,68.95128252505185,2023-01-29,6,1,1,118,28,1,1.1
21,snacks,60.566921549145874,75.49013537490772,71.08391905303193,2023-01-30,0,1,0,30,10,1,1.1
21,snacks,60.566921549145874,75.49013537490772,72.44495073445805,2023-01-31,1,1,0,168,5,10,1.1
21,snacks,60.566921549145874,75.49013537490772,67.98138623841278,2023-02-01,2,2,0,151,22,7,1.1732050807568877
21,snacks,60.566921549145874,75.49013537490772,71.20251551610318,2023-02-02,3,2,0,20,7,5,1.1732050807568877
21,snacks,60.566921549145874,75.49013537490772,65.26461683162049,2023-02-03,4,2,0,138,6,6,1.1732050807568877
21,snacks,60.566921549145874,75.49013537490772,70.67281411181283,2023-02-04,5,2,1,90,23,5,1.1732050807568877
21,snacks,60.566921549145874,75.49013537490772,72.86569059223261,2023-02-05,6,2,1,28,27,11,1.1732050807568877
21,snacks,60.566921549145874,75.49013537490772,74.04635532143341,2023-02-06,0,2,0,79,14,3,1.1732050807568877
21,snacks,60.566921549145874,75.49013537490772,71.19163228963474,2023-02-07,1,2,0,107,25,4,1.1732050807568877
21,snacks,60.566921549145874,75.49013537490772,71.9690870638516,2023-02-08,2,2,0,117,19,3,1.1732050807568877
21,snacks,60.566921549145874,75.49013537490772,69.42006591576853,2023-02-09,3,2,0,111,15,12,1.1732050807568877
21,snacks,60.566921549145874,75.49013537490772,66.49552010716708,2023-02-10,4,2,0,152,8,11,1.1732050807568877
21,snacks,60.566921549145874,75.49013537490772,68.3144609049751,2023-02-11,5,2,1,179,21,14,1.1732050807568877
21,snacks,60.566921549145874,75.49013537490772,65.22980682360617,2023-02-12,6,2,1,115,34,2,1.1732050807568877
21,snacks,60.566921549145874,75.49013537490772,69.59715623976933,2023-02-13,0,2,0,149,20,9,1.1732050807568877
21,snacks,60.566921549145874,75.49013537490772,64.4318407181432,2023-02-14,1,2,0,38,18,7,1.1732050807568877
21,snacks,60.566921549145874,75.49013537490772,75.32446211460716,2023-02-15,2,2,0,167,11,6,1.1732050807568877
21,snacks,60.566921549145874,75.49013537490772,70.80566651090086,2023-02-16,3,2,0,145,29,3,1.1732050807568877
21,snacks,60.566921549145874,75.49013537490772,74.25884138298842,2023-02-17,4,2,0,60,9,7,1.1732050807568877
21,snacks,60.566921549145874,75.49013537490772,64.87180889986678,2023-02-18,5,2,1,163,18,4,1.1732050807568877
21,snacks,60.566921549145874,75.49013537490772,63.672597908339476,2023-02-19,6,2,1,103,30,1,1.1732050807568877
21,snacks,60.566921549145874,75.49013537490772,73.06401960842352,2023-02-20,0,2,0,91,22,10,1.1732050807568877
21,snacks,60.566921549145874,75.49013537490772,69.56475117906875,2023-02-21,1,2,0,92,6,4,1.1732050807568877
21,snacks,60.566921549145874,75.49013537490772,72.05853534541481,2023-02-22,2,2,0,26,20,11,1.1732050807568877
21,snacks,60.566921549145874,75.49013537490772,67.31324326898154,2023-02-23,3,2,0,99,14,13,1.1732050807568877
21,snacks,60.566921549145874,75.49013537490772,65.20880769676975,2023-02-24,4,2,0,111,10,3,1.1732050807568877
21,snacks,60.566921549145874,75.49013537490772,72.48137713388677,2023-02-25,5,2,1,22,22,1,1.1732050807568877
21,snacks,60.566921549145874,75.49013537490772,69.55414229809692,2023-02-26,6,2,1,69,47,1,1.1732050807568877
21,snacks,60.566921549145874,75.49013537490772,73.21972896379025,2023-02-27,0,2,0,76,8,8,1.1732050807568877
21,snacks,60.566921549145874,75.49013537490772,64.61477785274639,2023-02-28,1,2,0,155,7,7,1.1732050807568877
21,snacks,60.566921549145874,75.49013537490772,71.14748621316164,2023-03-01,2,3,0,150,21,14,1.2
21,snacks,60.566921549145874,75.49013537490772,74.06725613111367,2023-03-02,3,3,0,77,11,14,1.2
21,snacks,60.566921549145874,75.49013537490772,69.87509172969176,2023-03-03,4,3,0,31,11,8,1.2
21,snacks,60.566921549145874,75.49013537490772,64.81048578265678,2023-03-04,5,3,1,48,22,5,1.2
21,snacks,60.566921549145874,75.49013537490772,72.38957389832069,2023-03-05,6,3,1,160,31,3,1.2
21,snacks,60.566921549145874,75.49013537490772,69.2862105410164,2023-03-06,0,3,0,127,18,14,1.2
21,snacks,60.566921549145874,75.49013537490772,65.79791092933328,2023-03-07,1,3,0,93,35,1,1.2
21,snacks,60.566921549145874,75.49013537490772,74.95976337285683,2023-03-08,2,3,0,114,22,2,1.2
21,snacks,60.566921549145874,75.49013537490772,71.13546267756394,2023-03-09,3,3,0,103,15,9,1.2
21,snacks,60.566921549145874,75.49013537490772,71.85064470699706,2023-03-10,4,3,0,38,11,9,1.2
21,snacks,60.566921549145874,75.49013537490772,65.15110575879389,2023-03-11,5,3,1,41,6,11,1.2
21,snacks,60.566921549145874,75.49013537490772,69.43069799394897,2023-03-12,6,3,1,152,8,13,1.2
21,snacks,60.566921549145874,75.49013537490772,71.63744294212601,2023-03-13,0,3,0,114,9,6,1.2
21,snacks,60.566921549145874,75.49013537490772,68.95600206929836,2023-03-14,1,3,0,136,25,4,1.2
21,snacks,60.566921549145874,75.49013537490772,71.97613722224727,2023-03-15,2,3,0,24,11,14,1.2
21,snacks,60.566921549145874,75.49013537490772,72.2726191638628,2023-03-16,3,3,0,67,17,8,1.2
21,snacks,60.566921549145874,75.49013537490772,72.88415127361516,2023-03-17,4,3,0,102,22,8,1.2
21,snacks,60.566921549145874,75.49013537490772,70.50954884765314,2023-03-18,5,3,1,135,19,3,1.2
21,snacks,60.566921549145874,75.49013537490772,67.98325987740215,2023-03-19,6,3,1,163,28,5,1.2
21,snacks,60.566921549145874,75.49013537490772,70.9121836126836,2023-03-20,0,3,0,137,8,4,1.2
21,snacks,60.566921549145874,75.49013537490772,73.80318603622152,2023-03-21,1,3,0,92,20,5,1.2
21,snacks,60.566921549145874,75.49013537490772,72.01554971183383,2023-03-22,2,3,0,173,9,4,1.2
21,snacks,60.566921549145874,75.49013537490772,67.48795080641816,2023-03-23,3,3,0,44,9,8,1.2
21,snacks,60.566921549145874,75.49013537490772,69.62653247306272,2023-03-24,4,3,0,77,12,9,1.2
21,snacks,60.566921549145874,75.49013537490772,68.61111504780561,2023-03-25,5,3,1,160,8,3,1.2
21,snacks,60.566921549145874,75.49013537490772,67.89664618177633,2023-03-26,6,3,1,108,9,13,1.2
21,snacks,60.566921549145874,75.49013537490772,66.41199336403665,2023-03-27,0,3,0,110,17,10,1.2
21,snacks,60.566921549145874,75.49013537490772,73.32502294053828,2023-03-28,1,3,0,96,22,10,1.2
21,snacks,60.566921549145874,75.49013537490772,74.91600709013143,2023-03-29,2,3,0,74,12,4,1.2
21,snacks,60.566921549145874,75.49013537490772,65.60551629163183,2023-03-30,3,3,0,89,13,13,1.2
21,snacks,60.566921549145874,75.49013537490772,69.04049246781261,2023-03-31,4,3,0,191,16,2,1.2
21,snacks,60.566921549145874,75.49013537490772,69.40607276759552,2023-04-01,5,4,1,38,18,6,1.1732050807568877
21,snacks,60.566921549145874,75.49013537490772,67.89335223701029,2023-04-02,6,4,1,149,6,12,1.1732050807568877
21,snacks,60.566921549145874,75.49013537490772,74.02896746573641,2023-04-03,0,4,0,46,18,14,1.1732050807568877
21,snacks,60.566921549145874,75.49013537490772,70.35025059420812,2023-04-04,1,4,0,37,14,1,1.1732050807568877
21,snacks,60.566921549145874,75.49013537490772,72.03351975269557,2023-04-05,2,4,0,161,15,6,1.1732050807568877
21,snacks,60.566921549145874,75.49013537490772,75.1726266157487,2023-04-06,3,4,0,84,19,2,1.1732050807568877
21,snacks,60.566921549145874,75.49013537490772,65.10733479150089,2023-04-07,4,4,0,36,10,9,1.1732050807568877
21,snacks,60.566921549145874,75.49013537490772,70.05338846578147,2023-04-08,5,4,1,50,12,5,1.1732050807568877
21,snacks,60.566921549145874,75.49013537490772,70.37819037936289,2023-04-09,6,4,1,111,22,5,1.1732050807568877
21,snacks,60.566921549145874,75.49013537490772,66.93477495080941,2023-04-10,0,4,0,180,8,11,1.1732050807568877
21,snacks,60.566921549145874,75.49013537490772,67.77127305602619,2023-04-11,1,4,0,130,30,2,1.1732050807568877
21,snacks,60.566921549145874,75.49013537490772,69.65691469845814,2023-04-12,2,4,0,187,8,12,1.1732050807568877
21,snacks,60.566921549145874,75.49013537490772,64.30618352026178,2023-04-13,3,4,0,48,12,14,1.1732050807568877
21,snacks,60.566921549145874,75.49013537490772,65.07995729250753,2023-04-14,4,4,0,78,30,1,1.1732050807568877
21,snacks,60.566921549145874,75.49013537490772,74.00002372214607,2023-04-15,5,4,1,31,11,10,1.1732050807568877
21,snacks,60.566921549145874,75.49013537490772,68.5594892569887,2023-04-16,6,4,1,22,18,8,1.1732050807568877
21,snacks,60.566921549145874,75.49013537490772,70.76030981416615,2023-04-17,0,4,0,192,9,6,1.1732050807568877
21,snacks,60.566921549145874,75.49013537490772,68.76940709540573,2023-04-18,1,4,0,55,25,3,1.1732050807568877
21,snacks,60.566921549145874,75.49013537490772,74.07061230677118,2023-04-19,2,4,0,85,6,12,1.1732050807568877
21,snacks,60.566921549145874,75.49013537490772,65.16437504246149,2023-04-20,3,4,0,111,12,6,1.1732050807568877
21,snacks,60.566921549145874,75.49013537490772,70.03549866690574,2023-04-21,4,4,0,64,11,12,1.1732050807568877
21,snacks,60.566921549145874,75.49013537490772,69.30020980265279,2023-04-22,5,4,1,33,16,13,1.1732050807568877
21,snacks,60.566921549145874,75.49013537490772,71.67720382807947,2023-04-23,6,4,1,155,12,6,1.1732050807568877
21,snacks,60.566921549145874,75.49013537490772,63.8699156347662,2023-04-24,0,4,0,185,17,14,1.1732050807568877
21,snacks,60.566921549145874,75.49013537490772,67.81351001496957,2023-04-25,1,4,0,90,9,14,1.1732050807568877
21,snacks,60.566921549145874,75.49013537490772,72.38030594951852,2023-04-26,2,4,0,79,14,5,1.1732050807568877
21,snacks,60.566921549145874,75.49013537490772,68.53829880191915,2023-04-27,3,4,0,164,16,11,1.1732050807568877
21,snacks,60.566921549145874,75.49013537490772,65.53796609048928,2023-04-28,4,4,0,32,15,3,1.1732050807568877
21,snacks,60.566921549145874,75.49013537490772,70.67641028892476,2023-04-29,5,4,1,111,15,8,1.1732050807568877
21,snacks,60.566921549145874,75.49013537490772,72.02127073076376,2023-04-30,6,4,1,156,11,13,1.1732050807568877
21,snacks,60.566921549145874,75.49013537490772,65.79711149409894,2023-05-01,0,5,0,168,34,1,1.1
21,snacks,60.566921549145874,75.49013537490772,64.52286311165714,2023-05-02,1,5,0,148,22,1,1.1
21,snacks,60.566921549145874,75.49013537490772,63.8048136492337,2023-05-03,2,5,0,72,12,4,1.1
21,snacks,60.566921549145874,75.49013537490772,66.47855830708929,2023-05-04,3,5,0,112,17,14,1.1
21,snacks,60.566921549145874,75.49013537490772,65.94577177844201,2023-05-05,4,5,0,55,7,6,1.1
21,snacks,60.566921549145874,75.49013537490772,70.56573093766914,2023-05-06,5,5,1,67,23,10,1.1
21,snacks,60.566921549145874,75.49013537490772,74.81721137828157,2023-05-07,6,5,1,153,16,14,1.1
21,snacks,60.566921549145874,75.49013537490772,65.2605548530273,2023-05-08,0,5,0,52,13,10,1.1
21,snacks,60.566921549145874,75.49013537490772,74.05381871183675,2023-05-09,1,5,0,68,16,8,1.1
21,snacks,60.566921549145874,75.49013537490772,63.930513201859625,2023-05-10,2,5,0,79,18,14,1.1
21,snacks,60.566921549145874,75.49013537490772,66.32953601331081,2023-05-11,3,5,0,32,14,12,1.1
21,snacks,60.566921549145874,75.49013537490772,72.0913370543151,2023-05-12,4,5,0,137,8,4,1.1
21,snacks,60.566921549145874,75.49013537490772,67.85747147335906,2023-05-13,5,5,1,152,20,8,1.1
21,snacks,60.566921549145874,75.49013537490772,74.53707964704333,2023-05-14,6,5,1,158,10,6,1.1
21,snacks,60.566921549145874,75.49013537490772,70.2048182891922,2023-05-15,0,5,0,130,16,13,1.1
21,snacks,60.566921549145874,75.49013537490772,75.4523743656188,2023-05-16,1,5,0,22,1,13,1.1
21,snacks,60.566921549145874,75.49013537490772,64.19662110547212,2023-05-17,2,5,0,179,19,4,1.1
21,snacks,60.566921549145874,75.49013537490772,66.30390194661413,2023-05-18,3,5,0,105,15,7,1.1
21,snacks,60.566921549145874,75.49013537490772,64.66668431393535,2023-05-19,4,5,0,83,14,8,1.1
21,snacks,60.566921549145874,75.49013537490772,70.11027353906415,2023-05-20,5,5,1,66,13,7,1.1
21,snacks,60.566921549145874,75.49013537490772,67.07300085044156,2023-05-21,6,5,1,102,9,3,1.1
21,snacks,60.566921549145874,75.49013537490772,69.71146803639989,2023-05-22,0,5,0,24,4,12,1.1
21,snacks,60.566921549145874,75.49013537490772,74.98450307759623,2023-05-23,1,5,0,157,4,6,1.1
21,snacks,60.566921549145874,75.49013537490772,65.45011332645785,2023-05-24,2,5,0,91,18,14,1.1
21,snacks,60.566921549145874,75.49013537490772,69.32220535761272,2023-05-25,3,5,0,132,9,11,1.1
21,snacks,60.566921549145874,75.49013537490772,72.81947282141259,2023-05-26,4,5,0,170,5,14,1.1
21,snacks,60.566921549145874,75.49013537490772,70.92702652034005,2023-05-27,5,5,1,175,16,8,1.1
21,snacks,60.566921549145874,75.49013537490772,74.58415606918855,2023-05-28,6,5,1,176,24,2,1.1
21,snacks,60.566921549145874,75.49013537490772,74.22797064823772,2023-05-29,0,5,0,70,16,6,1.1
21,snacks,60.566921549145874,75.49013537490772,64.6441577931005,2023-05-30,1,5,0,168,13,11,1.1
21,snacks,60.566921549145874,75.49013537490772,74.41614378576183,2023-05-31,2,5,0,141,5,5,1.1
21,snacks,60.566921549145874,75.49013537490772,64.01899690356377,2023-06-01,3,6,0,167,14,12,1.0
21,snacks,60.566921549145874,75.49013537490772,68.66291143838541,2023-06-02,4,6,0,158,21,4,1.0
21,snacks,60.566921549145874,75.49013537490772,66.73235090102096,2023-06-03,5,6,1,50,17,1,1.0
21,snacks,60.566921549145874,75.49013537490772,64.17706731961896,2023-06-04,6,6,1,66,40,1,1.0
21,snacks,60.566921549145874,75.49013537490772,70.40077046294796,2023-06-05,0,6,0,38,19,14,1.0
21,snacks,60.566921549145874,75.49013537490772,72.95604897870997,2023-06-06,1,6,0,172,8,8,1.0
21,snacks,60.566921549145874,75.49013537490772,70.94656089702558,2023-06-07,2,6,0,185,14,4,1.0
21,snacks,60.566921549145874,75.49013537490772,67.24311396168012,2023-06-08,3,6,0,164,12,13,1.0
21,snacks,60.566921549145874,75.49013537490772,69.91700320353918,2023-06-09,4,6,0,163,18,4,1.0
21,snacks,60.566921549145874,75.49013537490772,72.57870628391488,2023-06-10,5,6,1,42,20,4,1.0
21,snacks,60.566921549145874,75.49013537490772,70.00766004810305,2023-06-11,6,6,1,137,19,7,1.0
21,snacks,60.566921549145874,75.49013537490772,68.36784540863653,2023-06-12,0,6,0,111,8,5,1.0
21,snacks,60.566921549145874,75.49013537490772,68.97265864693836,2023-06-13,1,6,0,122,10,9,1.0
21,snacks,60.566921549145874,75.49013537490772,68.81398868619998,2023-06-14,2,6,0,69,12,8,1.0
21,snacks,60.566921549145874,75.49013537490772,65.81685323769521,2023-06-15,3,6,0,172,3,11,1.0
21,snacks,60.566921549145874,75.49013537490772,67.41142972048692,2023-06-16,4,6,0,52,9,3,1.0
21,snacks,60.566921549145874,75.49013537490772,71.98212037714838,2023-06-17,5,6,1,117,22,4,1.0
21,snacks,60.566921549145874,75.49013537490772,74.73735153646344,2023-06-18,6,6,1,112,11,8,1.0
21,snacks,60.566921549145874,75.49013537490772,69.66281984429553,2023-06-19,0,6,0,146,15,13,1.0
21,snacks,60.566921549145874,75.49013537490772,74.69077714898272,2023-06-20,1,6,0,52,15,8,1.0
21,snacks,60.566921549145874,75.49013537490772,68.33422355763439,2023-06-21,2,6,0,94,11,14,1.0
21,snacks,60.566921549145874,75.49013537490772,69.97946471765168,2023-06-22,3,6,0,199,19,14,1.0
21,snacks,60.566921549145874,75.49013537490772,67.51852603732246,2023-06-23,4,6,0,44,6,11,1.0
21,snacks,60.566921549145874,75.49013537490772,66.54064384061225,2023-06-24,5,6,1,112,20,5,1.0
21,snacks,60.566921549145874,75.49013537490772,72.77383214474551,2023-06-25,6,6,1,30,17,11,1.0
21,snacks,60.566921549145874,75.49013537490772,71.52037820873964,2023-06-26,0,6,0,60,15,2,1.0
21,snacks,60.566921549145874,75.49013537490772,72.3620933030538,2023-06-27,1,6,0,77,11,8,1.0
21,snacks,60.566921549145874,75.49013537490772,74.08235344683376,2023-06-28,2,6,0,95,7,3,1.0
21,snacks,60.566921549145874,75.49013537490772,73.69708667292323,2023-06-29,3,6,0,98,7,4,1.0
22,snacks,92.00652303766866,142.0150048058207,118.42081763165159,2023-01-01,6,1,1,195,22,7,1.1
22,snacks,92.00652303766866,142.0150048058207,127.68429996665124,2023-01-02,0,1,0,94,16,4,1.1
22,snacks,92.00652303766866,142.0150048058207,136.07483993617313,2023-01-03,1,1,0,59,9,14,1.1
22,snacks,92.00652303766866,142.0150048058207,126.91810164581906,2023-01-04,2,1,0,110,20,4,1.1
22,snacks,92.00652303766866,142.0150048058207,134.33161443309228,2023-01-05,3,1,0,162,18,4,1.1
22,snacks,92.00652303766866,142.0150048058207,113.88213005868685,2023-01-06,4,1,0,46,17,13,1.1
22,snacks,92.00652303766866,142.0150048058207,111.509885351496,2023-01-07,5,1,1,143,23,9,1.1
22,snacks,92.00652303766866,142.0150048058207,114.21536714824526,2023-01-08,6,1,1,135,15,11,1.1
22,snacks,92.00652303766866,142.0150048058207,101.64926082432704,2023-01-09,0,1,0,104,12,8,1.1
22,snacks,92.00652303766866,142.0150048058207,118.6643657437809,2023-01-10,1,1,0,171,10,9,1.1
22,snacks,92.00652303766866,142.0150048058207,118.96903185847732,2023-01-11,2,1,0,187,20,3,1.1
22,snacks,92.00652303766866,142.0150048058207,133.41390248383487,2023-01-12,3,1,0,152,14,2,1.1
22,snacks,92.00652303766866,142.0150048058207,130.68634781610612,2023-01-13,4,1,0,106,7,10,1.1
22,snacks,92.00652303766866,142.0150048058207,113.09869382246735,2023-01-14,5,1,1,25,7,9,1.1
22,snacks,92.00652303766866,142.0150048058207,123.06171969594456,2023-01-15,6,1,1,188,13,12,1.1
22,snacks,92.00652303766866,142.0150048058207,127.78680760283291,2023-01-16,0,1,0,167,14,5,1.1
22,snacks,92.00652303766866,142.0150048058207,119.08808420328101,2023-01-17,1,1,0,98,8,3,1.1
22,snacks,92.00652303766866,142.0150048058207,130.6072647081471,2023-01-18,2,1,0,197,16,12,1.1
22,snacks,92.00652303766866,142.0150048058207,141.31287934397164,2023-01-19,3,1,0,54,15,2,1.1
22,snacks,92.00652303766866,142.0150048058207,121.12320579976156,2023-01-20,4,1,0,35,13,12,1.1
22,snacks,92.00652303766866,142.0150048058207,126.58165563997707,2023-01-21,5,1,1,163,18,8,1.1
22,snacks,92.00652303766866,142.0150048058207,111.08867770591313,2023-01-22,6,1,1,139,35,1,1.1
22,snacks,92.00652303766866,142.0150048058207,97.20270070907097,2023-01-23,0,1,0,173,21,13,1.1
22,snacks,92.00652303766866,142.0150048058207,133.4696789392098,2023-01-24,1,1,0,101,13,4,1.1
22,snacks,92.00652303766866,142.0150048058207,141.27023517115305,2023-01-25,2,1,0,54,5,8,1.1
22,snacks,92.00652303766866,142.0150048058207,127.93311889441254,2023-01-26,3,1,0,89,6,10,1.1
22,snacks,92.00652303766866,142.0150048058207,113.73869807359797,2023-01-27,4,1,0,193,8,11,1.1
22,snacks,92.00652303766866,142.0150048058207,99.58973042755167,2023-01-28,5,1,1,159,15,12,1.1
22,snacks,92.00652303766866,142.0150048058207,102.393803289093,2023-01-29,6,1,1,79,12,10,1.1
22,snacks,92.00652303766866,142.0150048058207,122.06461037974105,2023-01-30,0,1,0,108,13,7,1.1
22,snacks,92.00652303766866,142.0150048058207,127.06154357732694,2023-01-31,1,1,0,166,18,10,1.1
22,snacks,92.00652303766866,142.0150048058207,129.36745023761796,2023-02-01,2,2,0,103,25,1,1.1732050807568877
22,snacks,92.00652303766866,142.0150048058207,109.44172105577557,2023-02-02,3,2,0,69,11,4,1.1732050807568877
22,snacks,92.00652303766866,142.0150048058207,111.41670629871005,2023-02-03,4,2,0,140,8,6,1.1732050807568877
22,snacks,92.00652303766866,142.0150048058207,101.1155769098574,2023-02-04,5,2,1,121,17,11,1.1732050807568877
22,snacks,92.00652303766866,142.0150048058207,135.32286151238986,2023-02-05,6,2,1,174,17,11,1.1732050807568877
22,snacks,92.00652303766866,142.0150048058207,113.15522690431041,2023-02-06,0,2,0,76,13,7,1.1732050807568877
22,snacks,92.00652303766866,142.0150048058207,141.25975639859394,2023-02-07,1,2,0,175,12,7,1.1732050807568877
22,snacks,92.00652303766866,142.0150048058207,108.5926875748605,2023-02-08,2,2,0,80,8,4,1.1732050807568877
22,snacks,92.00652303766866,142.0150048058207,123.51926703691255,2023-02-09,3,2,0,50,15,7,1.1732050807568877
22,snacks,92.00652303766866,142.0150048058207,138.67715192762,2023-02-10,4,2,0,69,13,7,1.1732050807568877
22,snacks,92.00652303766866,142.0150048058207,105.74748133442215,2023-02-11,5,2,1,78,26,9,1.1732050807568877
22,snacks,92.00652303766866,142.0150048058207,129.43032426812076,2023-02-12,6,2,1,158,11,11,1.1732050807568877
22,snacks,92.00652303766866,142.0150048058207,118.37604186220727,2023-02-13,0,2,0,179,17,9,1.1732050807568877
22,snacks,92.00652303766866,142.0150048058207,122.0314061699209,2023-02-14,1,2,0,52,6,8,1.1732050807568877
22,snacks,92.00652303766866,142.0150048058207,132.38090119834015,2023-02-15,2,2,0,83,13,8,1.1732050807568877
22,snacks,92.00652303766866,142.0150048058207,100.6789734233369,2023-02-16,3,2,0,155,15,2,1.1732050807568877
22,snacks,92.00652303766866,142.0150048058207,132.12642537054853,2023-02-17,4,2,0,190,5,3,1.1732050807568877
22,snacks,92.00652303766866,142.0150048058207,112.32390780035462,2023-02-18,5,2,1,129,28,2,1.1732050807568877
22,snacks,92.00652303766866,142.0150048058207,135.50793542150953,2023-02-19,6,2,1,86,5,4,1.1732050807568877
22,snacks,92.00652303766866,142.0150048058207,140.84675470005573,2023-02-20,0,2,0,169,5,11,1.1732050807568877
22,snacks,92.00652303766866,142.0150048058207,113.49405101895661,2023-02-21,1,2,0,114,21,8,1.1732050807568877
22,snacks,92.00652303766866,142.0150048058207,126.55260504696521,2023-02-22,2,2,0,26,26,1,1.1732050807568877
22,snacks,92.00652303766866,142.0150048058207,125.49263575642586,2023-02-23,3,2,0,169,7,4,1.1732050807568877
22,snacks,92.00652303766866,142.0150048058207,136.12682000162735,2023-02-24,4,2,0,128,11,9,1.1732050807568877
22,snacks,92.00652303766866,142.0150048058207,130.16814675779213,2023-02-25,5,2,1,117,15,7,1.1732050807568877
22,snacks,92.00652303766866,142.0150048058207,111.34648196516424,2023-02-26,6,2,1,69,14,8,1.1732050807568877
22,snacks,92.00652303766866,142.0150048058207,126.13028849050366,2023-02-27,0,2,0,95,9,11,1.1732050807568877
22,snacks,92.00652303766866,142.0150048058207,107.37619616910835,2023-02-28,1,2,0,120,17,14,1.1732050807568877
22,snacks,92.00652303766866,142.0150048058207,110.55263349527918,2023-03-01,2,3,0,89,5,12,1.2
22,snacks,92.00652303766866,142.0150048058207,110.85442887610357,2023-03-02,3,3,0,76,16,5,1.2
22,snacks,92.00652303766866,142.0150048058207,115.15510589814537,2023-03-03,4,3,0,36,18,11,1.2
22,snacks,92.00652303766866,142.0150048058207,106.05570582322181,2023-03-04,5,3,1,134,24,2,1.2
22,snacks,92.00652303766866,142.0150048058207,133.39320550105919,2023-03-05,6,3,1,28,12,11,1.2
22,snacks,92.00652303766866,142.0150048058207,97.98167651840541,2023-03-06,0,3,0,64,20,9,1.2
22,snacks,92.00652303766866,142.0150048058207,108.24285318011974,2023-03-07,1,3,0,102,15,13,1.2
22,snacks,92.00652303766866,142.0150048058207,117.49549839031951,2023-03-08,2,3,0,86,16,6,1.2
22,snacks,92.00652303766866,142.0150048058207,127.06190816805085,2023-03-09,3,3,0,50,16,4,1.2
22,snacks,92.00652303766866,142.0150048058207,124.24553777786765,2023-03-10,4,3,0,76,8,13,1.2
22,snacks,92.00652303766866,142.0150048058207,103.57686493508437,2023-03-11,5,3,1,90,22,8,1.2
22,snacks,92.00652303766866,142.0150048058207,125.47457700552685,2023-03-12,6,3,1,66,17,4,1.2
22,snacks,92.00652303766866,142.0150048058207,106.56030797291366,2023-03-13,0,3,0,148,16,11,1.2
22,snacks,92.00652303766866,142.0150048058207,99.25851401903265,2023-03-14,1,3,0,185,19,6,1.2
22,snacks,92.00652303766866,142.0150048058207,105.90157304879045,2023-03-15,2,3,0,119,10,13,1.2
22,snacks,92.00652303766866,142.0150048058207,119.27838756618388,2023-03-16,3,3,0,73,31,2,1.2
22,snacks,92.00652303766866,142.0150048058207,100.3973451418783,2023-03-17,4,3,0,169,14,3,1.2
22,snacks,92.00652303766866,142.0150048058207,110.64406723853108,2023-03-18,5,3,1,189,10,2,1.2
22,snacks,92.00652303766866,142.0150048058207,141.38376394263213,2023-03-19,6,3,1,63,8,11,1.2
22,snacks,92.00652303766866,142.0150048058207,98.90656005394554,2023-03-20,0,3,0,118,24,13,1.2
22,snacks,92.00652303766866,142.0150048058207,118.83828971911292,2023-03-21,1,3,0,87,17,11,1.2
22,snacks,92.00652303766866,142.0150048058207,141.281163990727,2023-03-22,2,3,0,115,30,1,1.2
22,snacks,92.00652303766866,142.0150048058207,128.79474329563072,2023-03-23,3,3,0,57,12,9,1.2
22,snacks,92.00652303766866,142.0150048058207,100.47413314894173,2023-03-24,4,3,0,59,9,8,1.2
22,snacks,92.00652303766866,142.0150048058207,129.59859456516386,2023-03-25,5,3,1,40,26,2,1.2
22,snacks,92.00652303766866,142.0150048058207,104.03972307392718,2023-03-26,6,3,1,167,32,1,1.2
22,snacks,92.00652303766866,142.0150048058207,100.45543165184674,2023-03-27,0,3,0,148,20,12,1.2
22,snacks,92.00652303766866,142.0150048058207,108.87634912992313,2023-03-28,1,3,0,90,24,9,1.2
22,snacks,92.00652303766866,142.0150048058207,103.10731326704533,2023-03-29,2,3,0,182,12,7,1.2
22,snacks,92.00652303766866,142.0150048058207,105.33574996554427,2023-03-30,3,3,0,32,15,2,1.2
22,snacks,92.00652303766866,142.0150048058207,99.44187487448632,2023-03-31,4,3,0,40,25,12,1.2
22,snacks,92.00652303766866,142.0150048058207,128.53166771472073,2023-04-01,5,4,1,69,17,10,1.1732050807568877
22,snacks,92.00652303766866,142.0150048058207,140.4193585288956,2023-04-02,6,4,1,102,12,5,1.1732050807568877
22,snacks,92.00652303766866,142.0150048058207,138.39727241513165,2023-04-03,0,4,0,28,9,4,1.1732050807568877
22,snacks,92.00652303766866,142.0150048058207,138.82123427276264,2023-04-04,1,4,0,160,12,6,1.1732050807568877
22,snacks,92.00652303766866,142.0150048058207,131.25069883404274,2023-04-05,2,4,0,26,14,9,1.1732050807568877
22,snacks,92.00652303766866,142.0150048058207,122.75788131507922,2023-04-06,3,4,0,26,17,11,1.1732050807568877
22,snacks,92.00652303766866,142.0150048058207,126.53354144130698,2023-04-07,4,4,0,175,5,3,1.1732050807568877
22,snacks,92.00652303766866,142.0150048058207,102.36014628575451,2023-04-08,5,4,1,139,23,14,1.1732050807568877
22,snacks,92.00652303766866,142.0150048058207,141.90678972589092,2023-04-09,6,4,1,37,9,13,1.1732050807568877
22,snacks,92.00652303766866,142.0150048058207,99.5601638156419,2023-04-10,0,4,0,187,14,14,1.1732050807568877
22,snacks,92.00652303766866,142.0150048058207,140.54660839345638,2023-04-11,1,4,0,114,8,7,1.1732050807568877
22,snacks,92.00652303766866,142.0150048058207,125.10531285761456,2023-04-12,2,4,0,36,26,1,1.1732050807568877
22,snacks,92.00652303766866,142.0150048058207,121.10471218024162,2023-04-13,3,4,0,112,7,9,1.1732050807568877
22,snacks,92.00652303766866,142.0150048058207,137.5096984304418,2023-04-14,4,4,0,62,21,4,1.1732050807568877
22,snacks,92.00652303766866,142.0150048058207,113.64844259858083,2023-04-15,5,4,1,128,13,6,1.1732050807568877
22,snacks,92.00652303766866,142.0150048058207,135.11013884676578,2023-04-16,6,4,1,137,15,4,1.1732050807568877
22,snacks,92.00652303766866,142.0150048058207,134.97174886804802,2023-04-17,0,4,0,38,11,5,1.1732050807568877
22,snacks,92.00652303766866,142.0150048058207,98.61989493280154,2023-04-18,1,4,0,114,28,3,1.1732050807568877
22,snacks,92.00652303766866,142.0150048058207,105.46323246362725,2023-04-19,2,4,0,95,28,3,1.1732050807568877
22,snacks,92.00652303766866,142.0150048058207,132.0213862547539,2023-04-20,3,4,0,117,11,8,1.1732050807568877
22,snacks,92.00652303766866,142.0150048058207,111.81296403607,2023-04-21,4,4,0,132,16,5,1.1732050807568877
22,snacks,92.00652303766866,142.0150048058207,98.88492384222877,2023-04-22,5,4,1,58,31,3,1.1732050807568877
22,snacks,92.00652303766866,142.0150048058207,119.60000683011273,2023-04-23,6,4,1,65,17,6,1.1732050807568877
22,snacks,92.00652303766866,142.0150048058207,139.0330515996166,2023-04-24,0,4,0,160,8,3,1.1732050807568877
22,snacks,92.00652303766866,142.0150048058207,113.57739888085071,2023-04-25,1,4,0,60,16,11,1.1732050807568877
22,snacks,92.00652303766866,142.0150048058207,136.9636525699764,2023-04-26,2,4,0,62,25,1,1.1732050807568877
22,snacks,92.00652303766866,142.0150048058207,125.06729444457552,2023-04-27,3,4,0,145,5,13,1.1732050807568877
22,snacks,92.00652303766866,142.0150048058207,123.2758387379514,2023-04-28,4,4,0,96,5,13,1.1732050807568877
22,snacks,92.00652303766866,142.0150048058207,111.14168689814997,2023-04-29,5,4,1,181,17,1,1.1732050807568877
22,snacks,92.00652303766866,142.0150048058207,105.06670272239694,2023-04-30,6,4,1,71,22,8,1.1732050807568877
22,snacks,92.00652303766866,142.0150048058207,130.5776349007564,2023-05-01,0,5,0,67,5,5,1.1
22,snacks,92.00652303766866,142.0150048058207,132.64571215560863,2023-05-02,1,5,0,86,2,12,1.1
22,snacks,92.00652303766866,142.0150048058207,106.40855833849992,2023-05-03,2,5,0,197,11,3,1.1
22,snacks,92.00652303766866,142.0150048058207,123.12716245089197,2023-05-04,3,5,0,129,9,4,1.1
22,snacks,92.00652303766866,142.0150048058207,119.22679281796756,2023-05-05,4,5,0,171,12,1,1.1
22,snacks,92.00652303766866,142.0150048058207,122.48698756522904,2023-05-06,5,5,1,94,19,2,1.1
22,snacks,92.00652303766866,142.0150048058207,109.1761353086433,2023-05-07,6,5,1,48,19,14,1.1
22,snacks,92.00652303766866,142.0150048058207,113.7310395250101,2023-05-08,0,5,0,147,19,2,1.1
22,snacks,92.00652303766866,142.0150048058207,124.94282957367211,2023-05-09,1,5,0,113,10,11,1.1
22,snacks,92.00652303766866,142.0150048058207,140.90598482159754,2023-05-10,2,5,0,162,14,10,1.1
22,snacks,92.00652303766866,142.0150048058207,110.40463783213919,2023-05-11,3,5,0,162,17,14,1.1
22,snacks,92.00652303766866,142.0150048058207,125.09661219811214,2023-05-12,4,5,0,109,12,13,1.1
22,snacks,92.00652303766866,142.0150048058207,134.4258962474877,2023-05-13,5,5,1,59,12,10,1.1
22,snacks,92.00652303766866,142.0150048058207,134.3581128561293,2023-05-14,6,5,1,197,10,13,1.1
22,snacks,92.00652303766866,142.0150048058207,106.76839687291377,2023-05-15,0,5,0,50,36,1,1.1
22,snacks,92.00652303766866,142.0150048058207,129.83454120447942,2023-05-16,1,5,0,54,12,5,1.1
22,snacks,92.00652303766866,142.0150048058207,134.71213875814516,2023-05-17,2,5,0,160,21,3,1.1
22,snacks,92.00652303766866,142.0150048058207,102.18021531165499,2023-05-18,3,5,0,67,24,1,1.1
22,snacks,92.00652303766866,142.0150048058207,141.91063605858466,2023-05-19,4,5,0,182,23,2,1.1
22,snacks,92.00652303766866,142.0150048058207,106.42954000567198,2023-05-20,5,5,1,153,30,3,1.1
22,snacks,92.00652303766866,142.0150048058207,139.60979823454332,2023-05-21,6,5,1,154,16,13,1.1
22,snacks,92.00652303766866,142.0150048058207,109.47266610163376,2023-05-22,0,5,0,65,16,13,1.1
22,snacks,92.00652303766866,142.0150048058207,141.591567001198,2023-05-23,1,5,0,119,7,13,1.1
22,snacks,92.00652303766866,142.0150048058207,97.91327893051943,2023-05-24,2,5,0,41,18,14,1.1
22,snacks,92.00652303766866,142.0150048058207,112.05822114442451,2023-05-25,3,5,0,119,15,12,1.1
22,snacks,92.00652303766866,142.0150048058207,116.87476420910764,2023-05-26,4,5,0,49,17,6,1.1
22,snacks,92.00652303766866,142.0150048058207,120.93471353902916,2023-05-27,5,5,1,182,14,11,1.1
22,snacks,92.00652303766866,142.0150048058207,128.37869505450266,2023-05-28,6,5,1,40,21,8,1.1
22,snacks,92.00652303766866,142.0150048058207,141.26513698471433,2023-05-29,0,5,0,143,3,5,1.1
22,snacks,92.00652303766866,142.0150048058207,131.0985610139281,2023-05-30,1,5,0,123,11,14,1.1
22,snacks,92.00652303766866,142.0150048058207,130.6045300112038,2023-05-31,2,5,0,38,14,11,1.1
22,snacks,92.00652303766866,142.0150048058207,130.6924929410335,2023-06-01,3,6,0,81,3,14,1.0
22,snacks,92.00652303766866,142.0150048058207,138.01727844320183,2023-06-02,4,6,0,174,10,2,1.0
22,snacks,92.00652303766866,142.0150048058207,139.91106591609412,2023-06-03,5,6,1,137,19,6,1.0
22,snacks,92.00652303766866,142.0150048058207,114.22226547498713,2023-06-04,6,6,1,117,13,4,1.0
22,snacks,92.00652303766866,142.0150048058207,98.90499412252402,2023-06-05,0,6,0,148,12,2,1.0
22,snacks,92.00652303766866,142.0150048058207,102.67656865126584,2023-06-06,1,6,0,57,9,12,1.0
22,snacks,92.00652303766866,142.0150048058207,126.5610624705164,2023-06-07,2,6,0,107,3,13,1.0
22,snacks,92.00652303766866,142.0150048058207,116.17644027210636,2023-06-08,3,6,0,41,21,3,1.0
22,snacks,92.00652303766866,142.0150048058207,111.95673182004508,2023-06-09,4,6,0,114,32,1,1.0
22,snacks,92.00652303766866,142.0150048058207,123.61699952995274,2023-06-10,5,6,1,145,21,5,1.0
22,snacks,92.00652303766866,142.0150048058207,135.9251395433703,2023-06-11,6,6,1,199,17,2,1.0
22,snacks,92.00652303766866,142.0150048058207,105.34704584561025,2023-06-12,0,6,0,124,16,11,1.0
22,snacks,92.00652303766866,142.0150048058207,103.15289164531787,2023-06-13,1,6,0,180,21,12,1.0
22,snacks,92.00652303766866,142.0150048058207,116.2857725502392,2023-06-14,2,6,0,85,15,12,1.0
22,snacks,92.00652303766866,142.0150048058207,128.02617876985352,2023-06-15,3,6,0,165,12,13,1.0
22,snacks,92.00652303766866,142.0150048058207,141.01601600826172,2023-06-16,4,6,0,198,4,10,1.0
22,snacks,92.00652303766866,142.0150048058207,129.77158833135985,2023-06-17,5,6,1,184,15,10,1.0
22,snacks,92.00652303766866,142.0150048058207,140.18500166971842,2023-06-18,6,6,1,87,10,14,1.0
22,snacks,92.00652303766866,142.0150048058207,102.32727149783352,2023-06-19,0,6,0,159,16,1,1.0
22,snacks,92.00652303766866,142.0150048058207,116.76341985198849,2023-06-20,1,6,0,134,18,4,1.0
22,snacks,92.00652303766866,142.0150048058207,134.24213921842025,2023-06-21,2,6,0,125,19,1,1.0
22,snacks,92.00652303766866,142.0150048058207,110.81543947070588,2023-06-22,3,6,0,129,20,3,1.0
22,snacks,92.00652303766866,142.0150048058207,108.35281475423903,2023-06-23,4,6,0,192,2,14,1.0
22,snacks,92.00652303766866,142.0150048058207,103.49112367361178,2023-06-24,5,6,1,59,23,11,1.0
22,snacks,92.00652303766866,142.0150048058207,125.98317636770881,2023-06-25,6,6,1,69,18,13,1.0
22,snacks,92.00652303766866,142.0150048058207,125.21824875847715,2023-06-26,0,6,0,104,14,4,1.0
22,snacks,92.00652303766866,142.0150048058207,114.08351564289264,2023-06-27,1,6,0,158,4,14,1.0
22,snacks,92.00652303766866,142.0150048058207,140.92953097893616,2023-06-28,2,6,0,53,9,7,1.0
22,snacks,92.00652303766866,142.0150048058207,99.26907034192038,2023-06-29,3,6,0,124,5,8,1.0
23,beverages,63.91912200576366,77.5983827695437,68.98984271602374,2023-01-01,6,1,1,121,13,7,1.1
23,beverages,63.91912200576366,77.5983827695437,76.42776064170292,2023-01-02,0,1,0,54,28,2,1.1
23,beverages,63.91912200576366,77.5983827695437,70.23417106068943,2023-01-03,1,1,0,190,9,7,1.1
23,beverages,63.91912200576366,77.5983827695437,75.88664116555658,2023-01-04,2,1,0,107,12,14,1.1
23,beverages,63.91912200576366,77.5983827695437,74.81307005845699,2023-01-05,3,1,0,105,16,10,1.1
23,beverages,63.91912200576366,77.5983827695437,71.00737980795878,2023-01-06,4,1,0,114,13,12,1.1
23,beverages,63.91912200576366,77.5983827695437,75.09616234905971,2023-01-07,5,1,1,81,22,7,1.1
23,beverages,63.91912200576366,77.5983827695437,72.29682161619783,2023-01-08,6,1,1,45,30,3,1.1
23,beverages,63.91912200576366,77.5983827695437,69.35392418856766,2023-01-09,0,1,0,61,15,6,1.1
23,beverages,63.91912200576366,77.5983827695437,77.59703501780339,2023-01-10,1,1,0,184,12,3,1.1
23,beverages,63.91912200576366,77.5983827695437,70.83130006692949,2023-01-11,2,1,0,26,8,8,1.1
23,beverages,63.91912200576366,77.5983827695437,73.13808678341974,2023-01-12,3,1,0,28,13,14,1.1
23,beverages,63.91912200576366,77.5983827695437,69.1513212170845,2023-01-13,4,1,0,158,18,10,1.1
23,beverages,63.91912200576366,77.5983827695437,72.93742352600192,2023-01-14,5,1,1,35,11,12,1.1
23,beverages,63.91912200576366,77.5983827695437,75.20040251636867,2023-01-15,6,1,1,153,29,2,1.1
23,beverages,63.91912200576366,77.5983827695437,67.11808130439103,2023-01-16,0,1,0,57,19,12,1.1
23,beverages,63.91912200576366,77.5983827695437,69.20232807549493,2023-01-17,1,1,0,122,17,4,1.1
23,beverages,63.91912200576366,77.5983827695437,71.95859322847707,2023-01-18,2,1,0,98,13,13,1.1
23,beverages,63.91912200576366,77.5983827695437,72.19467669453402,2023-01-19,3,1,0,39,21,1,1.1
23,beverages,63.91912200576366,77.5983827695437,76.03564521759174,2023-01-20,4,1,0,78,9,8,1.1
23,beverages,63.91912200576366,77.5983827695437,73.92569497735082,2023-01-21,5,1,1,123,14,14,1.1
23,beverages,63.91912200576366,77.5983827695437,72.16342844530776,2023-01-22,6,1,1,22,8,8,1.1
23,beverages,63.91912200576366,77.5983827695437,74.29783171569423,2023-01-23,0,1,0,110,13,3,1.1
23,beverages,63.91912200576366,77.5983827695437,74.59008606562352,2023-01-24,1,1,0,165,20,12,1.1
23,beverages,63.91912200576366,77.5983827695437,75.73680349228678,2023-01-25,2,1,0,21,12,11,1.1
23,beverages,63.91912200576366,77.5983827695437,69.44283065919552,2023-01-26,3,1,0,106,5,13,1.1
23,beverages,63.91912200576366,77.5983827695437,72.14923656620039,2023-01-27,4,1,0,66,13,5,1.1
23,beverages,63.91912200576366,77.5983827695437,71.1688828551313,2023-01-28,5,1,1,158,12,14,1.1
23,beverages,63.91912200576366,77.5983827695437,69.26052340779326,2023-01-29,6,1,1,182,7,13,1.1
23,beverages,63.91912200576366,77.5983827695437,74.72785604885436,2023-01-30,0,1,0,128,10,13,1.1
23,beverages,63.91912200576366,77.5983827695437,68.61301585292637,2023-01-31,1,1,0,56,16,12,1.1
23,beverages,63.91912200576366,77.5983827695437,67.24190535334226,2023-02-01,2,2,0,129,6,8,1.1732050807568877
23,beverages,63.91912200576366,77.5983827695437,69.5269994878101,2023-02-02,3,2,0,158,12,2,1.1732050807568877
23,beverages,63.91912200576366,77.5983827695437,68.24251833554291,2023-02-03,4,2,0,61,6,12,1.1732050807568877
23,beverages,63.91912200576366,77.5983827695437,72.44323834974327,2023-02-04,5,2,1,87,27,14,1.1732050807568877
23,beverages,63.91912200576366,77.5983827695437,70.61473567529838,2023-02-05,6,2,1,187,15,13,1.1732050807568877
23,beverages,63.91912200576366,77.5983827695437,74.5167208457969,2023-02-06,0,2,0,189,20,5,1.1732050807568877
23,beverages,63.91912200576366,77.5983827695437,72.46571091584264,2023-02-07,1,2,0,74,23,5,1.1732050807568877
23,beverages,63.91912200576366,77.5983827695437,77.03560695514487,2023-02-08,2,2,0,40,22,14,1.1732050807568877
23,beverages,63.91912200576366,77.5983827695437,77.3951240852293,2023-02-09,3,2,0,71,27,1,1.1732050807568877
23,beverages,63.91912200576366,77.5983827695437,67.83693265116956,2023-02-10,4,2,0,189,25,7,1.1732050807568877
23,beverages,63.91912200576366,77.5983827695437,76.53191251313152,2023-02-11,5,2,1,91,27,6,1.1732050807568877
23,beverages,63.91912200576366,77.5983827695437,73.9926068291284,2023-02-12,6,2,1,164,14,2,1.1732050807568877
23,beverages,63.91912200576366,77.5983827695437,74.47953843756733,2023-02-13,0,2,0,155,23,11,1.1732050807568877
23,beverages,63.91912200576366,77.5983827695437,72.22017754886821,2023-02-14,1,2,0,26,10,10,1.1732050807568877
23,beverages,63.91912200576366,77.5983827695437,69.37341155275637,2023-02-15,2,2,0,133,22,14,1.1732050807568877
23,beverages,63.91912200576366,77.5983827695437,73.77704016650021,2023-02-16,3,2,0,80,23,6,1.1732050807568877
23,beverages,63.91912200576366,77.5983827695437,67.50011090009085,2023-02-17,4,2,0,68,14,2,1.1732050807568877
23,beverages,63.91912200576366,77.5983827695437,70.34135751140059,2023-02-18,5,2,1,160,16,4,1.1732050807568877
23,beverages,63.91912200576366,77.5983827695437,70.56883884762895,2023-02-19,6,2,1,95,26,4,1.1732050807568877
23,beverages,63.91912200576366,77.5983827695437,71.6474084925591,2023-02-20,0,2,0,172,14,12,1.1732050807568877
23,beverages,63.91912200576366,77.5983827695437,71.57867923302578,2023-02-21,1,2,0,185,8,12,1.1732050807568877
23,beverages,63.91912200576366,77.5983827695437,77.54786714012795,2023-02-22,2,2,0,58,11,13,1.1732050807568877
23,beverages,63.91912200576366,77.5983827695437,70.44236970346523,2023-02-23,3,2,0,109,23,5,1.1732050807568877
23,beverages,63.91912200576366,77.5983827695437,72.35850451889301,2023-02-24,4,2,0,75,8,6,1.1732050807568877
23,beverages,63.91912200576366,77.5983827695437,74.22579619050974,2023-02-25,5,2,1,197,29,2,1.1732050807568877
23,beverages,63.91912200576366,77.5983827695437,76.51791699608026,2023-02-26,6,2,1,87,10,10,1.1732050807568877
23,beverages,63.91912200576366,77.5983827695437,74.71931557467744,2023-02-27,0,2,0,27,11,13,1.1732050807568877
23,beverages,63.91912200576366,77.5983827695437,76.98554937439499,2023-02-28,1,2,0,156,13,3,1.1732050807568877
23,beverages,63.91912200576366,77.5983827695437,71.13396322409885,2023-03-01,2,3,0,67,32,2,1.2
23,beverages,63.91912200576366,77.5983827695437,73.85262021096305,2023-03-02,3,3,0,122,5,14,1.2
23,beverages,63.91912200576366,77.5983827695437,76.95360877604534,2023-03-03,4,3,0,30,24,4,1.2
23,beverages,63.91912200576366,77.5983827695437,72.59560021935678,2023-03-04,5,3,1,113,7,10,1.2
23,beverages,63.91912200576366,77.5983827695437,69.18655169205013,2023-03-05,6,3,1,59,15,9,1.2
23,beverages,63.91912200576366,77.5983827695437,72.92026924756878,2023-03-06,0,3,0,81,18,11,1.2
23,beverages,63.91912200576366,77.5983827695437,75.41896431737153,2023-03-07,1,3,0,193,23,4,1.2
23,beverages,63.91912200576366,77.5983827695437,69.59337283141298,2023-03-08,2,3,0,159,10,6,1.2
23,beverages,63.91912200576366,77.5983827695437,67.67416102387443,2023-03-09,3,3,0,115,11,14,1.2
23,beverages,63.91912200576366,77.5983827695437,75.80530803702013,2023-03-10,4,3,0,77,38,1,1.2
23,beverages,63.91912200576366,77.5983827695437,73.12981379957111,2023-03-11,5,3,1,121,39,1,1.2
23,beverages,63.91912200576366,77.5983827695437,74.58708497646455,2023-03-12,6,3,1,102,19,14,1.2
23,beverages,63.91912200576366,77.5983827695437,77.38217320367235,2023-03-13,0,3,0,50,8,11,1.2
23,beverages,63.91912200576366,77.5983827695437,72.79578123579441,2023-03-14,1,3,0,183,9,3,1.2
23,beverages,63.91912200576366,77.5983827695437,67.57077057939668,2023-03-15,2,3,0,138,19,12,1.2
23,beverages,63.91912200576366,77.5983827695437,77.10758166940701,2023-03-16,3,3,0,186,16,3,1.2
23,beverages,63.91912200576366,77.5983827695437,69.73089175932792,2023-03-17,4,3,0,46,12,3,1.2
23,beverages,63.91912200576366,77.5983827695437,76.25229658330856,2023-03-18,5,3,1,131,19,6,1.2
23,beverages,63.91912200576366,77.5983827695437,77.514058954073,2023-03-19,6,3,1,29,25,6,1.2
23,beverages,63.91912200576366,77.5983827695437,70.21657600601877,2023-03-20,0,3,0,53,11,3,1.2
23,beverages,63.91912200576366,77.5983827695437,75.02320922070348,2023-03-21,1,3,0,79,30,2,1.2
23,beverages,63.91912200576366,77.5983827695437,67.45522123090737,2023-03-22,2,3,0,170,25,7,1.2
23,beverages,63.91912200576366,77.5983827695437,74.83663983715404,2023-03-23,3,3,0,63,10,3,1.2
23,beverages,63.91912200576366,77.5983827695437,73.91416898712555,2023-03-24,4,3,0,110,21,7,1.2
23,beverages,63.91912200576366,77.5983827695437,72.48955027202258,2023-03-25,5,3,1,72,15,5,1.2
23,beverages,63.91912200576366,77.5983827695437,73.68169220704782,2023-03-26,6,3,1,107,11,7,1.2
23,beverages,63.91912200576366,77.5983827695437,71.64158554075114,2023-03-27,0,3,0,162,10,9,1.2
23,beverages,63.91912200576366,77.5983827695437,67.55989245172597,2023-03-28,1,3,0,150,22,14,1.2
23,beverages,63.91912200576366,77.5983827695437,72.60575446800439,2023-03-29,2,3,0,90,8,4,1.2
23,beverages,63.91912200576366,77.5983827695437,70.97709997530802,2023-03-30,3,3,0,109,21,3,1.2
23,beverages,63.91912200576366,77.5983827695437,77.50800849009977,2023-03-31,4,3,0,166,23,5,1.2
23,beverages,63.91912200576366,77.5983827695437,71.50880110109134,2023-04-01,5,4,1,50,14,5,1.1732050807568877
23,beverages,63.91912200576366,77.5983827695437,76.36093009556345,2023-04-02,6,4,1,46,8,7,1.1732050807568877
23,beverages,63.91912200576366,77.5983827695437,73.10858361774507,2023-04-03,0,4,0,52,11,9,1.1732050807568877
23,beverages,63.91912200576366,77.5983827695437,77.38841569649853,2023-04-04,1,4,0,177,12,2,1.1732050807568877
23,beverages,63.91912200576366,77.5983827695437,72.35145424788378,2023-04-05,2,4,0,46,9,5,1.1732050807568877
23,beverages,63.91912200576366,77.5983827695437,69.85941314437363,2023-04-06,3,4,0,184,19,14,1.1732050807568877
23,beverages,63.91912200576366,77.5983827695437,77.56849947806693,2023-04-07,4,4,0,90,13,7,1.1732050807568877
23,beverages,63.91912200576366,77.5983827695437,68.79855919679916,2023-04-08,5,4,1,190,21,9,1.1732050807568877
23,beverages,63.91912200576366,77.5983827695437,75.76311085326383,2023-04-09,6,4,1,168,17,1,1.1732050807568877
23,beverages,63.91912200576366,77.5983827695437,77.31465016324549,2023-04-10,0,4,0,189,19,6,1.1732050807568877
23,beverages,63.91912200576366,77.5983827695437,77.39355613777359,2023-04-11,1,4,0,51,14,8,1.1732050807568877
23,beverages,63.91912200576366,77.5983827695437,68.01183746500047,2023-04-12,2,4,0,26,18,1,1.1732050807568877
23,beverages,63.91912200576366,77.5983827695437,76.19460675241741,2023-04-13,3,4,0,92,12,13,1.1732050807568877
23,beverages,63.91912200576366,77.5983827695437,74.20983560146455,2023-04-14,4,4,0,135,8,14,1.1732050807568877
23,beverages,63.91912200576366,77.5983827695437,72.39677769653157,2023-04-15,5,4,1,152,35,1,1.1732050807568877
23,beverages,63.91912200576366,77.5983827695437,75.98352786671553,2023-04-16,6,4,1,128,28,8,1.1732050807568877
23,beverages,63.91912200576366,77.5983827695437,75.35877082983774,2023-04-17,0,4,0,104,12,8,1.1732050807568877
23,beverages,63.91912200576366,77.5983827695437,77.56939718262363,2023-04-18,1,4,0,110,8,13,1.1732050807568877
23,beverages,63.91912200576366,77.5983827695437,67.92257243133376,2023-04-19,2,4,0,104,22,7,1.1732050807568877
23,beverages,63.91912200576366,77.5983827695437,76.51732596121212,2023-04-20,3,4,0,49,8,13,1.1732050807568877
23,beverages,63.91912200576366,77.5983827695437,67.72471401557402,2023-04-21,4,4,0,136,16,9,1.1732050807568877
23,beverages,63.91912200576366,77.5983827695437,77.15927413171673,2023-04-22,5,4,1,63,18,13,1.1732050807568877
23,beverages,63.91912200576366,77.5983827695437,69.43428976106095,2023-04-23,6,4,1,86,6,12,1.1732050807568877
23,beverages,63.91912200576366,77.5983827695437,72.47577509765443,2023-04-24,0,4,0,197,12,2,1.1732050807568877
23,beverages,63.91912200576366,77.5983827695437,74.99005049669483,2023-04-25,1,4,0,128,18,6,1.1732050807568877
23,beverages,63.91912200576366,77.5983827695437,76.36907732679047,2023-04-26,2,4,0,188,13,10,1.1732050807568877
23,beverages,63.91912200576366,77.5983827695437,71.47355801723869,2023-04-27,3,4,0,183,20,7,1.1732050807568877
23,beverages,63.91912200576366,77.5983827695437,77.5554708336165,2023-04-28,4,4,0,129,15,12,1.1732050807568877
23,beverages,63.91912200576366,77.5983827695437,70.78756345873217,2023-04-29,5,4,1,46,27,14,1.1732050807568877
23,beverages,63.91912200576366,77.5983827695437,74.5886867028139,2023-04-30,6,4,1,68,14,3,1.1732050807568877
23,beverages,63.91912200576366,77.5983827695437,68.65396180892887,2023-05-01,0,5,0,142,18,10,1.1
23,beverages,63.91912200576366,77.5983827695437,67.30395211206844,2023-05-02,1,5,0,193,7,13,1.1
23,beverages,63.91912200576366,77.5983827695437,67.9417449908711,2023-05-03,2,5,0,181,27,11,1.1
23,beverages,63.91912200576366,77.5983827695437,68.48661334804362,2023-05-04,3,5,0,72,14,4,1.1
23,beverages,63.91912200576366,77.5983827695437,71.90621336025136,2023-05-05,4,5,0,164,5,6,1.1
23,beverages,63.91912200576366,77.5983827695437,77.54893724770359,2023-05-06,5,5,1,180,6,11,1.1
23,beverages,63.91912200576366,77.5983827695437,70.92850131179094,2023-05-07,6,5,1,180,9,7,1.1
23,beverages,63.91912200576366,77.5983827695437,76.83216000939998,2023-05-08,0,5,0,91,13,6,1.1
23,beverages,63.91912200576366,77.5983827695437,71.17445798590678,2023-05-09,1,5,0,55,9,8,1.1
23,beverages,63.91912200576366,77.5983827695437,72.28414042893077,2023-05-10,2,5,0,85,18,9,1.1
23,beverages,63.91912200576366,77.5983827695437,74.17133570062974,2023-05-11,3,5,0,150,11,14,1.1
23,beverages,63.91912200576366,77.5983827695437,77.36845568608838,2023-05-12,4,5,0,111,11,3,1.1
23,beverages,63.91912200576366,77.5983827695437,70.64103949037843,2023-05-13,5,5,1,198,18,7,1.1
23,beverages,63.91912200576366,77.5983827695437,76.39336624263186,2023-05-14,6,5,1,192,19,9,1.1
23,beverages,63.91912200576366,77.5983827695437,77.24681924934517,2023-05-15,0,5,0,82,8,11,1.1
23,beverages,63.91912200576366,77.5983827695437,75.51207314307003,2023-05-16,1,5,0,181,16,7,1.1
23,beverages,63.91912200576366,77.5983827695437,75.32017993982814,2023-05-17,2,5,0,66,5,9,1.1
23,beverages,63.91912200576366,77.5983827695437,77.30324686239446,2023-05-18,3,5,0,128,10,12,1.1
23,beverages,63.91912200576366,77.5983827695437,69.62742442971525,2023-05-19,4,5,0,82,29,2,1.1
23,beverages,63.91912200576366,77.5983827695437,71.34496023732052,2023-05-20,5,5,1,120,18,10,1.1
23,beverages,63.91912200576366,77.5983827695437,68.73891773470892,2023-05-21,6,5,1,177,30,3,1.1
23,beverages,63.91912200576366,77.5983827695437,70.592877649389,2023-05-22,0,5,0,57,22,10,1.1
23,beverages,63.91912200576366,77.5983827695437,72.06695743202216,2023-05-23,1,5,0,144,15,8,1.1
23,beverages,63.91912200576366,77.5983827695437,70.36649823966476,2023-05-24,2,5,0,116,10,4,1.1
23,beverages,63.91912200576366,77.5983827695437,69.3880024492355,2023-05-25,3,5,0,163,22,6,1.1
23,beverages,63.91912200576366,77.5983827695437,74.29969335463983,2023-05-26,4,5,0,199,13,3,1.1
23,beverages,63.91912200576366,77.5983827695437,74.85121190270291,2023-05-27,5,5,1,191,18,5,1.1
23,beverages,63.91912200576366,77.5983827695437,77.17837182873498,2023-05-28,6,5,1,191,15,4,1.1
23,beverages,63.91912200576366,77.5983827695437,76.28356162878973,2023-05-29,0,5,0,147,6,3,1.1
23,beverages,63.91912200576366,77.5983827695437,71.79413068868895,2023-05-30,1,5,0,81,6,3,1.1
23,beverages,63.91912200576366,77.5983827695437,68.31274986011697,2023-05-31,2,5,0,128,18,10,1.1
23,beverages,63.91912200576366,77.5983827695437,75.03174053138405,2023-06-01,3,6,0,157,5,3,1.0
23,beverages,63.91912200576366,77.5983827695437,76.33823930768582,2023-06-02,4,6,0,80,21,8,1.0
23,beverages,63.91912200576366,77.5983827695437,67.84149406135121,2023-06-03,5,6,1,62,14,4,1.0
23,beverages,63.91912200576366,77.5983827695437,70.7984816995561,2023-06-04,6,6,1,181,7,7,1.0
23,beverages,63.91912200576366,77.5983827695437,76.46587045234678,2023-06-05,0,6,0,151,17,2,1.0
23,beverages,63.91912200576366,77.5983827695437,67.98254539947285,2023-06-06,1,6,0,75,15,13,1.0
23,beverages,63.91912200576366,77.5983827695437,69.13876204289151,2023-06-07,2,6,0,45,6,10,1.0
23,beverages,63.91912200576366,77.5983827695437,67.64490051625698,2023-06-08,3,6,0,107,13,8,1.0
23,beverages,63.91912200576366,77.5983827695437,68.02172086177961,2023-06-09,4,6,0,178,20,8,1.0
23,beverages,63.91912200576366,77.5983827695437,70.45998355524596,2023-06-10,5,6,1,34,19,14,1.0
23,beverages,63.91912200576366,77.5983827695437,73.00063260119732,2023-06-11,6,6,1,82,13,9,1.0
23,beverages,63.91912200576366,77.5983827695437,77.57634531951864,2023-06-12,0,6,0,129,13,5,1.0
23,beverages,63.91912200576366,77.5983827695437,67.72842639968935,2023-06-13,1,6,0,64,17,8,1.0
23,beverages,63.91912200576366,77.5983827695437,77.58005575345052,2023-06-14,2,6,0,50,33,1,1.0
23,beverages,63.91912200576366,77.5983827695437,73.38674584248893,2023-06-15,3,6,0,70,10,13,1.0
23,beverages,63.91912200576366,77.5983827695437,77.04072653440139,2023-06-16,4,6,0,73,10,8,1.0
23,beverages,63.91912200576366,77.5983827695437,71.50815987215226,2023-06-17,5,6,1,188,22,4,1.0
23,beverages,63.91912200576366,77.5983827695437,72.61706772884264,2023-06-18,6,6,1,75,20,6,1.0
23,beverages,63.91912200576366,77.5983827695437,69.04345795188412,2023-06-19,0,6,0,143,13,10,1.0
23,beverages,63.91912200576366,77.5983827695437,73.95553915640825,2023-06-20,1,6,0,154,6,6,1.0
23,beverages,63.91912200576366,77.5983827695437,71.38149161487482,2023-06-21,2,6,0,126,9,13,1.0
23,beverages,63.91912200576366,77.5983827695437,68.50462734018214,2023-06-22,3,6,0,52,9,11,1.0
23,beverages,63.91912200576366,77.5983827695437,72.67918826343511,2023-06-23,4,6,0,106,15,3,1.0
23,beverages,63.91912200576366,77.5983827695437,76.55401215013352,2023-06-24,5,6,1,199,29,2,1.0
23,beverages,63.91912200576366,77.5983827695437,71.63531561279461,2023-06-25,6,6,1,54,9,10,1.0
23,beverages,63.91912200576366,77.5983827695437,72.72237568664623,2023-06-26,0,6,0,42,3,8,1.0
23,beverages,63.91912200576366,77.5983827695437,75.72453571110589,2023-06-27,1,6,0,145,7,13,1.0
23,beverages,63.91912200576366,77.5983827695437,71.10573949123082,2023-06-28,2,6,0,71,13,6,1.0
23,beverages,63.91912200576366,77.5983827695437,68.9024555713247,2023-06-29,3,6,0,53,9,3,1.0
24,grocery,69.77961750509941,108.75915917616786,80.47055186390509,2023-01-01,6,1,1,156,21,5,1.1
24,grocery,69.77961750509941,108.75915917616786,107.1108642015158,2023-01-02,0,1,0,143,25,1,1.1
24,grocery,69.77961750509941,108.75915917616786,97.5199933180574,2023-01-03,1,1,0,131,7,6,1.1
24,grocery,69.77961750509941,108.75915917616786,102.92410670455794,2023-01-04,2,1,0,174,3,4,1.1
24,grocery,69.77961750509941,108.75915917616786,75.60521677129564,2023-01-05,3,1,0,137,12,5,1.1
24,grocery,69.77961750509941,108.75915917616786,96.21212870730987,2023-01-06,4,1,0,192,9,8,1.1
24,grocery,69.77961750509941,108.75915917616786,94.58272638416538,2023-01-07,5,1,1,33,15,8,1.1
24,grocery,69.77961750509941,108.75915917616786,107.97293988217992,2023-01-08,6,1,1,165,7,9,1.1
24,grocery,69.77961750509941,108.75915917616786,89.74569110639236,2023-01-09,0,1,0,135,11,14,1.1
24,grocery,69.77961750509941,108.75915917616786,89.81631159743839,2023-01-10,1,1,0,143,10,13,1.1
24,grocery,69.77961750509941,108.75915917616786,89.49830406464692,2023-01-11,2,1,0,26,19,7,1.1
24,grocery,69.77961750509941,108.75915917616786,84.95165824543031,2023-01-12,3,1,0,194,16,5,1.1
24,grocery,69.77961750509941,108.75915917616786,77.75783346223062,2023-01-13,4,1,0,179,14,14,1.1
24,grocery,69.77961750509941,108.75915917616786,79.46049518530134,2023-01-14,5,1,1,105,16,7,1.1
24,grocery,69.77961750509941,108.75915917616786,91.00289810118092,2023-01-15,6,1,1,74,30,1,1.1
24,grocery,69.77961750509941,108.75915917616786,87.94538344431464,2023-01-16,0,1,0,66,14,12,1.1
24,grocery,69.77961750509941,108.75915917616786,104.8408757390301,2023-01-17,1,1,0,143,21,2,1.1
24,grocery,69.77961750509941,108.75915917616786,78.88213649199727,2023-01-18,2,1,0,131,14,14,1.1
24,grocery,69.77961750509941,108.75915917616786,108.17332379306077,2023-01-19,3,1,0,129,15,1,1.1
24,grocery,69.77961750509941,108.75915917616786,84.45446703510622,2023-01-20,4,1,0,40,11,11,1.1
24,grocery,69.77961750509941,108.75915917616786,88.72331389560156,2023-01-21,5,1,1,178,15,6,1.1
24,grocery,69.77961750509941,108.75915917616786,88.3906033349307,2023-01-22,6,1,1,176,20,9,1.1
24,grocery,69.77961750509941,108.75915917616786,91.73761031462631,2023-01-23,0,1,0,194,7,11,1.1
24,grocery,69.77961750509941,108.75915917616786,95.31258788064989,2023-01-24,1,1,0,34,5,14,1.1
24,grocery,69.77961750509941,108.75915917616786,92.88443597655466,2023-01-25,2,1,0,177,25,1,1.1
24,grocery,69.77961750509941,108.75915917616786,100.78560939563306,2023-01-26,3,1,0,52,8,10,1.1
24,grocery,69.77961750509941,108.75915917616786,91.89397419180372,2023-01-27,4,1,0,102,15,7,1.1
24,grocery,69.77961750509941,108.75915917616786,103.87184382427391,2023-01-28,5,1,1,163,7,12,1.1
24,grocery,69.77961750509941,108.75915917616786,90.52441739972059,2023-01-29,6,1,1,190,11,14,1.1
24,grocery,69.77961750509941,108.75915917616786,73.91131246540053,2023-01-30,0,1,0,108,18,5,1.1
24,grocery,69.77961750509941,108.75915917616786,80.2257846811675,2023-01-31,1,1,0,43,20,13,1.1
24,grocery,69.77961750509941,108.75915917616786,84.50143681884562,2023-02-01,2,2,0,182,6,6,1.1732050807568877
24,grocery,69.77961750509941,108.75915917616786,86.09679141809977,2023-02-02,3,2,0,49,21,1,1.1732050807568877
24,grocery,69.77961750509941,108.75915917616786,89.85725915634353,2023-02-03,4,2,0,71,10,14,1.1732050807568877
24,grocery,69.77961750509941,108.75915917616786,84.79567950711389,2023-02-04,5,2,1,113,21,4,1.1732050807568877
24,grocery,69.77961750509941,108.75915917616786,92.56801717622746,2023-02-05,6,2,1,158,12,5,1.1732050807568877
24,grocery,69.77961750509941,108.75915917616786,74.9976690989557,2023-02-06,0,2,0,154,15,11,1.1732050807568877
24,grocery,69.77961750509941,108.75915917616786,85.68331324135772,2023-02-07,1,2,0,64,34,1,1.1732050807568877
24,grocery,69.77961750509941,108.75915917616786,81.26564124116899,2023-02-08,2,2,0,98,16,13,1.1732050807568877
24,grocery,69.77961750509941,108.75915917616786,85.93981257211084,2023-02-09,3,2,0,128,20,2,1.1732050807568877
24,grocery,69.77961750509941,108.75915917616786,75.20553448969227,2023-02-10,4,2,0,174,9,7,1.1732050807568877
24,grocery,69.77961750509941,108.75915917616786,93.81723970370803,2023-02-11,5,2,1,130,15,8,1.1732050807568877
24,grocery,69.77961750509941,108.75915917616786,77.44259477791495,2023-02-12,6,2,1,94,17,10,1.1732050807568877
24,grocery,69.77961750509941,108.75915917616786,77.34833478295411,2023-02-13,0,2,0,30,26,4,1.1732050807568877
24,grocery,69.77961750509941,108.75915917616786,88.42362917511161,2023-02-14,1,2,0,122,7,13,1.1732050807568877
24,grocery,69.77961750509941,108.75915917616786,79.39523701085959,2023-02-15,2,2,0,85,13,4,1.1732050807568877
24,grocery,69.77961750509941,108.75915917616786,90.78112105335971,2023-02-16,3,2,0,94,6,9,1.1732050807568877
24,grocery,69.77961750509941,108.75915917616786,106.09290129175653,2023-02-17,4,2,0,113,12,1,1.1732050807568877
24,grocery,69.77961750509941,108.75915917616786,82.84740099490291,2023-02-18,5,2,1,118,19,13,1.1732050807568877
24,grocery,69.77961750509941,108.75915917616786,91.1393395630486,2023-02-19,6,2,1,72,16,12,1.1732050807568877
24,grocery,69.77961750509941,108.75915917616786,91.5017778300403,2023-02-20,0,2,0,62,19,2,1.1732050807568877
24,grocery,69.77961750509941,108.75915917616786,80.09210786259457,2023-02-21,1,2,0,51,9,8,1.1732050807568877
24,grocery,69.77961750509941,108.75915917616786,108.11382374560364,2023-02-22,2,2,0,38,6,9,1.1732050807568877
24,grocery,69.77961750509941,108.75915917616786,104.19692086034661,2023-02-23,3,2,0,83,16,1,1.1732050807568877
24,grocery,69.77961750509941,108.75915917616786,75.26298819890292,2023-02-24,4,2,0,21,18,3,1.1732050807568877
24,grocery,69.77961750509941,108.75915917616786,87.54144672267816,2023-02-25,5,2,1,184,24,14,1.1732050807568877
24,grocery,69.77961750509941,108.75915917616786,79.4463474428274,2023-02-26,6,2,1,45,14,6,1.1732050807568877
24,grocery,69.77961750509941,108.75915917616786,85.99476364095895,2023-02-27,0,2,0,189,15,2,1.1732050807568877
24,grocery,69.77961750509941,108.75915917616786,108.45024248178792,2023-02-28,1,2,0,182,6,12,1.1732050807568877
24,grocery,69.77961750509941,108.75915917616786,97.85002416453543,2023-03-01,2,3,0,151,15,7,1.2
24,grocery,69.77961750509941,108.75915917616786,78.07406530426255,2023-03-02,3,3,0,154,23,3,1.2
24,grocery,69.77961750509941,108.75915917616786,101.62387109525449,2023-03-03,4,3,0,132,9,12,1.2
24,grocery,69.77961750509941,108.75915917616786,103.02031963840307,2023-03-04,5,3,1,30,7,13,1.2
24,grocery,69.77961750509941,108.75915917616786,74.78905034625666,2023-03-05,6,3,1,167,32,5,1.2
24,grocery,69.77961750509941,108.75915917616786,92.86633171644749,2023-03-06,0,3,0,90,7,5,1.2
24,grocery,69.77961750509941,108.75915917616786,84.15345650093418,2023-03-07,1,3,0,136,14,11,1.2
24,grocery,69.77961750509941,108.75915917616786,106.21203953552288,2023-03-08,2,3,0,45,3,13,1.2
24,grocery,69.77961750509941,108.75915917616786,92.21387547875757,2023-03-09,3,3,0,45,18,4,1.2
24,grocery,69.77961750509941,108.75915917616786,97.00168908147293,2023-03-10,4,3,0,97,17,4,1.2
24,grocery,69.77961750509941,108.75915917616786,97.53871929559935,2023-03-11,5,3,1,160,8,4,1.2
24,grocery,69.77961750509941,108.75915917616786,103.32199109494125,2023-03-12,6,3,1,180,4,5,1.2
24,grocery,69.77961750509941,108.75915917616786,108.65892261922761,2023-03-13,0,3,0,21,16,4,1.2
24,grocery,69.77961750509941,108.75915917616786,80.8259770812883,2023-03-14,1,3,0,41,17,9,1.2
24,grocery,69.77961750509941,108.75915917616786,87.97860987286252,2023-03-15,2,3,0,38,7,14,1.2
24,grocery,69.77961750509941,108.75915917616786,80.44275283665942,2023-03-16,3,3,0,82,20,9,1.2
24,grocery,69.77961750509941,108.75915917616786,74.21706602300573,2023-03-17,4,3,0,83,10,13,1.2
24,grocery,69.77961750509941,108.75915917616786,84.85606516577525,2023-03-18,5,3,1,85,10,3,1.2
24,grocery,69.77961750509941,108.75915917616786,78.58922358578283,2023-03-19,6,3,1,187,19,7,1.2
24,grocery,69.77961750509941,108.75915917616786,84.00163802241855,2023-03-20,0,3,0,144,9,9,1.2
24,grocery,69.77961750509941,108.75915917616786,80.95239975405049,2023-03-21,1,3,0,35,16,14,1.2
24,grocery,69.77961750509941,108.75915917616786,75.42700339343685,2023-03-22,2,3,0,84,24,13,1.2
24,grocery,69.77961750509941,108.75915917616786,103.41192963443956,2023-03-23,3,3,0,124,6,6,1.2
24,grocery,69.77961750509941,108.75915917616786,104.88334333785804,2023-03-24,4,3,0,87,6,7,1.2
24,grocery,69.77961750509941,108.75915917616786,88.36802611686177,2023-03-25,5,3,1,103,26,13,1.2
24,grocery,69.77961750509941,108.75915917616786,105.41398343698037,2023-03-26,6,3,1,71,7,8,1.2
24,grocery,69.77961750509941,108.75915917616786,84.55328100435051,2023-03-27,0,3,0,175,30,2,1.2
24,grocery,69.77961750509941,108.75915917616786,85.29117179508492,2023-03-28,1,3,0,163,10,5,1.2
24,grocery,69.77961750509941,108.75915917616786,78.69850464895944,2023-03-29,2,3,0,51,23,6,1.2
24,grocery,69.77961750509941,108.75915917616786,101.63562894949239,2023-03-30,3,3,0,175,9,10,1.2
24,grocery,69.77961750509941,108.75915917616786,87.92120542430482,2023-03-31,4,3,0,169,12,14,1.2
24,grocery,69.77961750509941,108.75915917616786,81.82974236740554,2023-04-01,5,4,1,42,6,6,1.1732050807568877
24,grocery,69.77961750509941,108.75915917616786,75.64879514741152,2023-04-02,6,4,1,106,18,10,1.1732050807568877
24,grocery,69.77961750509941,108.75915917616786,98.35690780789191,2023-04-03,0,4,0,61,24,2,1.1732050807568877
24,grocery,69.77961750509941,108.75915917616786,93.7447085902652,2023-04-04,1,4,0,194,11,10,1.1732050807568877
24,grocery,69.77961750509941,108.75915917616786,106.88695673730322,2023-04-05,2,4,0,32,15,8,1.1732050807568877
24,grocery,69.77961750509941,108.75915917616786,83.49503484422661,2023-04-06,3,4,0,185,8,4,1.1732050807568877
24,grocery,69.77961750509941,108.75915917616786,104.58360994139399,2023-04-07,4,4,0,44,13,14,1.1732050807568877
24,grocery,69.77961750509941,108.75915917616786,93.3892603151551,2023-04-08,5,4,1,34,14,8,1.1732050807568877
24,grocery,69.77961750509941,108.75915917616786,76.04117176925372,2023-04-09,6,4,1,62,26,10,1.1732050807568877
24,grocery,69.77961750509941,108.75915917616786,79.85994740544702,2023-04-10,0,4,0,112,18,11,1.1732050807568877
24,grocery,69.77961750509941,108.75915917616786,106.70508312441834,2023-04-11,1,4,0,48,4,3,1.1732050807568877
24,grocery,69.77961750509941,108.75915917616786,75.50823819973478,2023-04-12,2,4,0,76,13,6,1.1732050807568877
24,grocery,69.77961750509941,108.75915917616786,79.58648417784428,2023-04-13,3,4,0,106,11,7,1.1732050807568877
24,grocery,69.77961750509941,108.75915917616786,90.76115686695435,2023-04-14,4,4,0,159,19,3,1.1732050807568877
24,grocery,69.77961750509941,108.75915917616786,94.60301824963607,2023-04-15,5,4,1,180,27,3,1.1732050807568877
24,grocery,69.77961750509941,108.75915917616786,82.49187206246455,2023-04-16,6,4,1,158,13,12,1.1732050807568877
24,grocery,69.77961750509941,108.75915917616786,95.04553794420892,2023-04-17,0,4,0,101,10,14,1.1732050807568877
24,grocery,69.77961750509941,108.75915917616786,97.21556067946806,2023-04-18,1,4,0,52,9,5,1.1732050807568877
24,grocery,69.77961750509941,108.75915917616786,89.39081533806404,2023-04-19,2,4,0,76,11,11,1.1732050807568877
24,grocery,69.77961750509941,108.75915917616786,88.52035471175753,2023-04-20,3,4,0,50,7,14,1.1732050807568877
24,grocery,69.77961750509941,108.75915917616786,94.17824137440681,2023-04-21,4,4,0,66,7,3,1.1732050807568877
24,grocery,69.77961750509941,108.75915917616786,92.59370718473197,2023-04-22,5,4,1,41,13,12,1.1732050807568877
24,grocery,69.77961750509941,108.75915917616786,104.78992438562435,2023-04-23,6,4,1,96,26,2,1.1732050807568877
24,grocery,69.77961750509941,108.75915917616786,78.37284265470844,2023-04-24,0,4,0,192,3,5,1.1732050807568877
24,grocery,69.77961750509941,108.75915917616786,94.85193244954846,2023-04-25,1,4,0,147,10,14,1.1732050807568877
24,grocery,69.77961750509941,108.75915917616786,100.58225127756357,2023-04-26,2,4,0,61,32,1,1.1732050807568877
24,grocery,69.77961750509941,108.75915917616786,105.3240457652737,2023-04-27,3,4,0,166,14,3,1.1732050807568877
24,grocery,69.77961750509941,108.75915917616786,97.0825688384357,2023-04-28,4,4,0,102,12,7,1.1732050807568877
24,grocery,69.77961750509941,108.75915917616786,76.4607568113349,2023-04-29,5,4,1,181,20,7,1.1732050807568877
24,grocery,69.77961750509941,108.75915917616786,83.28837859249333,2023-04-30,6,4,1,133,18,7,1.1732050807568877
24,grocery,69.77961750509941,108.75915917616786,95.09582060155994,2023-05-01,0,5,0,136,4,12,1.1
24,grocery,69.77961750509941,108.75915917616786,96.44591878611848,2023-05-02,1,5,0,41,14,6,1.1
24,grocery,69.77961750509941,108.75915917616786,108.41582684584063,2023-05-03,2,5,0,100,11,7,1.1
24,grocery,69.77961750509941,108.75915917616786,100.72286735825466,2023-05-04,3,5,0,39,11,6,1.1
24,grocery,69.77961750509941,108.75915917616786,106.18267491607901,2023-05-05,4,5,0,108,11,8,1.1
24,grocery,69.77961750509941,108.75915917616786,91.92768668882435,2023-05-06,5,5,1,146,7,6,1.1
24,grocery,69.77961750509941,108.75915917616786,105.82402050287843,2023-05-07,6,5,1,47,9,12,1.1
24,grocery,69.77961750509941,108.75915917616786,95.70852641266173,2023-05-08,0,5,0,56,17,13,1.1
24,grocery,69.77961750509941,108.75915917616786,91.38394581634407,2023-05-09,1,5,0,120,16,14,1.1
24,grocery,69.77961750509941,108.75915917616786,106.17765832760087,2023-05-10,2,5,0,129,7,8,1.1
24,grocery,69.77961750509941,108.75915917616786,94.44894733990779,2023-05-11,3,5,0,140,11,3,1.1
24,grocery,69.77961750509941,108.75915917616786,102.464778577204,2023-05-12,4,5,0,146,13,13,1.1
24,grocery,69.77961750509941,108.75915917616786,101.1953823895802,2023-05-13,5,5,1,34,9,5,1.1
24,grocery,69.77961750509941,108.75915917616786,90.04770666552467,2023-05-14,6,5,1,112,17,5,1.1
24,grocery,69.77961750509941,108.75915917616786,101.88787785458226,2023-05-15,0,5,0,148,12,13,1.1
24,grocery,69.77961750509941,108.75915917616786,76.78558697659157,2023-05-16,1,5,0,135,22,5,1.1
24,grocery,69.77961750509941,108.75915917616786,97.44896707141237,2023-05-17,2,5,0,158,11,8,1.1
24,grocery,69.77961750509941,108.75915917616786,105.67270971190408,2023-05-18,3,5,0,171,4,12,1.1
24,grocery,69.77961750509941,108.75915917616786,74.10991074466743,2023-05-19,4,5,0,50,24,5,1.1
24,grocery,69.77961750509941,108.75915917616786,108.4204730172567,2023-05-20,5,5,1,111,22,7,1.1
24,grocery,69.77961750509941,108.75915917616786,100.30689788346842,2023-05-21,6,5,1,165,10,13,1.1
24,grocery,69.77961750509941,108.75915917616786,85.93044443320193,2023-05-22,0,5,0,41,17,6,1.1
24,grocery,69.77961750509941,108.75915917616786,83.12010637362474,2023-05-23,1,5,0,20,15,11,1.1
24,grocery,69.77961750509941,108.75915917616786,98.04698682007285,2023-05-24,2,5,0,127,3,3,1.1
24,grocery,69.77961750509941,108.75915917616786,91.74405935134232,2023-05-25,3,5,0,119,7,9,1.1
24,grocery,69.77961750509941,108.75915917616786,104.73499602980691,2023-05-26,4,5,0,166,7,2,1.1
24,grocery,69.77961750509941,108.75915917616786,101.70885791167902,2023-05-27,5,5,1,20,18,5,1.1
24,grocery,69.77961750509941,108.75915917616786,107.67763972390021,2023-05-28,6,5,1,165,7,8,1.1
24,grocery,69.77961750509941,108.75915917616786,88.93409965755855,2023-05-29,0,5,0,50,3,8,1.1
24,grocery,69.77961750509941,108.75915917616786,78.43975950209182,2023-05-30,1,5,0,38,26,3,1.1
24,grocery,69.77961750509941,108.75915917616786,102.69923434574099,2023-05-31,2,5,0,72,10,6,1.1
24,grocery,69.77961750509941,108.75915917616786,104.29339332769202,2023-06-01,3,6,0,110,7,4,1.0
24,grocery,69.77961750509941,108.75915917616786,82.22312029866669,2023-06-02,4,6,0,59,17,11,1.0
24,grocery,69.77961750509941,108.75915917616786,103.41533619957556,2023-06-03,5,6,1,77,8,14,1.0
24,grocery,69.77961750509941,108.75915917616786,85.10185035456344,2023-06-04,6,6,1,25,14,3,1.0
24,grocery,69.77961750509941,108.75915917616786,88.59786315872095,2023-06-05,0,6,0,115,15,13,1.0
24,grocery,69.77961750509941,108.75915917616786,103.65903458701494,2023-06-06,1,6,0,114,8,6,1.0
24,grocery,69.77961750509941,108.75915917616786,86.08557138684422,2023-06-07,2,6,0,44,5,10,1.0
24,grocery,69.77961750509941,108.75915917616786,96.33035154319131,2023-06-08,3,6,0,158,17,1,1.0
24,grocery,69.77961750509941,108.75915917616786,87.41114993813717,2023-06-09,4,6,0,33,9,4,1.0
24,grocery,69.77961750509941,108.75915917616786,104.60909912902994,2023-06-10,5,6,1,179,7,12,1.0
24,grocery,69.77961750509941,108.75915917616786,100.24025452156539,2023-06-11,6,6,1,36,19,8,1.0
24,grocery,69.77961750509941,108.75915917616786,80.27629211886652,2023-06-12,0,6,0,35,12,9,1.0
24,grocery,69.77961750509941,108.75915917616786,98.94812342225805,2023-06-13,1,6,0,192,10,4,1.0
24,grocery,69.77961750509941,108.75915917616786,95.41545148908857,2023-06-14,2,6,0,94,12,8,1.0
24,grocery,69.77961750509941,108.75915917616786,101.95924934879515,2023-06-15,3,6,0,127,9,10,1.0
24,grocery,69.77961750509941,108.75915917616786,92.85189166266804,2023-06-16,4,6,0,107,15,3,1.0
24,grocery,69.77961750509941,108.75915917616786,103.96088394176988,2023-06-17,5,6,1,72,12,13,1.0
24,grocery,69.77961750509941,108.75915917616786,103.27185523987183,2023-06-18,6,6,1,77,16,4,1.0
24,grocery,69.77961750509941,108.75915917616786,83.28797614245951,2023-06-19,0,6,0,126,9,2,1.0
24,grocery,69.77961750509941,108.75915917616786,97.28358107402569,2023-06-20,1,6,0,83,7,14,1.0
24,grocery,69.77961750509941,108.75915917616786,103.77513414916602,2023-06-21,2,6,0,149,14,8,1.0
24,grocery,69.77961750509941,108.75915917616786,103.94420074497872,2023-06-22,3,6,0,198,7,12,1.0
24,grocery,69.77961750509941,108.75915917616786,83.75637336612932,2023-06-23,4,6,0,101,18,13,1.0
24,grocery,69.77961750509941,108.75915917616786,105.33273846079668,2023-06-24,5,6,1,91,7,11,1.0
24,grocery,69.77961750509941,108.75915917616786,78.08243872709632,2023-06-25,6,6,1,180,10,6,1.0
24,grocery,69.77961750509941,108.75915917616786,80.3743763971763,2023-06-26,0,6,0,23,22,2,1.0
24,grocery,69.77961750509941,108.75915917616786,83.40507646314438,2023-06-27,1,6,0,93,17,8,1.0
24,grocery,69.77961750509941,108.75915917616786,76.38666363148273,2023-06-28,2,6,0,130,10,4,1.0
24,grocery,69.77961750509941,108.75915917616786,106.17293075914267,2023-06-29,3,6,0,137,13,12,1.0
25,grocery,63.595379375749246,103.89223924095303,102.44044614408571,2023-01-01,6,1,1,144,22,1,1.1
25,grocery,63.595379375749246,103.89223924095303,84.90571451733298,2023-01-02,0,1,0,51,12,2,1.1
25,grocery,63.595379375749246,103.89223924095303,82.59889416824238,2023-01-03,1,1,0,35,18,2,1.1
25,grocery,63.595379375749246,103.89223924095303,76.09176749766725,2023-01-04,2,1,0,56,14,9,1.1
25,grocery,63.595379375749246,103.89223924095303,103.68550369605272,2023-01-05,3,1,0,125,6,14,1.1
25,grocery,63.595379375749246,103.89223924095303,100.591555792974,2023-01-06,4,1,0,134,9,11,1.1
25,grocery,63.595379375749246,103.89223924095303,73.13569506761597,2023-01-07,5,1,1,66,21,9,1.1
25,grocery,63.595379375749246,103.89223924095303,103.03340427506552,2023-01-08,6,1,1,172,17,8,1.1
25,grocery,63.595379375749246,103.89223924095303,85.18651745305557,2023-01-09,0,1,0,48,10,11,1.1
25,grocery,63.595379375749246,103.89223924095303,82.50078415098967,2023-01-10,1,1,0,57,5,11,1.1
25,grocery,63.595379375749246,103.89223924095303,79.15065461070998,2023-01-11,2,1,0,197,15,14,1.1
25,grocery,63.595379375749246,103.89223924095303,102.58340003546981,2023-01-12,3,1,0,187,11,7,1.1
25,grocery,63.595379375749246,103.89223924095303,97.0551254381621,2023-01-13,4,1,0,78,6,3,1.1
25,grocery,63.595379375749246,103.89223924095303,81.83919782875861,2023-01-14,5,1,1,26,26,2,1.1
25,grocery,63.595379375749246,103.89223924095303,75.97509429411987,2023-01-15,6,1,1,168,8,7,1.1
25,grocery,63.595379375749246,103.89223924095303,103.47256126739975,2023-01-16,0,1,0,42,10,14,1.1
25,grocery,63.595379375749246,103.89223924095303,72.3124999313462,2023-01-17,1,1,0,75,10,10,1.1
25,grocery,63.595379375749246,103.89223924095303,77.63746367914725,2023-01-18,2,1,0,103,20,4,1.1
25,grocery,63.595379375749246,103.89223924095303,72.77476737615609,2023-01-19,3,1,0,86,13,12,1.1
25,grocery,63.595379375749246,103.89223924095303,83.83904290516202,2023-01-20,4,1,0,169,11,9,1.1
25,grocery,63.595379375749246,103.89223924095303,103.14585058614671,2023-01-21,5,1,1,33,14,13,1.1
25,grocery,63.595379375749246,103.89223924095303,95.072992247075,2023-01-22,6,1,1,29,5,9,1.1
25,grocery,63.595379375749246,103.89223924095303,98.70947719815315,2023-01-23,0,1,0,120,10,9,1.1
25,grocery,63.595379375749246,103.89223924095303,92.07258130851339,2023-01-24,1,1,0,24,15,13,1.1
25,grocery,63.595379375749246,103.89223924095303,100.82660724878525,2023-01-25,2,1,0,34,6,6,1.1
25,grocery,63.595379375749246,103.89223924095303,90.21370235949621,2023-01-26,3,1,0,156,13,2,1.1
25,grocery,63.595379375749246,103.89223924095303,92.81928001799567,2023-01-27,4,1,0,131,7,5,1.1
25,grocery,63.595379375749246,103.89223924095303,80.29299617638077,2023-01-28,5,1,1,101,26,6,1.1
25,grocery,63.595379375749246,103.89223924095303,90.21749044225875,2023-01-29,6,1,1,164,4,12,1.1
25,grocery,63.595379375749246,103.89223924095303,85.28165683379106,2023-01-30,0,1,0,78,8,10,1.1
25,grocery,63.595379375749246,103.89223924095303,92.5224219592794,2023-01-31,1,1,0,45,5,13,1.1
25,grocery,63.595379375749246,103.89223924095303,98.12089974378867,2023-02-01,2,2,0,46,11,13,1.1732050807568877
25,grocery,63.595379375749246,103.89223924095303,102.82678987946292,2023-02-02,3,2,0,111,17,13,1.1732050807568877
25,grocery,63.595379375749246,103.89223924095303,69.80060087806964,2023-02-03,4,2,0,58,19,6,1.1732050807568877
25,grocery,63.595379375749246,103.89223924095303,86.14122946369126,2023-02-04,5,2,1,131,21,14,1.1732050807568877
25,grocery,63.595379375749246,103.89223924095303,83.83887065658003,2023-02-05,6,2,1,56,10,14,1.1732050807568877
25,grocery,63.595379375749246,103.89223924095303,94.29006372243258,2023-02-06,0,2,0,28,21,3,1.1732050807568877
25,grocery,63.595379375749246,103.89223924095303,71.92661579539669,2023-02-07,1,2,0,44,18,3,1.1732050807568877
25,grocery,63.595379375749246,103.89223924095303,102.97216085897543,2023-02-08,2,2,0,108,17,1,1.1732050807568877
25,grocery,63.595379375749246,103.89223924095303,97.03872185456467,2023-02-09,3,2,0,116,9,4,1.1732050807568877
25,grocery,63.595379375749246,103.89223924095303,98.24860690236267,2023-02-10,4,2,0,23,15,1,1.1732050807568877
25,grocery,63.595379375749246,103.89223924095303,68.2472606063372,2023-02-11,5,2,1,44,14,8,1.1732050807568877
25,grocery,63.595379375749246,103.89223924095303,84.52325559679561,2023-02-12,6,2,1,77,20,11,1.1732050807568877
25,grocery,63.595379375749246,103.89223924095303,90.23586344263398,2023-02-13,0,2,0,69,11,4,1.1732050807568877
25,grocery,63.595379375749246,103.89223924095303,93.99534861675532,2023-02-14,1,2,0,199,20,6,1.1732050807568877
25,grocery,63.595379375749246,103.89223924095303,68.80101069384283,2023-02-15,2,2,0,160,24,6,1.1732050807568877
25,grocery,63.595379375749246,103.89223924095303,77.43681873111738,2023-02-16,3,2,0,74,13,7,1.1732050807568877
25,grocery,63.595379375749246,103.89223924095303,94.8678385175759,2023-02-17,4,2,0,131,10,7,1.1732050807568877
25,grocery,63.595379375749246,103.89223924095303,86.48684830846318,2023-02-18,5,2,1,182,16,14,1.1732050807568877
25,grocery,63.595379375749246,103.89223924095303,102.16265504439195,2023-02-19,6,2,1,27,3,6,1.1732050807568877
25,grocery,63.595379375749246,103.89223924095303,81.80451591721572,2023-02-20,0,2,0,170,13,4,1.1732050807568877
25,grocery,63.595379375749246,103.89223924095303,102.3198217145839,2023-02-21,1,2,0,58,6,5,1.1732050807568877
25,grocery,63.595379375749246,103.89223924095303,99.15708364115834,2023-02-22,2,2,0,147,7,6,1.1732050807568877
25,grocery,63.595379375749246,103.89223924095303,102.07593073480783,2023-02-23,3,2,0,115,9,6,1.1732050807568877
25,grocery,63.595379375749246,103.89223924095303,86.58459532679225,2023-02-24,4,2,0,92,3,12,1.1732050807568877
25,grocery,63.595379375749246,103.89223924095303,98.97183444267537,2023-02-25,5,2,1,128,14,8,1.1732050807568877
25,grocery,63.595379375749246,103.89223924095303,99.36212355834391,2023-02-26,6,2,1,42,9,9,1.1732050807568877
25,grocery,63.595379375749246,103.89223924095303,84.24985302268873,2023-02-27,0,2,0,51,22,1,1.1732050807568877
25,grocery,63.595379375749246,103.89223924095303,77.62005705814101,2023-02-28,1,2,0,120,9,8,1.1732050807568877
25,grocery,63.595379375749246,103.89223924095303,68.3298359442288,2023-03-01,2,3,0,28,21,6,1.2
25,grocery,63.595379375749246,103.89223924095303,79.8446701873273,2023-03-02,3,3,0,75,6,3,1.2
25,grocery,63.595379375749246,103.89223924095303,90.87359500447505,2023-03-03,4,3,0,131,19,10,1.2
25,grocery,63.595379375749246,103.89223924095303,71.06450316548158,2023-03-04,5,3,1,163,30,5,1.2
25,grocery,63.595379375749246,103.89223924095303,93.19016364071015,2023-03-05,6,3,1,124,19,4,1.2
25,grocery,63.595379375749246,103.89223924095303,68.91278948713568,2023-03-06,0,3,0,81,26,2,1.2
25,grocery,63.595379375749246,103.89223924095303,85.41032507056016,2023-03-07,1,3,0,191,11,3,1.2
25,grocery,63.595379375749246,103.89223924095303,99.114810717024,2023-03-08,2,3,0,186,5,4,1.2
25,grocery,63.595379375749246,103.89223924095303,92.00369145858625,2023-03-09,3,3,0,121,9,2,1.2
25,grocery,63.595379375749246,103.89223924095303,100.64412761190175,2023-03-10,4,3,0,178,9,11,1.2
25,grocery,63.595379375749246,103.89223924095303,93.03617203410421,2023-03-11,5,3,1,121,6,13,1.2
25,grocery,63.595379375749246,103.89223924095303,85.13205981894365,2023-03-12,6,3,1,55,23,1,1.2
25,grocery,63.595379375749246,103.89223924095303,74.3848655496269,2023-03-13,0,3,0,33,12,14,1.2
25,grocery,63.595379375749246,103.89223924095303,77.5828348695468,2023-03-14,1,3,0,85,20,5,1.2
25,grocery,63.595379375749246,103.89223924095303,91.84403975442612,2023-03-15,2,3,0,93,4,12,1.2
25,grocery,63.595379375749246,103.89223924095303,98.89691110692993,2023-03-16,3,3,0,34,8,10,1.2
25,grocery,63.595379375749246,103.89223924095303,103.53496953500567,2023-03-17,4,3,0,184,11,2,1.2
25,grocery,63.595379375749246,103.89223924095303,81.82969975452454,2023-03-18,5,3,1,49,18,5,1.2
25,grocery,63.595379375749246,103.89223924095303,74.30642120156791,2023-03-19,6,3,1,104,22,9,1.2
25,grocery,63.595379375749246,103.89223924095303,89.97933612205469,2023-03-20,0,3,0,128,18,4,1.2
25,grocery,63.595379375749246,103.89223924095303,92.14368299877788,2023-03-21,1,3,0,69,22,13,1.2
25,grocery,63.595379375749246,103.89223924095303,82.77577755991132,2023-03-22,2,3,0,90,12,9,1.2
25,grocery,63.595379375749246,103.89223924095303,95.00429143663806,2023-03-23,3,3,0,63,16,4,1.2
25,grocery,63.595379375749246,103.89223924095303,91.92439841787363,2023-03-24,4,3,0,176,21,13,1.2
25,grocery,63.595379375749246,103.89223924095303,87.68554578853986,2023-03-25,5,3,1,74,19,4,1.2
25,grocery,63.595379375749246,103.89223924095303,67.28046588571861,2023-03-26,6,3,1,56,18,10,1.2
25,grocery,63.595379375749246,103.89223924095303,82.52099486481814,2023-03-27,0,3,0,75,15,14,1.2
25,grocery,63.595379375749246,103.89223924095303,85.3852037039253,2023-03-28,1,3,0,135,5,7,1.2
25,grocery,63.595379375749246,103.89223924095303,97.68466768193406,2023-03-29,2,3,0,49,8,14,1.2
25,grocery,63.595379375749246,103.89223924095303,100.85040344306054,2023-03-30,3,3,0,100,13,1,1.2
25,grocery,63.595379375749246,103.89223924095303,97.60003970568388,2023-03-31,4,3,0,179,8,13,1.2
25,grocery,63.595379375749246,103.89223924095303,93.17433003970736,2023-04-01,5,4,1,124,17,10,1.1732050807568877
25,grocery,63.595379375749246,103.89223924095303,91.48940013581984,2023-04-02,6,4,1,65,30,3,1.1732050807568877
25,grocery,63.595379375749246,103.89223924095303,94.12155830810582,2023-04-03,0,4,0,99,10,8,1.1732050807568877
25,grocery,63.595379375749246,103.89223924095303,81.06202780394928,2023-04-04,1,4,0,103,8,14,1.1732050807568877
25,grocery,63.595379375749246,103.89223924095303,78.73879709081189,2023-04-05,2,4,0,190,21,4,1.1732050807568877
25,grocery,63.595379375749246,103.89223924095303,68.57522959401005,2023-04-06,3,4,0,139,17,8,1.1732050807568877
25,grocery,63.595379375749246,103.89223924095303,88.45875372544843,2023-04-07,4,4,0,197,16,3,1.1732050807568877
25,grocery,63.595379375749246,103.89223924095303,69.57080920998487,2023-04-08,5,4,1,24,23,3,1.1732050807568877
25,grocery,63.595379375749246,103.89223924095303,103.63478458386803,2023-04-09,6,4,1,73,17,3,1.1732050807568877
25,grocery,63.595379375749246,103.89223924095303,85.92022183661688,2023-04-10,0,4,0,24,5,14,1.1732050807568877
25,grocery,63.595379375749246,103.89223924095303,102.97665080702521,2023-04-11,1,4,0,60,16,4,1.1732050807568877
25,grocery,63.595379375749246,103.89223924095303,102.80177049985184,2023-04-12,2,4,0,20,20,1,1.1732050807568877
25,grocery,63.595379375749246,103.89223924095303,78.52459314208093,2023-04-13,3,4,0,122,7,4,1.1732050807568877
25,grocery,63.595379375749246,103.89223924095303,100.22465375744312,2023-04-14,4,4,0,161,16,10,1.1732050807568877
25,grocery,63.595379375749246,103.89223924095303,83.66192756102035,2023-04-15,5,4,1,75,7,7,1.1732050807568877
25,grocery,63.595379375749246,103.89223924095303,72.02258918433287,2023-04-16,6,4,1,59,26,3,1.1732050807568877
25,grocery,63.595379375749246,103.89223924095303,93.17011411882756,2023-04-17,0,4,0,24,3,5,1.1732050807568877
25,grocery,63.595379375749246,103.89223924095303,67.09729345346007,2023-04-18,1,4,0,185,18,14,1.1732050807568877
25,grocery,63.595379375749246,103.89223924095303,87.09378816842987,2023-04-19,2,4,0,53,11,5,1.1732050807568877
25,grocery,63.595379375749246,103.89223924095303,97.34382965693557,2023-04-20,3,4,0,51,16,5,1.1732050807568877
25,grocery,63.595379375749246,103.89223924095303,80.70798245817454,2023-04-21,4,4,0,29,19,7,1.1732050807568877
25,grocery,63.595379375749246,103.89223924095303,69.38985951813247,2023-04-22,5,4,1,38,11,5,1.1732050807568877
25,grocery,63.595379375749246,103.89223924095303,79.2899031404466,2023-04-23,6,4,1,32,28,5,1.1732050807568877
25,grocery,63.595379375749246,103.89223924095303,93.14445881508206,2023-04-24,0,4,0,147,18,1,1.1732050807568877
25,grocery,63.595379375749246,103.89223924095303,84.64721665509829,2023-04-25,1,4,0,64,18,6,1.1732050807568877
25,grocery,63.595379375749246,103.89223924095303,102.888397608243,2023-04-26,2,4,0,121,8,1,1.1732050807568877
25,grocery,63.595379375749246,103.89223924095303,99.95258212560404,2023-04-27,3,4,0,83,5,13,1.1732050807568877
25,grocery,63.595379375749246,103.89223924095303,92.38043395375402,2023-04-28,4,4,0,162,19,5,1.1732050807568877
25,grocery,63.595379375749246,103.89223924095303,74.84385101952324,2023-04-29,5,4,1,54,14,4,1.1732050807568877
25,grocery,63.595379375749246,103.89223924095303,74.33602193685306,2023-04-30,6,4,1,105,18,1,1.1732050807568877
25,grocery,63.595379375749246,103.89223924095303,93.01575053922876,2023-05-01,0,5,0,189,15,11,1.1
25,grocery,63.595379375749246,103.89223924095303,94.7345890956243,2023-05-02,1,5,0,74,7,9,1.1
25,grocery,63.595379375749246,103.89223924095303,86.74097716629473,2023-05-03,2,5,0,194,18,6,1.1
25,grocery,63.595379375749246,103.89223924095303,87.22526319742695,2023-05-04,3,5,0,63,10,11,1.1
25,grocery,63.595379375749246,103.89223924095303,98.1848216789316,2023-05-05,4,5,0,42,6,8,1.1
25,grocery,63.595379375749246,103.89223924095303,77.07096547582813,2023-05-06,5,5,1,94,18,9,1.1
25,grocery,63.595379375749246,103.89223924095303,67.22240835806032,2023-05-07,6,5,1,59,10,5,1.1
25,grocery,63.595379375749246,103.89223924095303,69.04326533048255,2023-05-08,0,5,0,156,20,6,1.1
25,grocery,63.595379375749246,103.89223924095303,96.14533926471606,2023-05-09,1,5,0,43,6,9,1.1
25,grocery,63.595379375749246,103.89223924095303,67.60220725264351,2023-05-10,2,5,0,159,8,5,1.1
25,grocery,63.595379375749246,103.89223924095303,88.29301670170503,2023-05-11,3,5,0,43,6,5,1.1
25,grocery,63.595379375749246,103.89223924095303,94.8230828353713,2023-05-12,4,5,0,86,9,7,1.1
25,grocery,63.595379375749246,103.89223924095303,90.45113227007954,2023-05-13,5,5,1,167,10,5,1.1
25,grocery,63.595379375749246,103.89223924095303,69.22656655602643,2023-05-14,6,5,1,176,19,5,1.1
25,grocery,63.595379375749246,103.89223924095303,86.13684070243463,2023-05-15,0,5,0,131,11,10,1.1
25,grocery,63.595379375749246,103.89223924095303,67.01453290528877,2023-05-16,1,5,0,103,16,11,1.1
25,grocery,63.595379375749246,103.89223924095303,71.88303837506146,2023-05-17,2,5,0,90,12,6,1.1
25,grocery,63.595379375749246,103.89223924095303,97.67484331448367,2023-05-18,3,5,0,29,8,11,1.1
25,grocery,63.595379375749246,103.89223924095303,96.2259292209041,2023-05-19,4,5,0,146,15,11,1.1
25,grocery,63.595379375749246,103.89223924095303,90.81852300156076,2023-05-20,5,5,1,183,7,7,1.1
25,grocery,63.595379375749246,103.89223924095303,102.85976333954329,2023-05-21,6,5,1,151,6,8,1.1
25,grocery,63.595379375749246,103.89223924095303,83.47554885443026,2023-05-22,0,5,0,187,2,12,1.1
25,grocery,63.595379375749246,103.89223924095303,85.24855651657748,2023-05-23,1,5,0,172,16,7,1.1
25,grocery,63.595379375749246,103.89223924095303,91.68420772309115,2023-05-24,2,5,0,181,6,8,1.1
25,grocery,63.595379375749246,103.89223924095303,75.19076072210824,2023-05-25,3,5,0,20,13,10,1.1
25,grocery,63.595379375749246,103.89223924095303,88.4494283777651,2023-05-26,4,5,0,85,8,14,1.1
25,grocery,63.595379375749246,103.89223924095303,78.80087036566543,2023-05-27,5,5,1,165,41,1,1.1
25,grocery,63.595379375749246,103.89223924095303,73.1173617688295,2023-05-28,6,5,1,35,7,14,1.1
25,grocery,63.595379375749246,103.89223924095303,92.89745187957959,2023-05-29,0,5,0,80,9,4,1.1
25,grocery,63.595379375749246,103.89223924095303,69.14475461142773,2023-05-30,1,5,0,70,28,2,1.1
25,grocery,63.595379375749246,103.89223924095303,90.41041563654993,2023-05-31,2,5,0,31,22,3,1.1
25,grocery,63.595379375749246,103.89223924095303,76.94161125995575,2023-06-01,3,6,0,40,16,9,1.0
25,grocery,63.595379375749246,103.89223924095303,89.23905328792486,2023-06-02,4,6,0,90,16,14,1.0
25,grocery,63.595379375749246,103.89223924095303,69.99708159732751,2023-06-03,5,6,1,165,18,13,1.0
25,grocery,63.595379375749246,103.89223924095303,98.81217008729288,2023-06-04,6,6,1,181,7,13,1.0
25,grocery,63.595379375749246,103.89223924095303,93.56516133407347,2023-06-05,0,6,0,175,3,11,1.0
25,grocery,63.595379375749246,103.89223924095303,81.92944461635031,2023-06-06,1,6,0,161,15,8,1.0
25,grocery,63.595379375749246,103.89223924095303,70.89071397253664,2023-06-07,2,6,0,60,26,3,1.0
25,grocery,63.595379375749246,103.89223924095303,83.71863105476126,2023-06-08,3,6,0,37,11,14,1.0
25,grocery,63.595379375749246,103.89223924095303,67.83191742333909,2023-06-09,4,6,0,27,21,1,1.0
25,grocery,63.595379375749246,103.89223924095303,71.59315306439827,2023-06-10,5,6,1,120,16,9,1.0
25,grocery,63.595379375749246,103.89223924095303,94.25532746574086,2023-06-11,6,6,1,191,15,10,1.0
25,grocery,63.595379375749246,103.89223924095303,84.07297911885092,2023-06-12,0,6,0,48,8,11,1.0
25,grocery,63.595379375749246,103.89223924095303,96.40736111810236,2023-06-13,1,6,0,60,13,7,1.0
25,grocery,63.595379375749246,103.89223924095303,101.1541882538067,2023-06-14,2,6,0,41,13,2,1.0
25,grocery,63.595379375749246,103.89223924095303,88.84940593199237,2023-06-15,3,6,0,99,1,10,1.0
25,grocery,63.595379375749246,103.89223924095303,80.13277323995328,2023-06-16,4,6,0,53,13,9,1.0
25,grocery,63.595379375749246,103.89223924095303,99.32212480451415,2023-06-17,5,6,1,88,13,9,1.0
25,grocery,63.595379375749246,103.89223924095303,70.0361451035232,2023-06-18,6,6,1,62,29,3,1.0
25,grocery,63.595379375749246,103.89223924095303,73.72787057860376,2023-06-19,0,6,0,169,23,3,1.0
25,grocery,63.595379375749246,103.89223924095303,90.97300697147693,2023-06-20,1,6,0,176,17,5,1.0
25,grocery,63.595379375749246,103.89223924095303,95.71081660153632,2023-06-21,2,6,0,139,15,12,1.0
25,grocery,63.595379375749246,103.89223924095303,67.25156852828957,2023-06-22,3,6,0,34,10,3,1.0
25,grocery,63.595379375749246,103.89223924095303,96.72309544683242,2023-06-23,4,6,0,166,10,9,1.0
25,grocery,63.595379375749246,103.89223924095303,77.19378499863527,2023-06-24,5,6,1,168,15,2,1.0
25,grocery,63.595379375749246,103.89223924095303,68.49279779170018,2023-06-25,6,6,1,128,7,11,1.0
25,grocery,63.595379375749246,103.89223924095303,97.40933011942855,2023-06-26,0,6,0,109,10,14,1.0
25,grocery,63.595379375749246,103.89223924095303,96.63739950267659,2023-06-27,1,6,0,40,14,8,1.0
25,grocery,63.595379375749246,103.89223924095303,95.23561312246059,2023-06-28,2,6,0,101,9,9,1.0
25,grocery,63.595379375749246,103.89223924095303,102.79680590151125,2023-06-29,3,6,0,147,12,4,1.0
26,grocery,97.19858248143444,169.30864051176593,136.49063521292385,2023-01-01,6,1,1,170,11,8,1.1
26,grocery,97.19858248143444,169.30864051176593,135.75555526417148,2023-01-02,0,1,0,180,4,14,1.1
26,grocery,97.19858248143444,169.30864051176593,121.07445632396049,2023-01-03,1,1,0,130,15,8,1.1
26,grocery,97.19858248143444,169.30864051176593,132.5232782218053,2023-01-04,2,1,0,183,13,14,1.1
26,grocery,97.19858248143444,169.30864051176593,169.1789320672164,2023-01-05,3,1,0,175,10,10,1.1
26,grocery,97.19858248143444,169.30864051176593,165.11584955372265,2023-01-06,4,1,0,180,4,8,1.1
26,grocery,97.19858248143444,169.30864051176593,112.07935535807371,2023-01-07,5,1,1,67,12,5,1.1
26,grocery,97.19858248143444,169.30864051176593,125.1914110871738,2023-01-08,6,1,1,138,15,14,1.1
26,grocery,97.19858248143444,169.30864051176593,124.72460860311736,2023-01-09,0,1,0,121,16,4,1.1
26,grocery,97.19858248143444,169.30864051176593,137.6164127895825,2023-01-10,1,1,0,22,7,12,1.1
26,grocery,97.19858248143444,169.30864051176593,107.32401290338335,2023-01-11,2,1,0,93,21,3,1.1
26,grocery,97.19858248143444,169.30864051176593,145.51980701888985,2023-01-12,3,1,0,119,4,10,1.1
26,grocery,97.19858248143444,169.30864051176593,152.58852780767862,2023-01-13,4,1,0,58,8,4,1.1
26,grocery,97.19858248143444,169.30864051176593,158.85603015672507,2023-01-14,5,1,1,85,16,3,1.1
26,grocery,97.19858248143444,169.30864051176593,116.66211582437442,2023-01-15,6,1,1,157,22,14,1.1
26,grocery,97.19858248143444,169.30864051176593,112.31876469531636,2023-01-16,0,1,0,86,6,10,1.1
26,grocery,97.19858248143444,169.30864051176593,159.0841051773909,2023-01-17,1,1,0,176,7,8,1.1
26,grocery,97.19858248143444,169.30864051176593,166.04121998924182,2023-01-18,2,1,0,148,17,3,1.1
26,grocery,97.19858248143444,169.30864051176593,162.0762562090162,2023-01-19,3,1,0,128,7,14,1.1
26,grocery,97.19858248143444,169.30864051176593,156.0468768601517,2023-01-20,4,1,0,57,12,1,1.1
26,grocery,97.19858248143444,169.30864051176593,111.44910989504574,2023-01-21,5,1,1,124,15,13,1.1
26,grocery,97.19858248143444,169.30864051176593,134.67836606125195,2023-01-22,6,1,1,150,9,10,1.1
26,grocery,97.19858248143444,169.30864051176593,154.4164666452295,2023-01-23,0,1,0,130,2,13,1.1
26,grocery,97.19858248143444,169.30864051176593,163.9478600129243,2023-01-24,1,1,0,137,13,2,1.1
26,grocery,97.19858248143444,169.30864051176593,123.94963783151425,2023-01-25,2,1,0,195,12,11,1.1
26,grocery,97.19858248143444,169.30864051176593,114.84236364134776,2023-01-26,3,1,0,163,8,7,1.1
26,grocery,97.19858248143444,169.30864051176593,149.2196151669827,2023-01-27,4,1,0,177,20,1,1.1
26,grocery,97.19858248143444,169.30864051176593,108.14372639663803,2023-01-28,5,1,1,98,13,14,1.1
26,grocery,97.19858248143444,169.30864051176593,161.2805565727101,2023-01-29,6,1,1,134,7,8,1.1
26,grocery,97.19858248143444,169.30864051176593,104.23081941298213,2023-01-30,0,1,0,68,22,3,1.1
26,grocery,97.19858248143444,169.30864051176593,152.270916711878,2023-01-31,1,1,0,186,12,13,1.1
26,grocery,97.19858248143444,169.30864051176593,119.59676589966784,2023-02-01,2,2,0,151,8,9,1.1732050807568877
26,grocery,97.19858248143444,169.30864051176593,126.70983451896416,2023-02-02,3,2,0,95,12,12,1.1732050807568877
26,grocery,97.19858248143444,169.30864051176593,139.17141225405342,2023-02-03,4,2,0,97,10,5,1.1732050807568877
26,grocery,97.19858248143444,169.30864051176593,119.3209925120336,2023-02-04,5,2,1,157,9,8,1.1732050807568877
26,grocery,97.19858248143444,169.30864051176593,107.93267509058478,2023-02-05,6,2,1,130,48,1,1.1732050807568877
26,grocery,97.19858248143444,169.30864051176593,165.05655404774643,2023-02-06,0,2,0,55,3,10,1.1732050807568877
26,grocery,97.19858248143444,169.30864051176593,147.09915885473717,2023-02-07,1,2,0,118,24,2,1.1732050807568877
26,grocery,97.19858248143444,169.30864051176593,151.6989443876148,2023-02-08,2,2,0,55,7,8,1.1732050807568877
26,grocery,97.19858248143444,169.30864051176593,110.81203007268144,2023-02-09,3,2,0,36,15,1,1.1732050807568877
26,grocery,97.19858248143444,169.30864051176593,135.31123405212918,2023-02-10,4,2,0,151,19,9,1.1732050807568877
26,grocery,97.19858248143444,169.30864051176593,114.9747472278583,2023-02-11,5,2,1,150,9,4,1.1732050807568877
26,grocery,97.19858248143444,169.30864051176593,161.45271517960788,2023-02-12,6,2,1,138,6,9,1.1732050807568877
26,grocery,97.19858248143444,169.30864051176593,108.84512450824286,2023-02-13,0,2,0,179,16,1,1.1732050807568877
26,grocery,97.19858248143444,169.30864051176593,153.59536041771233,2023-02-14,1,2,0,30,7,6,1.1732050807568877
26,grocery,97.19858248143444,169.30864051176593,105.27965972354528,2023-02-15,2,2,0,106,14,10,1.1732050807568877
26,grocery,97.19858248143444,169.30864051176593,112.78427728999611,2023-02-16,3,2,0,104,14,11,1.1732050807568877
26,grocery,97.19858248143444,169.30864051176593,135.99574331338272,2023-02-17,4,2,0,102,22,12,1.1732050807568877
26,grocery,97.19858248143444,169.30864051176593,141.58223257694763,2023-02-18,5,2,1,69,19,3,1.1732050807568877
26,grocery,97.19858248143444,169.30864051176593,155.87545783417917,2023-02-19,6,2,1,60,12,3,1.1732050807568877
26,grocery,97.19858248143444,169.30864051176593,136.192701293603,2023-02-20,0,2,0,58,11,9,1.1732050807568877
26,grocery,97.19858248143444,169.30864051176593,153.84687081134444,2023-02-21,1,2,0,194,9,2,1.1732050807568877
26,grocery,97.19858248143444,169.30864051176593,110.32273128778989,2023-02-22,2,2,0,174,11,12,1.1732050807568877
26,grocery,97.19858248143444,169.30864051176593,130.60075476981643,2023-02-23,3,2,0,51,8,8,1.1732050807568877
26,grocery,97.19858248143444,169.30864051176593,143.58118774452768,2023-02-24,4,2,0,187,10,7,1.1732050807568877
26,grocery,97.19858248143444,169.30864051176593,113.77358551966456,2023-02-25,5,2,1,114,21,6,1.1732050807568877
26,grocery,97.19858248143444,169.30864051176593,105.65627299572414,2023-02-26,6,2,1,38,19,7,1.1732050807568877
26,grocery,97.19858248143444,169.30864051176593,153.81464052532763,2023-02-27,0,2,0,163,10,1,1.1732050807568877
26,grocery,97.19858248143444,169.30864051176593,168.11517161567244,2023-02-28,1,2,0,117,20,2,1.1732050807568877
26,grocery,97.19858248143444,169.30864051176593,116.90951979977137,2023-03-01,2,3,0,187,9,6,1.2
26,grocery,97.19858248143444,169.30864051176593,142.63924737516533,2023-03-02,3,3,0,92,17,8,1.2
26,grocery,97.19858248143444,169.30864051176593,162.2793615247657,2023-03-03,4,3,0,163,16,14,1.2
26,grocery,97.19858248143444,169.30864051176593,167.71084691407103,2023-03-04,5,3,1,87,18,11,1.2
26,grocery,97.19858248143444,169.30864051176593,107.12811244780102,2023-03-05,6,3,1,173,31,4,1.2
26,grocery,97.19858248143444,169.30864051176593,134.9879311670831,2023-03-06,0,3,0,85,12,12,1.2
26,grocery,97.19858248143444,169.30864051176593,102.64219172163735,2023-03-07,1,3,0,56,12,9,1.2
26,grocery,97.19858248143444,169.30864051176593,116.07326901378332,2023-03-08,2,3,0,151,6,2,1.2
26,grocery,97.19858248143444,169.30864051176593,115.10515863297752,2023-03-09,3,3,0,77,16,9,1.2
26,grocery,97.19858248143444,169.30864051176593,144.67037469083985,2023-03-10,4,3,0,65,16,9,1.2
26,grocery,97.19858248143444,169.30864051176593,163.42813939875523,2023-03-11,5,3,1,93,17,8,1.2
26,grocery,97.19858248143444,169.30864051176593,151.42521156288336,2023-03-12,6,3,1,43,8,3,1.2
26,grocery,97.19858248143444,169.30864051176593,135.49062222309198,2023-03-13,0,3,0,56,20,13,1.2
26,grocery,97.19858248143444,169.30864051176593,159.0371909908751,2023-03-14,1,3,0,97,11,4,1.2
26,grocery,97.19858248143444,169.30864051176593,143.95371955766464,2023-03-15,2,3,0,131,13,1,1.2
26,grocery,97.19858248143444,169.30864051176593,161.51531798480082,2023-03-16,3,3,0,163,3,8,1.2
26,grocery,97.19858248143444,169.30864051176593,112.8563522106016,2023-03-17,4,3,0,62,21,10,1.2
26,grocery,97.19858248143444,169.30864051176593,162.97638802056014,2023-03-18,5,3,1,127,7,12,1.2
26,grocery,97.19858248143444,169.30864051176593,149.6621340713903,2023-03-19,6,3,1,194,13,12,1.2
26,grocery,97.19858248143444,169.30864051176593,161.9728135683103,2023-03-20,0,3,0,55,11,13,1.2
26,grocery,97.19858248143444,169.30864051176593,146.49950161674147,2023-03-21,1,3,0,44,14,1,1.2
26,grocery,97.19858248143444,169.30864051176593,125.06566026150728,2023-03-22,2,3,0,58,19,9,1.2
26,grocery,97.19858248143444,169.30864051176593,164.58078823458465,2023-03-23,3,3,0,39,9,12,1.2
26,grocery,97.19858248143444,169.30864051176593,130.7208374824255,2023-03-24,4,3,0,186,20,10,1.2
26,grocery,97.19858248143444,169.30864051176593,103.2960185298239,2023-03-25,5,3,1,73,20,2,1.2
26,grocery,97.19858248143444,169.30864051176593,109.38262451528422,2023-03-26,6,3,1,61,9,13,1.2
26,grocery,97.19858248143444,169.30864051176593,116.60178771039986,2023-03-27,0,3,0,111,14,13,1.2
26,grocery,97.19858248143444,169.30864051176593,150.80575042673297,2023-03-28,1,3,0,165,14,9,1.2
26,grocery,97.19858248143444,169.30864051176593,135.2272734157906,2023-03-29,2,3,0,112,3,9,1.2
26,grocery,97.19858248143444,169.30864051176593,150.5422010942795,2023-03-30,3,3,0,104,13,13,1.2
26,grocery,97.19858248143444,169.30864051176593,121.48138490915157,2023-03-31,4,3,0,155,9,12,1.2
26,grocery,97.19858248143444,169.30864051176593,131.3532042483504,2023-04-01,5,4,1,169,21,14,1.1732050807568877
26,grocery,97.19858248143444,169.30864051176593,105.40031062668841,2023-04-02,6,4,1,35,23,4,1.1732050807568877
26,grocery,97.19858248143444,169.30864051176593,140.3973776489508,2023-04-03,0,4,0,28,3,10,1.1732050807568877
26,grocery,97.19858248143444,169.30864051176593,139.18574059656208,2023-04-04,1,4,0,25,25,1,1.1732050807568877
26,grocery,97.19858248143444,169.30864051176593,121.67841177750313,2023-04-05,2,4,0,89,13,2,1.1732050807568877
26,grocery,97.19858248143444,169.30864051176593,115.2200218478269,2023-04-06,3,4,0,101,17,1,1.1732050807568877
26,grocery,97.19858248143444,169.30864051176593,164.25981789860936,2023-04-07,4,4,0,164,8,5,1.1732050807568877
26,grocery,97.19858248143444,169.30864051176593,137.44611294678862,2023-04-08,5,4,1,56,16,7,1.1732050807568877
26,grocery,97.19858248143444,169.30864051176593,134.03950153190445,2023-04-09,6,4,1,20,13,4,1.1732050807568877
26,grocery,97.19858248143444,169.30864051176593,116.61620506618246,2023-04-10,0,4,0,168,10,13,1.1732050807568877
26,grocery,97.19858248143444,169.30864051176593,168.22781000444434,2023-04-11,1,4,0,180,5,6,1.1732050807568877
26,grocery,97.19858248143444,169.30864051176593,117.42065914208538,2023-04-12,2,4,0,119,23,9,1.1732050807568877
26,grocery,97.19858248143444,169.30864051176593,137.60029156035017,2023-04-13,3,4,0,42,10,3,1.1732050807568877
26,grocery,97.19858248143444,169.30864051176593,153.62795095473464,2023-04-14,4,4,0,49,19,1,1.1732050807568877
26,grocery,97.19858248143444,169.30864051176593,113.2763253954702,2023-04-15,5,4,1,169,34,2,1.1732050807568877
26,grocery,97.19858248143444,169.30864051176593,142.2995726704638,2023-04-16,6,4,1,82,16,13,1.1732050807568877
26,grocery,97.19858248143444,169.30864051176593,161.69658938644383,2023-04-17,0,4,0,67,4,9,1.1732050807568877
26,grocery,97.19858248143444,169.30864051176593,102.81433463852798,2023-04-18,1,4,0,167,11,7,1.1732050807568877
26,grocery,97.19858248143444,169.30864051176593,104.18142980831858,2023-04-19,2,4,0,71,15,11,1.1732050807568877
26,grocery,97.19858248143444,169.30864051176593,102.99870102965566,2023-04-20,3,4,0,149,22,9,1.1732050807568877
26,grocery,97.19858248143444,169.30864051176593,159.03534521361723,2023-04-21,4,4,0,106,15,3,1.1732050807568877
26,grocery,97.19858248143444,169.30864051176593,118.59552291632733,2023-04-22,5,4,1,92,15,6,1.1732050807568877
26,grocery,97.19858248143444,169.30864051176593,126.45261274568806,2023-04-23,6,4,1,145,22,3,1.1732050807568877
26,grocery,97.19858248143444,169.30864051176593,137.57090826348508,2023-04-24,0,4,0,102,7,9,1.1732050807568877
26,grocery,97.19858248143444,169.30864051176593,115.17410148842653,2023-04-25,1,4,0,79,12,6,1.1732050807568877
26,grocery,97.19858248143444,169.30864051176593,130.33241310187574,2023-04-26,2,4,0,186,6,12,1.1732050807568877
26,grocery,97.19858248143444,169.30864051176593,137.66509115192105,2023-04-27,3,4,0,113,2,5,1.1732050807568877
26,grocery,97.19858248143444,169.30864051176593,151.99423149832455,2023-04-28,4,4,0,193,7,12,1.1732050807568877
26,grocery,97.19858248143444,169.30864051176593,150.78276589546803,2023-04-29,5,4,1,53,9,14,1.1732050807568877
26,grocery,97.19858248143444,169.30864051176593,136.7354936576733,2023-04-30,6,4,1,176,19,7,1.1732050807568877
26,grocery,97.19858248143444,169.30864051176593,168.67078080313172,2023-05-01,0,5,0,120,5,4,1.1
26,grocery,97.19858248143444,169.30864051176593,149.03976627646654,2023-05-02,1,5,0,22,12,13,1.1
26,grocery,97.19858248143444,169.30864051176593,144.94226159616727,2023-05-03,2,5,0,36,24,1,1.1
26,grocery,97.19858248143444,169.30864051176593,104.78887369327377,2023-05-04,3,5,0,112,17,9,1.1
26,grocery,97.19858248143444,169.30864051176593,160.1003492663633,2023-05-05,4,5,0,104,10,3,1.1
26,grocery,97.19858248143444,169.30864051176593,126.11350359623825,2023-05-06,5,5,1,162,10,5,1.1
26,grocery,97.19858248143444,169.30864051176593,161.11645912332176,2023-05-07,6,5,1,124,12,13,1.1
26,grocery,97.19858248143444,169.30864051176593,132.0351639666218,2023-05-08,0,5,0,125,13,11,1.1
26,grocery,97.19858248143444,169.30864051176593,123.56866970458809,2023-05-09,1,5,0,163,13,11,1.1
26,grocery,97.19858248143444,169.30864051176593,118.432739543663,2023-05-10,2,5,0,182,12,11,1.1
26,grocery,97.19858248143444,169.30864051176593,105.19031445685125,2023-05-11,3,5,0,148,8,12,1.1
26,grocery,97.19858248143444,169.30864051176593,158.85840643658733,2023-05-12,4,5,0,58,16,13,1.1
26,grocery,97.19858248143444,169.30864051176593,108.81239728365901,2023-05-13,5,5,1,51,41,1,1.1
26,grocery,97.19858248143444,169.30864051176593,114.13089847464705,2023-05-14,6,5,1,186,11,9,1.1
26,grocery,97.19858248143444,169.30864051176593,113.42736985129636,2023-05-15,0,5,0,147,26,3,1.1
26,grocery,97.19858248143444,169.30864051176593,124.54283768679244,2023-05-16,1,5,0,24,15,3,1.1
26,grocery,97.19858248143444,169.30864051176593,143.44941181444207,2023-05-17,2,5,0,88,14,6,1.1
26,grocery,97.19858248143444,169.30864051176593,148.4805714761811,2023-05-18,3,5,0,119,31,1,1.1
26,grocery,97.19858248143444,169.30864051176593,139.07185512783855,2023-05-19,4,5,0,41,16,8,1.1
26,grocery,97.19858248143444,169.30864051176593,143.06103841208025,2023-05-20,5,5,1,123,14,14,1.1
26,grocery,97.19858248143444,169.30864051176593,113.56651654245066,2023-05-21,6,5,1,101,20,6,1.1
26,grocery,97.19858248143444,169.30864051176593,118.13770760474887,2023-05-22,0,5,0,192,22,3,1.1
26,grocery,97.19858248143444,169.30864051176593,144.63507537610334,2023-05-23,1,5,0,196,3,9,1.1
26,grocery,97.19858248143444,169.30864051176593,119.9535081215003,2023-05-24,2,5,0,31,13,3,1.1
26,grocery,97.19858248143444,169.30864051176593,130.34045910767662,2023-05-25,3,5,0,33,11,12,1.1
26,grocery,97.19858248143444,169.30864051176593,135.1548060259575,2023-05-26,4,5,0,112,13,8,1.1
26,grocery,97.19858248143444,169.30864051176593,165.72125171246745,2023-05-27,5,5,1,179,9,3,1.1
26,grocery,97.19858248143444,169.30864051176593,132.86837556905738,2023-05-28,6,5,1,189,19,5,1.1
26,grocery,97.19858248143444,169.30864051176593,127.25928781553085,2023-05-29,0,5,0,81,7,13,1.1
26,grocery,97.19858248143444,169.30864051176593,165.46712129434485,2023-05-30,1,5,0,79,17,3,1.1
26,grocery,97.19858248143444,169.30864051176593,140.14776070670212,2023-05-31,2,5,0,186,21,4,1.1
26,grocery,97.19858248143444,169.30864051176593,104.57944638185855,2023-06-01,3,6,0,172,18,5,1.0
26,grocery,97.19858248143444,169.30864051176593,155.67075631765425,2023-06-02,4,6,0,189,27,1,1.0
26,grocery,97.19858248143444,169.30864051176593,130.23842842018644,2023-06-03,5,6,1,57,10,7,1.0
26,grocery,97.19858248143444,169.30864051176593,120.83525459245277,2023-06-04,6,6,1,22,13,6,1.0
26,grocery,97.19858248143444,169.30864051176593,134.0582477070142,2023-06-05,0,6,0,67,10,5,1.0
26,grocery,97.19858248143444,169.30864051176593,139.50322855137426,2023-06-06,1,6,0,164,18,6,1.0
26,grocery,97.19858248143444,169.30864051176593,128.3131962095953,2023-06-07,2,6,0,147,15,2,1.0
26,grocery,97.19858248143444,169.30864051176593,167.76537510190428,2023-06-08,3,6,0,83,7,2,1.0
26,grocery,97.19858248143444,169.30864051176593,126.85664588431251,2023-06-09,4,6,0,158,16,2,1.0
26,grocery,97.19858248143444,169.30864051176593,117.3843518033456,2023-06-10,5,6,1,87,8,9,1.0
26,grocery,97.19858248143444,169.30864051176593,150.42959950387007,2023-06-11,6,6,1,176,9,9,1.0
26,grocery,97.19858248143444,169.30864051176593,142.7154423357975,2023-06-12,0,6,0,64,7,6,1.0
26,grocery,97.19858248143444,169.30864051176593,148.20497846747546,2023-06-13,1,6,0,149,8,2,1.0
26,grocery,97.19858248143444,169.30864051176593,155.1195925093802,2023-06-14,2,6,0,71,10,11,1.0
26,grocery,97.19858248143444,169.30864051176593,141.0057849333208,2023-06-15,3,6,0,21,21,1,1.0
26,grocery,97.19858248143444,169.30864051176593,106.24990967498277,2023-06-16,4,6,0,150,12,5,1.0
26,grocery,97.19858248143444,169.30864051176593,162.06444894981732,2023-06-17,5,6,1,55,14,3,1.0
26,grocery,97.19858248143444,169.30864051176593,123.95612918357625,2023-06-18,6,6,1,80,10,11,1.0
26,grocery,97.19858248143444,169.30864051176593,133.91252756889304,2023-06-19,0,6,0,99,18,7,1.0
26,grocery,97.19858248143444,169.30864051176593,118.9141591119896,2023-06-20,1,6,0,105,10,9,1.0
26,grocery,97.19858248143444,169.30864051176593,154.92895600468307,2023-06-21,2,6,0,77,6,4,1.0
26,grocery,97.19858248143444,169.30864051176593,139.63755515040248,2023-06-22,3,6,0,163,8,11,1.0
26,grocery,97.19858248143444,169.30864051176593,159.73539107723087,2023-06-23,4,6,0,86,8,8,1.0
26,grocery,97.19858248143444,169.30864051176593,135.56704886857526,2023-06-24,5,6,1,125,23,5,1.0
26,grocery,97.19858248143444,169.30864051176593,164.41180523072282,2023-06-25,6,6,1,115,19,2,1.0
26,grocery,97.19858248143444,169.30864051176593,123.40406090698065,2023-06-26,0,6,0,63,28,1,1.0
26,grocery,97.19858248143444,169.30864051176593,117.69877597222846,2023-06-27,1,6,0,119,13,3,1.0
26,grocery,97.19858248143444,169.30864051176593,158.54463983226526,2023-06-28,2,6,0,129,2,9,1.0
26,grocery,97.19858248143444,169.30864051176593,160.31984685234676,2023-06-29,3,6,0,85,2,10,1.0
27,snacks,92.74553570878106,139.61087391153418,109.96570019151088,2023-01-01,6,1,1,37,21,11,1.1
27,snacks,92.74553570878106,139.61087391153418,109.66908493382908,2023-01-02,0,1,0,57,19,5,1.1
27,snacks,92.74553570878106,139.61087391153418,116.61359005213235,2023-01-03,1,1,0,107,16,13,1.1
27,snacks,92.74553570878106,139.61087391153418,117.93388474314872,2023-01-04,2,1,0,54,14,7,1.1
27,snacks,92.74553570878106,139.61087391153418,102.70819253144711,2023-01-05,3,1,0,136,9,12,1.1
27,snacks,92.74553570878106,139.61087391153418,117.15382383491081,2023-01-06,4,1,0,40,9,3,1.1
27,snacks,92.74553570878106,139.61087391153418,118.04384251757422,2023-01-07,5,1,1,164,8,10,1.1
27,snacks,92.74553570878106,139.61087391153418,111.7715749344808,2023-01-08,6,1,1,170,25,1,1.1
27,snacks,92.74553570878106,139.61087391153418,130.6676326982373,2023-01-09,0,1,0,45,10,6,1.1
27,snacks,92.74553570878106,139.61087391153418,113.03732762808255,2023-01-10,1,1,0,35,19,13,1.1
27,snacks,92.74553570878106,139.61087391153418,126.62844726330754,2023-01-11,2,1,0,127,5,13,1.1
27,snacks,92.74553570878106,139.61087391153418,107.10301510352411,2023-01-12,3,1,0,140,12,3,1.1
27,snacks,92.74553570878106,139.61087391153418,114.70112674230067,2023-01-13,4,1,0,177,14,9,1.1
27,snacks,92.74553570878106,139.61087391153418,129.57965264881727,2023-01-14,5,1,1,28,10,14,1.1
27,snacks,92.74553570878106,139.61087391153418,116.43654213581574,2023-01-15,6,1,1,64,13,6,1.1
27,snacks,92.74553570878106,139.61087391153418,130.29142162352656,2023-01-16,0,1,0,71,14,3,1.1
27,snacks,92.74553570878106,139.61087391153418,117.63041957016614,2023-01-17,1,1,0,180,11,1,1.1
27,snacks,92.74553570878106,139.61087391153418,121.77279738898443,2023-01-18,2,1,0,135,14,1,1.1
27,snacks,92.74553570878106,139.61087391153418,112.89358001166549,2023-01-19,3,1,0,44,17,6,1.1
27,snacks,92.74553570878106,139.61087391153418,119.57729429681231,2023-01-20,4,1,0,107,12,8,1.1
27,snacks,92.74553570878106,139.61087391153418,105.11576120095178,2023-01-21,5,1,1,33,12,5,1.1
27,snacks,92.74553570878106,139.61087391153418,135.8934776953451,2023-01-22,6,1,1,20,17,13,1.1
27,snacks,92.74553570878106,139.61087391153418,109.06160837877506,2023-01-23,0,1,0,77,10,14,1.1
27,snacks,92.74553570878106,139.61087391153418,117.82350842419773,2023-01-24,1,1,0,65,14,11,1.1
27,snacks,92.74553570878106,139.61087391153418,112.50536607929857,2023-01-25,2,1,0,80,18,1,1.1
27,snacks,92.74553570878106,139.61087391153418,99.49260940691225,2023-01-26,3,1,0,88,13,12,1.1
27,snacks,92.74553570878106,139.61087391153418,104.19153034353003,2023-01-27,4,1,0,190,20,14,1.1
27,snacks,92.74553570878106,139.61087391153418,131.72202469102695,2023-01-28,5,1,1,71,11,8,1.1
27,snacks,92.74553570878106,139.61087391153418,136.3649007716414,2023-01-29,6,1,1,128,18,8,1.1
27,snacks,92.74553570878106,139.61087391153418,110.73148197965713,2023-01-30,0,1,0,148,12,9,1.1
27,snacks,92.74553570878106,139.61087391153418,139.48990001694023,2023-01-31,1,1,0,92,13,3,1.1
27,snacks,92.74553570878106,139.61087391153418,121.35706719588106,2023-02-01,2,2,0,193,17,4,1.1732050807568877
27,snacks,92.74553570878106,139.61087391153418,133.4826412238639,2023-02-02,3,2,0,96,5,14,1.1732050807568877
27,snacks,92.74553570878106,139.61087391153418,102.7616554189,2023-02-03,4,2,0,45,16,3,1.1732050807568877
27,snacks,92.74553570878106,139.61087391153418,126.99621116137897,2023-02-04,5,2,1,75,12,2,1.1732050807568877
27,snacks,92.74553570878106,139.61087391153418,111.28796304945891,2023-02-05,6,2,1,89,14,12,1.1732050807568877
27,snacks,92.74553570878106,139.61087391153418,112.0418869487814,2023-02-06,0,2,0,186,6,11,1.1732050807568877
27,snacks,92.74553570878106,139.61087391153418,115.64574757307425,2023-02-07,1,2,0,152,8,4,1.1732050807568877
27,snacks,92.74553570878106,139.61087391153418,119.09025114807714,2023-02-08,2,2,0,122,7,11,1.1732050807568877
27,snacks,92.74553570878106,139.61087391153418,124.93485526079644,2023-02-09,3,2,0,94,19,2,1.1732050807568877
27,snacks,92.74553570878106,139.61087391153418,138.7702278097316,2023-02-10,4,2,0,191,18,3,1.1732050807568877
27,snacks,92.74553570878106,139.61087391153418,123.35827654884888,2023-02-11,5,2,1,185,18,3,1.1732050807568877
27,snacks,92.74553570878106,139.61087391153418,115.29856852855171,2023-02-12,6,2,1,180,24,13,1.1732050807568877
27,snacks,92.74553570878106,139.61087391153418,114.04273684681549,2023-02-13,0,2,0,105,23,2,1.1732050807568877
27,snacks,92.74553570878106,139.61087391153418,108.39739490577385,2023-02-14,1,2,0,76,15,11,1.1732050807568877
27,snacks,92.74553570878106,139.61087391153418,101.88812734599232,2023-02-15,2,2,0,96,20,10,1.1732050807568877
27,snacks,92.74553570878106,139.61087391153418,135.75785117308186,2023-02-16,3,2,0,196,3,10,1.1732050807568877
27,snacks,92.74553570878106,139.61087391153418,139.09143466796664,2023-02-17,4,2,0,161,11,10,1.1732050807568877
27,snacks,92.74553570878106,139.61087391153418,130.29507025707312,2023-02-18,5,2,1,36,7,14,1.1732050807568877
27,snacks,92.74553570878106,139.61087391153418,117.77438255584265,2023-02-19,6,2,1,188,13,7,1.1732050807568877
27,snacks,92.74553570878106,139.61087391153418,136.67364796324702,2023-02-20,0,2,0,61,12,5,1.1732050807568877
27,snacks,92.74553570878106,139.61087391153418,135.34546202280399,2023-02-21,1,2,0,66,11,4,1.1732050807568877
27,snacks,92.74553570878106,139.61087391153418,104.77866193863177,2023-02-22,2,2,0,170,19,11,1.1732050807568877
27,snacks,92.74553570878106,139.61087391153418,122.9925982391845,2023-02-23,3,2,0,47,11,1,1.1732050807568877
27,snacks,92.74553570878106,139.61087391153418,131.0648228040897,2023-02-24,4,2,0,56,11,6,1.1732050807568877
27,snacks,92.74553570878106,139.61087391153418,107.59713226514266,2023-02-25,5,2,1,84,10,10,1.1732050807568877
27,snacks,92.74553570878106,139.61087391153418,103.57031381117005,2023-02-26,6,2,1,62,12,6,1.1732050807568877
27,snacks,92.74553570878106,139.61087391153418,106.83387175695864,2023-02-27,0,2,0,184,18,5,1.1732050807568877
27,snacks,92.74553570878106,139.61087391153418,138.22610182969981,2023-02-28,1,2,0,154,10,1,1.1732050807568877
27,snacks,92.74553570878106,139.61087391153418,137.52584096736865,2023-03-01,2,3,0,73,17,13,1.2
27,snacks,92.74553570878106,139.61087391153418,109.31217862122149,2023-03-02,3,3,0,134,12,13,1.2
27,snacks,92.74553570878106,139.61087391153418,139.23285560269107,2023-03-03,4,3,0,129,10,14,1.2
27,snacks,92.74553570878106,139.61087391153418,126.01041555446373,2023-03-04,5,3,1,83,23,6,1.2
27,snacks,92.74553570878106,139.61087391153418,110.80419721987874,2023-03-05,6,3,1,28,16,14,1.2
27,snacks,92.74553570878106,139.61087391153418,99.62872636019573,2023-03-06,0,3,0,187,20,8,1.2
27,snacks,92.74553570878106,139.61087391153418,116.51742000669097,2023-03-07,1,3,0,82,19,9,1.2
27,snacks,92.74553570878106,139.61087391153418,135.56292356884722,2023-03-08,2,3,0,25,6,7,1.2
27,snacks,92.74553570878106,139.61087391153418,129.9913069608288,2023-03-09,3,3,0,77,19,7,1.2
27,snacks,92.74553570878106,139.61087391153418,133.7646059230228,2023-03-10,4,3,0,66,8,14,1.2
27,snacks,92.74553570878106,139.61087391153418,100.79988240142765,2023-03-11,5,3,1,138,20,9,1.2
27,snacks,92.74553570878106,139.61087391153418,103.67489097394888,2023-03-12,6,3,1,42,20,3,1.2
27,snacks,92.74553570878106,139.61087391153418,121.12441041888336,2023-03-13,0,3,0,167,16,11,1.2
27,snacks,92.74553570878106,139.61087391153418,122.84821560397914,2023-03-14,1,3,0,132,11,3,1.2
27,snacks,92.74553570878106,139.61087391153418,126.00231524607902,2023-03-15,2,3,0,156,12,13,1.2
27,snacks,92.74553570878106,139.61087391153418,114.02462329029476,2023-03-16,3,3,0,57,8,8,1.2
27,snacks,92.74553570878106,139.61087391153418,137.11669356976955,2023-03-17,4,3,0,175,17,14,1.2
27,snacks,92.74553570878106,139.61087391153418,135.58193746921825,2023-03-18,5,3,1,57,20,5,1.2
27,snacks,92.74553570878106,139.61087391153418,127.38708203567606,2023-03-19,6,3,1,191,26,9,1.2
27,snacks,92.74553570878106,139.61087391153418,137.59877029427452,2023-03-20,0,3,0,77,9,12,1.2
27,snacks,92.74553570878106,139.61087391153418,134.64574948214755,2023-03-21,1,3,0,83,13,5,1.2
27,snacks,92.74553570878106,139.61087391153418,125.50524952590905,2023-03-22,2,3,0,175,6,9,1.2
27,snacks,92.74553570878106,139.61087391153418,112.78934323574798,2023-03-23,3,3,0,144,32,1,1.2
27,snacks,92.74553570878106,139.61087391153418,117.63905422940607,2023-03-24,4,3,0,195,9,8,1.2
27,snacks,92.74553570878106,139.61087391153418,129.99647525398473,2023-03-25,5,3,1,85,10,3,1.2
27,snacks,92.74553570878106,139.61087391153418,108.92215620823924,2023-03-26,6,3,1,106,41,1,1.2
27,snacks,92.74553570878106,139.61087391153418,127.6186804991669,2023-03-27,0,3,0,24,14,14,1.2
27,snacks,92.74553570878106,139.61087391153418,104.90652775427039,2023-03-28,1,3,0,179,15,14,1.2
27,snacks,92.74553570878106,139.61087391153418,121.60381875531498,2023-03-29,2,3,0,151,21,9,1.2
27,snacks,92.74553570878106,139.61087391153418,115.28879619371341,2023-03-30,3,3,0,49,16,14,1.2
27,snacks,92.74553570878106,139.61087391153418,131.96232348462925,2023-03-31,4,3,0,188,13,4,1.2
27,snacks,92.74553570878106,139.61087391153418,125.09978380882734,2023-04-01,5,4,1,83,16,5,1.1732050807568877
27,snacks,92.74553570878106,139.61087391153418,118.55768316165747,2023-04-02,6,4,1,118,21,10,1.1732050807568877
27,snacks,92.74553570878106,139.61087391153418,119.55479160062244,2023-04-03,0,4,0,39,12,12,1.1732050807568877
27,snacks,92.74553570878106,139.61087391153418,134.7809052477582,2023-04-04,1,4,0,118,24,1,1.1732050807568877
27,snacks,92.74553570878106,139.61087391153418,129.2454884928248,2023-04-05,2,4,0,111,5,6,1.1732050807568877
27,snacks,92.74553570878106,139.61087391153418,107.32541570447022,2023-04-06,3,4,0,107,13,12,1.1732050807568877
27,snacks,92.74553570878106,139.61087391153418,125.3553453035312,2023-04-07,4,4,0,184,12,12,1.1732050807568877
27,snacks,92.74553570878106,139.61087391153418,117.38650732628717,2023-04-08,5,4,1,147,8,11,1.1732050807568877
27,snacks,92.74553570878106,139.61087391153418,129.48502911545302,2023-04-09,6,4,1,63,13,5,1.1732050807568877
27,snacks,92.74553570878106,139.61087391153418,126.06906793301903,2023-04-10,0,4,0,94,3,6,1.1732050807568877
27,snacks,92.74553570878106,139.61087391153418,126.25709455999576,2023-04-11,1,4,0,175,12,6,1.1732050807568877
27,snacks,92.74553570878106,139.61087391153418,99.05485673200525,2023-04-12,2,4,0,125,18,8,1.1732050807568877
27,snacks,92.74553570878106,139.61087391153418,128.03280602004526,2023-04-13,3,4,0,176,14,8,1.1732050807568877
27,snacks,92.74553570878106,139.61087391153418,138.59235603203217,2023-04-14,4,4,0,32,7,9,1.1732050807568877
27,snacks,92.74553570878106,139.61087391153418,100.8608056546811,2023-04-15,5,4,1,44,27,2,1.1732050807568877
27,snacks,92.74553570878106,139.61087391153418,121.32717533381766,2023-04-16,6,4,1,79,29,3,1.1732050807568877
27,snacks,92.74553570878106,139.61087391153418,116.79811568892463,2023-04-17,0,4,0,130,15,12,1.1732050807568877
27,snacks,92.74553570878106,139.61087391153418,101.35780326751984,2023-04-18,1,4,0,115,6,14,1.1732050807568877
27,snacks,92.74553570878106,139.61087391153418,122.38265535433311,2023-04-19,2,4,0,24,10,5,1.1732050807568877
27,snacks,92.74553570878106,139.61087391153418,118.44267035187875,2023-04-20,3,4,0,103,9,11,1.1732050807568877
27,snacks,92.74553570878106,139.61087391153418,128.8834618886894,2023-04-21,4,4,0,195,9,7,1.1732050807568877
27,snacks,92.74553570878106,139.61087391153418,120.69288312783753,2023-04-22,5,4,1,120,13,9,1.1732050807568877
27,snacks,92.74553570878106,139.61087391153418,112.63159685852418,2023-04-23,6,4,1,24,9,14,1.1732050807568877
27,snacks,92.74553570878106,139.61087391153418,99.9027239335437,2023-04-24,0,4,0,93,25,2,1.1732050807568877
27,snacks,92.74553570878106,139.61087391153418,133.47442749791279,2023-04-25,1,4,0,150,5,3,1.1732050807568877
27,snacks,92.74553570878106,139.61087391153418,102.29848342770396,2023-04-26,2,4,0,136,9,5,1.1732050807568877
27,snacks,92.74553570878106,139.61087391153418,124.39486506862065,2023-04-27,3,4,0,182,19,2,1.1732050807568877
27,snacks,92.74553570878106,139.61087391153418,103.76650025384583,2023-04-28,4,4,0,86,14,5,1.1732050807568877
27,snacks,92.74553570878106,139.61087391153418,138.34832937945805,2023-04-29,5,4,1,86,13,1,1.1732050807568877
27,snacks,92.74553570878106,139.61087391153418,118.07309205250728,2023-04-30,6,4,1,152,23,5,1.1732050807568877
27,snacks,92.74553570878106,139.61087391153418,112.32842959575055,2023-05-01,0,5,0,131,14,4,1.1
27,snacks,92.74553570878106,139.61087391153418,129.21594080182132,2023-05-02,1,5,0,186,13,2,1.1
27,snacks,92.74553570878106,139.61087391153418,105.70442351295647,2023-05-03,2,5,0,69,14,13,1.1
27,snacks,92.74553570878106,139.61087391153418,114.67759550094456,2023-05-04,3,5,0,106,17,10,1.1
27,snacks,92.74553570878106,139.61087391153418,114.12227589994836,2023-05-05,4,5,0,83,28,1,1.1
27,snacks,92.74553570878106,139.61087391153418,120.91433855667736,2023-05-06,5,5,1,95,12,7,1.1
27,snacks,92.74553570878106,139.61087391153418,107.87658404233161,2023-05-07,6,5,1,99,19,7,1.1
27,snacks,92.74553570878106,139.61087391153418,131.00537643361915,2023-05-08,0,5,0,98,7,10,1.1
27,snacks,92.74553570878106,139.61087391153418,101.38979841406149,2023-05-09,1,5,0,119,19,6,1.1
27,snacks,92.74553570878106,139.61087391153418,111.68427133868933,2023-05-10,2,5,0,189,21,14,1.1
27,snacks,92.74553570878106,139.61087391153418,110.53534746399355,2023-05-11,3,5,0,140,6,13,1.1
27,snacks,92.74553570878106,139.61087391153418,127.99732284859839,2023-05-12,4,5,0,41,9,7,1.1
27,snacks,92.74553570878106,139.61087391153418,121.79452207594177,2023-05-13,5,5,1,141,15,13,1.1
27,snacks,92.74553570878106,139.61087391153418,139.50354406567013,2023-05-14,6,5,1,139,28,1,1.1
27,snacks,92.74553570878106,139.61087391153418,115.03869109109846,2023-05-15,0,5,0,109,4,7,1.1
27,snacks,92.74553570878106,139.61087391153418,108.12287439670766,2023-05-16,1,5,0,41,20,13,1.1
27,snacks,92.74553570878106,139.61087391153418,137.43862022383428,2023-05-17,2,5,0,39,16,5,1.1
27,snacks,92.74553570878106,139.61087391153418,124.56346869913526,2023-05-18,3,5,0,164,17,5,1.1
27,snacks,92.74553570878106,139.61087391153418,111.45373982996288,2023-05-19,4,5,0,42,19,11,1.1
27,snacks,92.74553570878106,139.61087391153418,97.67503471558987,2023-05-20,5,5,1,51,28,2,1.1
27,snacks,92.74553570878106,139.61087391153418,137.9974031878111,2023-05-21,6,5,1,33,8,5,1.1
27,snacks,92.74553570878106,139.61087391153418,110.63830878841664,2023-05-22,0,5,0,48,22,4,1.1
27,snacks,92.74553570878106,139.61087391153418,116.76483844265293,2023-05-23,1,5,0,92,15,5,1.1
27,snacks,92.74553570878106,139.61087391153418,112.30458663976887,2023-05-24,2,5,0,99,10,8,1.1
27,snacks,92.74553570878106,139.61087391153418,111.07415877325926,2023-05-25,3,5,0,84,15,14,1.1
27,snacks,92.74553570878106,139.61087391153418,111.09825470914043,2023-05-26,4,5,0,90,19,8,1.1
27,snacks,92.74553570878106,139.61087391153418,123.59809951168026,2023-05-27,5,5,1,83,7,12,1.1
27,snacks,92.74553570878106,139.61087391153418,116.46014653005089,2023-05-28,6,5,1,79,15,13,1.1
27,snacks,92.74553570878106,139.61087391153418,123.51092472279305,2023-05-29,0,5,0,187,10,8,1.1
27,snacks,92.74553570878106,139.61087391153418,116.34444705499327,2023-05-30,1,5,0,170,5,11,1.1
27,snacks,92.74553570878106,139.61087391153418,117.35331223454268,2023-05-31,2,5,0,190,11,5,1.1
27,snacks,92.74553570878106,139.61087391153418,117.20898159426676,2023-06-01,3,6,0,197,4,12,1.0
27,snacks,92.74553570878106,139.61087391153418,130.72140994143354,2023-06-02,4,6,0,83,6,9,1.0
27,snacks,92.74553570878106,139.61087391153418,133.15298452147556,2023-06-03,5,6,1,156,6,11,1.0
27,snacks,92.74553570878106,139.61087391153418,124.1528005033312,2023-06-04,6,6,1,35,4,13,1.0
27,snacks,92.74553570878106,139.61087391153418,104.23726559959596,2023-06-05,0,6,0,156,14,3,1.0
27,snacks,92.74553570878106,139.61087391153418,107.4241565452457,2023-06-06,1,6,0,157,15,5,1.0
27,snacks,92.74553570878106,139.61087391153418,117.29038109621447,2023-06-07,2,6,0,125,12,9,1.0
27,snacks,92.74553570878106,139.61087391153418,111.75322531681167,2023-06-08,3,6,0,167,12,2,1.0
27,snacks,92.74553570878106,139.61087391153418,104.72017870622126,2023-06-09,4,6,0,93,12,5,1.0
27,snacks,92.74553570878106,139.61087391153418,120.97550220284565,2023-06-10,5,6,1,42,8,7,1.0
27,snacks,92.74553570878106,139.61087391153418,110.71159871529531,2023-06-11,6,6,1,159,15,10,1.0
27,snacks,92.74553570878106,139.61087391153418,139.1247083649346,2023-06-12,0,6,0,174,9,8,1.0
27,snacks,92.74553570878106,139.61087391153418,133.13975839266027,2023-06-13,1,6,0,63,15,12,1.0
27,snacks,92.74553570878106,139.61087391153418,128.16560932080802,2023-06-14,2,6,0,189,4,7,1.0
27,snacks,92.74553570878106,139.61087391153418,122.71325741850733,2023-06-15,3,6,0,37,6,2,1.0
27,snacks,92.74553570878106,139.61087391153418,103.81959329253154,2023-06-16,4,6,0,32,32,1,1.0
27,snacks,92.74553570878106,139.61087391153418,117.87981940733368,2023-06-17,5,6,1,85,20,7,1.0
27,snacks,92.74553570878106,139.61087391153418,127.28661860463251,2023-06-18,6,6,1,93,8,8,1.0
27,snacks,92.74553570878106,139.61087391153418,126.26590606712563,2023-06-19,0,6,0,139,13,6,1.0
27,snacks,92.74553570878106,139.61087391153418,137.7466263831411,2023-06-20,1,6,0,116,9,7,1.0
27,snacks,92.74553570878106,139.61087391153418,129.63904481795578,2023-06-21,2,6,0,89,11,4,1.0
27,snacks,92.74553570878106,139.61087391153418,117.0511622813849,2023-06-22,3,6,0,95,13,14,1.0
27,snacks,92.74553570878106,139.61087391153418,125.6840240512002,2023-06-23,4,6,0,145,7,5,1.0
27,snacks,92.74553570878106,139.61087391153418,108.88777262668185,2023-06-24,5,6,1,57,20,4,1.0
27,snacks,92.74553570878106,139.61087391153418,110.90550633190786,2023-06-25,6,6,1,159,13,13,1.0
27,snacks,92.74553570878106,139.61087391153418,125.38906784022195,2023-06-26,0,6,0,157,10,12,1.0
27,snacks,92.74553570878106,139.61087391153418,114.21495812157869,2023-06-27,1,6,0,174,11,12,1.0
27,snacks,92.74553570878106,139.61087391153418,127.32982418415968,2023-06-28,2,6,0,162,15,13,1.0
27,snacks,92.74553570878106,139.61087391153418,114.16238412874614,2023-06-29,3,6,0,53,7,9,1.0
28,snacks,29.37684675893015,41.1768696239683,39.60054726937588,2023-01-01,6,1,1,72,11,13,1.1
28,snacks,29.37684675893015,41.1768696239683,33.88283540234548,2023-01-02,0,1,0,78,11,8,1.1
28,snacks,29.37684675893015,41.1768696239683,33.78191997804817,2023-01-03,1,1,0,57,10,11,1.1
28,snacks,29.37684675893015,41.1768696239683,36.93828405479439,2023-01-04,2,1,0,48,15,14,1.1
28,snacks,29.37684675893015,41.1768696239683,40.81267293616407,2023-01-05,3,1,0,192,16,13,1.1
28,snacks,29.37684675893015,41.1768696239683,31.709514939937744,2023-01-06,4,1,0,132,8,6,1.1
28,snacks,29.37684675893015,41.1768696239683,40.4107707335205,2023-01-07,5,1,1,72,11,12,1.1
28,snacks,29.37684675893015,41.1768696239683,33.30876911004039,2023-01-08,6,1,1,106,28,4,1.1
28,snacks,29.37684675893015,41.1768696239683,35.32092520679118,2023-01-09,0,1,0,70,5,10,1.1
28,snacks,29.37684675893015,41.1768696239683,31.45049109535556,2023-01-10,1,1,0,32,9,9,1.1
28,snacks,29.37684675893015,41.1768696239683,37.786609793265825,2023-01-11,2,1,0,24,15,10,1.1
28,snacks,29.37684675893015,41.1768696239683,40.29686889847106,2023-01-12,3,1,0,141,9,1,1.1
28,snacks,29.37684675893015,41.1768696239683,33.03793725097001,2023-01-13,4,1,0,194,18,2,1.1
28,snacks,29.37684675893015,41.1768696239683,35.187217530998915,2023-01-14,5,1,1,111,18,13,1.1
28,snacks,29.37684675893015,41.1768696239683,32.10216168045358,2023-01-15,6,1,1,112,15,13,1.1
28,snacks,29.37684675893015,41.1768696239683,36.60359099057839,2023-01-16,0,1,0,180,17,11,1.1
28,snacks,29.37684675893015,41.1768696239683,39.675957126274895,2023-01-17,1,1,0,76,9,9,1.1
28,snacks,29.37684675893015,41.1768696239683,32.13782265038759,2023-01-18,2,1,0,184,13,11,1.1
28,snacks,29.37684675893015,41.1768696239683,33.35389085451446,2023-01-19,3,1,0,156,24,9,1.1
28,snacks,29.37684675893015,41.1768696239683,38.8177672835319,2023-01-20,4,1,0,118,7,6,1.1
28,snacks,29.37684675893015,41.1768696239683,34.05138642789686,2023-01-21,5,1,1,136,16,8,1.1
28,snacks,29.37684675893015,41.1768696239683,38.56932788368656,2023-01-22,6,1,1,104,30,1,1.1
28,snacks,29.37684675893015,41.1768696239683,39.54390908277651,2023-01-23,0,1,0,138,12,12,1.1
28,snacks,29.37684675893015,41.1768696239683,34.984742726223566,2023-01-24,1,1,0,84,11,6,1.1
28,snacks,29.37684675893015,41.1768696239683,33.33861992449638,2023-01-25,2,1,0,139,16,10,1.1
28,snacks,29.37684675893015,41.1768696239683,40.20107187012434,2023-01-26,3,1,0,178,5,12,1.1
28,snacks,29.37684675893015,41.1768696239683,32.11420101222811,2023-01-27,4,1,0,167,20,3,1.1
28,snacks,29.37684675893015,41.1768696239683,31.555282989655808,2023-01-28,5,1,1,162,6,13,1.1
28,snacks,29.37684675893015,41.1768696239683,40.99655128544194,2023-01-29,6,1,1,110,17,11,1.1
28,snacks,29.37684675893015,41.1768696239683,32.47138481284499,2023-01-30,0,1,0,26,18,6,1.1
28,snacks,29.37684675893015,41.1768696239683,36.064910881824765,2023-01-31,1,1,0,185,2,12,1.1
28,snacks,29.37684675893015,41.1768696239683,35.541210767525484,2023-02-01,2,2,0,83,12,12,1.1732050807568877
28,snacks,29.37684675893015,41.1768696239683,37.38208204337952,2023-02-02,3,2,0,57,17,6,1.1732050807568877
28,snacks,29.37684675893015,41.1768696239683,31.327460587156498,2023-02-03,4,2,0,66,12,14,1.1732050807568877
28,snacks,29.37684675893015,41.1768696239683,31.171350483892876,2023-02-04,5,2,1,171,23,2,1.1732050807568877
28,snacks,29.37684675893015,41.1768696239683,39.50273854172463,2023-02-05,6,2,1,68,9,7,1.1732050807568877
28,snacks,29.37684675893015,41.1768696239683,31.8386195360804,2023-02-06,0,2,0,43,9,3,1.1732050807568877
28,snacks,29.37684675893015,41.1768696239683,38.40058203917596,2023-02-07,1,2,0,60,5,13,1.1732050807568877
28,snacks,29.37684675893015,41.1768696239683,37.97450443658651,2023-02-08,2,2,0,50,16,13,1.1732050807568877
28,snacks,29.37684675893015,41.1768696239683,35.7960623952903,2023-02-09,3,2,0,150,18,5,1.1732050807568877
28,snacks,29.37684675893015,41.1768696239683,34.55945484588004,2023-02-10,4,2,0,136,8,14,1.1732050807568877
28,snacks,29.37684675893015,41.1768696239683,37.33584081301934,2023-02-11,5,2,1,151,21,7,1.1732050807568877
28,snacks,29.37684675893015,41.1768696239683,33.456111995151005,2023-02-12,6,2,1,56,24,12,1.1732050807568877
28,snacks,29.37684675893015,41.1768696239683,39.531589398404265,2023-02-13,0,2,0,94,12,2,1.1732050807568877
28,snacks,29.37684675893015,41.1768696239683,34.90813407426371,2023-02-14,1,2,0,199,20,14,1.1732050807568877
28,snacks,29.37684675893015,41.1768696239683,33.13689192491082,2023-02-15,2,2,0,34,25,8,1.1732050807568877
28,snacks,29.37684675893015,41.1768696239683,37.124703992286584,2023-02-16,3,2,0,72,17,6,1.1732050807568877
28,snacks,29.37684675893015,41.1768696239683,39.64238985492774,2023-02-17,4,2,0,174,14,12,1.1732050807568877
28,snacks,29.37684675893015,41.1768696239683,35.836616272544504,2023-02-18,5,2,1,125,14,6,1.1732050807568877
28,snacks,29.37684675893015,41.1768696239683,40.44100469416852,2023-02-19,6,2,1,103,16,11,1.1732050807568877
28,snacks,29.37684675893015,41.1768696239683,40.122576198720495,2023-02-20,0,2,0,65,12,8,1.1732050807568877
28,snacks,29.37684675893015,41.1768696239683,38.498550344153315,2023-02-21,1,2,0,66,20,11,1.1732050807568877
28,snacks,29.37684675893015,41.1768696239683,35.348000780909885,2023-02-22,2,2,0,101,12,12,1.1732050807568877
28,snacks,29.37684675893015,41.1768696239683,32.684944306382874,2023-02-23,3,2,0,93,16,11,1.1732050807568877
28,snacks,29.37684675893015,41.1768696239683,39.61312558835155,2023-02-24,4,2,0,140,10,11,1.1732050807568877
28,snacks,29.37684675893015,41.1768696239683,33.65216791956204,2023-02-25,5,2,1,56,16,9,1.1732050807568877
28,snacks,29.37684675893015,41.1768696239683,33.17019104750197,2023-02-26,6,2,1,59,29,2,1.1732050807568877
28,snacks,29.37684675893015,41.1768696239683,37.434354705231506,2023-02-27,0,2,0,72,8,3,1.1732050807568877
28,snacks,29.37684675893015,41.1768696239683,32.31579107200668,2023-02-28,1,2,0,70,10,9,1.1732050807568877
28,snacks,29.37684675893015,41.1768696239683,37.85935571704983,2023-03-01,2,3,0,69,11,11,1.2
28,snacks,29.37684675893015,41.1768696239683,36.9008675404995,2023-03-02,3,3,0,140,16,8,1.2
28,snacks,29.37684675893015,41.1768696239683,35.87847578270075,2023-03-03,4,3,0,36,19,13,1.2
28,snacks,29.37684675893015,41.1768696239683,34.224995271753144,2023-03-04,5,3,1,141,15,2,1.2
28,snacks,29.37684675893015,41.1768696239683,31.36844770871305,2023-03-05,6,3,1,45,20,12,1.2
28,snacks,29.37684675893015,41.1768696239683,32.64984591703784,2023-03-06,0,3,0,37,21,2,1.2
28,snacks,29.37684675893015,41.1768696239683,40.48639111357459,2023-03-07,1,3,0,199,25,2,1.2
28,snacks,29.37684675893015,41.1768696239683,36.75547320267334,2023-03-08,2,3,0,44,5,8,1.2
28,snacks,29.37684675893015,41.1768696239683,37.10035712390978,2023-03-09,3,3,0,170,9,13,1.2
28,snacks,29.37684675893015,41.1768696239683,39.976864777664105,2023-03-10,4,3,0,176,8,14,1.2
28,snacks,29.37684675893015,41.1768696239683,35.85037324234242,2023-03-11,5,3,1,93,15,12,1.2
28,snacks,29.37684675893015,41.1768696239683,35.618013395206546,2023-03-12,6,3,1,30,18,3,1.2
28,snacks,29.37684675893015,41.1768696239683,37.002192423302056,2023-03-13,0,3,0,86,17,4,1.2
28,snacks,29.37684675893015,41.1768696239683,40.162990073207524,2023-03-14,1,3,0,29,7,12,1.2
28,snacks,29.37684675893015,41.1768696239683,36.43067005893612,2023-03-15,2,3,0,36,13,12,1.2
28,snacks,29.37684675893015,41.1768696239683,40.824421534006575,2023-03-16,3,3,0,138,15,14,1.2
28,snacks,29.37684675893015,41.1768696239683,35.67357763814118,2023-03-17,4,3,0,124,19,3,1.2
28,snacks,29.37684675893015,41.1768696239683,32.00022955274924,2023-03-18,5,3,1,100,28,5,1.2
28,snacks,29.37684675893015,41.1768696239683,37.45442236117373,2023-03-19,6,3,1,97,12,14,1.2
28,snacks,29.37684675893015,41.1768696239683,33.72511415577185,2023-03-20,0,3,0,129,10,4,1.2
28,snacks,29.37684675893015,41.1768696239683,41.05345810092014,2023-03-21,1,3,0,180,15,8,1.2
28,snacks,29.37684675893015,41.1768696239683,37.53060557015874,2023-03-22,2,3,0,84,22,3,1.2
28,snacks,29.37684675893015,41.1768696239683,36.584592690481834,2023-03-23,3,3,0,135,18,9,1.2
28,snacks,29.37684675893015,41.1768696239683,35.083019896182265,2023-03-24,4,3,0,56,16,10,1.2
28,snacks,29.37684675893015,41.1768696239683,39.29348830445288,2023-03-25,5,3,1,47,17,7,1.2
28,snacks,29.37684675893015,41.1768696239683,35.16621755885372,2023-03-26,6,3,1,183,12,2,1.2
28,snacks,29.37684675893015,41.1768696239683,31.979134988208223,2023-03-27,0,3,0,192,17,6,1.2
28,snacks,29.37684675893015,41.1768696239683,36.20289621885196,2023-03-28,1,3,0,198,22,8,1.2
28,snacks,29.37684675893015,41.1768696239683,32.49794486593302,2023-03-29,2,3,0,111,12,13,1.2
28,snacks,29.37684675893015,41.1768696239683,36.83301467706251,2023-03-30,3,3,0,189,7,11,1.2
28,snacks,29.37684675893015,41.1768696239683,32.730239926685684,2023-03-31,4,3,0,139,5,13,1.2
28,snacks,29.37684675893015,41.1768696239683,39.38748580576519,2023-04-01,5,4,1,124,15,12,1.1732050807568877
28,snacks,29.37684675893015,41.1768696239683,30.994150288517385,2023-04-02,6,4,1,126,29,2,1.1732050807568877
28,snacks,29.37684675893015,41.1768696239683,31.071238152718685,2023-04-03,0,4,0,148,8,7,1.1732050807568877
28,snacks,29.37684675893015,41.1768696239683,36.425491731731675,2023-04-04,1,4,0,189,6,11,1.1732050807568877
28,snacks,29.37684675893015,41.1768696239683,34.908316656400565,2023-04-05,2,4,0,146,10,4,1.1732050807568877
28,snacks,29.37684675893015,41.1768696239683,39.55417131622293,2023-04-06,3,4,0,169,15,14,1.1732050807568877
28,snacks,29.37684675893015,41.1768696239683,35.17515728950068,2023-04-07,4,4,0,159,25,3,1.1732050807568877
28,snacks,29.37684675893015,41.1768696239683,39.00430164027844,2023-04-08,5,4,1,122,10,14,1.1732050807568877
28,snacks,29.37684675893015,41.1768696239683,36.37819022105107,2023-04-09,6,4,1,152,17,14,1.1732050807568877
28,snacks,29.37684675893015,41.1768696239683,40.13070392973203,2023-04-10,0,4,0,181,12,4,1.1732050807568877
28,snacks,29.37684675893015,41.1768696239683,39.08288545623914,2023-04-11,1,4,0,126,13,13,1.1732050807568877
28,snacks,29.37684675893015,41.1768696239683,40.23904565260558,2023-04-12,2,4,0,179,20,2,1.1732050807568877
28,snacks,29.37684675893015,41.1768696239683,34.30452227034083,2023-04-13,3,4,0,154,17,13,1.1732050807568877
28,snacks,29.37684675893015,41.1768696239683,38.46836841199351,2023-04-14,4,4,0,175,12,11,1.1732050807568877
28,snacks,29.37684675893015,41.1768696239683,32.77432983745879,2023-04-15,5,4,1,122,28,3,1.1732050807568877
28,snacks,29.37684675893015,41.1768696239683,38.10311390440793,2023-04-16,6,4,1,187,18,2,1.1732050807568877
28,snacks,29.37684675893015,41.1768696239683,38.68235361256802,2023-04-17,0,4,0,29,9,10,1.1732050807568877
28,snacks,29.37684675893015,41.1768696239683,34.21177242487159,2023-04-18,1,4,0,129,31,1,1.1732050807568877
28,snacks,29.37684675893015,41.1768696239683,40.87614196638138,2023-04-19,2,4,0,112,8,9,1.1732050807568877
28,snacks,29.37684675893015,41.1768696239683,39.277520556165165,2023-04-20,3,4,0,106,13,9,1.1732050807568877
28,snacks,29.37684675893015,41.1768696239683,31.893854226238524,2023-04-21,4,4,0,157,21,9,1.1732050807568877
28,snacks,29.37684675893015,41.1768696239683,38.05499187118809,2023-04-22,5,4,1,59,16,2,1.1732050807568877
28,snacks,29.37684675893015,41.1768696239683,38.80995156839368,2023-04-23,6,4,1,34,22,12,1.1732050807568877
28,snacks,29.37684675893015,41.1768696239683,37.86719808707492,2023-04-24,0,4,0,27,9,14,1.1732050807568877
28,snacks,29.37684675893015,41.1768696239683,37.447493515077,2023-04-25,1,4,0,103,10,7,1.1732050807568877
28,snacks,29.37684675893015,41.1768696239683,36.36621897825141,2023-04-26,2,4,0,169,7,7,1.1732050807568877
28,snacks,29.37684675893015,41.1768696239683,39.090409647442094,2023-04-27,3,4,0,198,15,1,1.1732050807568877
28,snacks,29.37684675893015,41.1768696239683,34.533041376788006,2023-04-28,4,4,0,162,26,1,1.1732050807568877
28,snacks,29.37684675893015,41.1768696239683,38.686239345294055,2023-04-29,5,4,1,87,25,1,1.1732050807568877
28,snacks,29.37684675893015,41.1768696239683,39.28523661325471,2023-04-30,6,4,1,31,23,9,1.1732050807568877
28,snacks,29.37684675893015,41.1768696239683,40.455430008554615,2023-05-01,0,5,0,27,10,12,1.1
28,snacks,29.37684675893015,41.1768696239683,31.304279881762614,2023-05-02,1,5,0,44,22,1,1.1
28,snacks,29.37684675893015,41.1768696239683,40.287382040849955,2023-05-03,2,5,0,88,14,5,1.1
28,snacks,29.37684675893015,41.1768696239683,40.14726379941717,2023-05-04,3,5,0,101,10,4,1.1
28,snacks,29.37684675893015,41.1768696239683,36.26480676511603,2023-05-05,4,5,0,50,15,5,1.1
28,snacks,29.37684675893015,41.1768696239683,41.10728879402139,2023-05-06,5,5,1,45,36,1,1.1
28,snacks,29.37684675893015,41.1768696239683,39.714080396048026,2023-05-07,6,5,1,71,20,9,1.1
28,snacks,29.37684675893015,41.1768696239683,37.45707574884229,2023-05-08,0,5,0,63,4,7,1.1
28,snacks,29.37684675893015,41.1768696239683,37.453906909216705,2023-05-09,1,5,0,169,11,8,1.1
28,snacks,29.37684675893015,41.1768696239683,37.06285581158002,2023-05-10,2,5,0,79,11,2,1.1
28,snacks,29.37684675893015,41.1768696239683,34.98465479395557,2023-05-11,3,5,0,138,8,6,1.1
28,snacks,29.37684675893015,41.1768696239683,33.00681288833921,2023-05-12,4,5,0,99,13,10,1.1
28,snacks,29.37684675893015,41.1768696239683,33.23355407456235,2023-05-13,5,5,1,49,6,7,1.1
28,snacks,29.37684675893015,41.1768696239683,39.18571492471325,2023-05-14,6,5,1,190,15,11,1.1
28,snacks,29.37684675893015,41.1768696239683,36.7038394816857,2023-05-15,0,5,0,137,13,3,1.1
28,snacks,29.37684675893015,41.1768696239683,33.784876732333245,2023-05-16,1,5,0,31,16,10,1.1
28,snacks,29.37684675893015,41.1768696239683,39.57238472095258,2023-05-17,2,5,0,57,10,8,1.1
28,snacks,29.37684675893015,41.1768696239683,31.837053992007426,2023-05-18,3,5,0,133,22,13,1.1
28,snacks,29.37684675893015,41.1768696239683,35.36758522140791,2023-05-19,4,5,0,115,10,2,1.1
28,snacks,29.37684675893015,41.1768696239683,40.10863545530596,2023-05-20,5,5,1,112,14,6,1.1
28,snacks,29.37684675893015,41.1768696239683,38.0504841808455,2023-05-21,6,5,1,22,11,6,1.1
28,snacks,29.37684675893015,41.1768696239683,33.905718961605984,2023-05-22,0,5,0,107,12,6,1.1
28,snacks,29.37684675893015,41.1768696239683,32.75827110991465,2023-05-23,1,5,0,188,21,8,1.1
28,snacks,29.37684675893015,41.1768696239683,35.52893241472027,2023-05-24,2,5,0,78,15,14,1.1
28,snacks,29.37684675893015,41.1768696239683,33.59640398606944,2023-05-25,3,5,0,82,8,7,1.1
28,snacks,29.37684675893015,41.1768696239683,35.748025730062025,2023-05-26,4,5,0,129,8,5,1.1
28,snacks,29.37684675893015,41.1768696239683,35.60938357181879,2023-05-27,5,5,1,113,17,1,1.1
28,snacks,29.37684675893015,41.1768696239683,40.49914864806176,2023-05-28,6,5,1,126,31,1,1.1
28,snacks,29.37684675893015,41.1768696239683,38.105890822718564,2023-05-29,0,5,0,97,11,5,1.1
28,snacks,29.37684675893015,41.1768696239683,40.484992057828904,2023-05-30,1,5,0,30,15,13,1.1
28,snacks,29.37684675893015,41.1768696239683,34.63247023820505,2023-05-31,2,5,0,102,14,4,1.1
28,snacks,29.37684675893015,41.1768696239683,32.309564866863425,2023-06-01,3,6,0,160,4,5,1.0
28,snacks,29.37684675893015,41.1768696239683,35.44353226153318,2023-06-02,4,6,0,51,14,5,1.0
28,snacks,29.37684675893015,41.1768696239683,35.73337950445337,2023-06-03,5,6,1,149,19,13,1.0
28,snacks,29.37684675893015,41.1768696239683,38.04870111845203,2023-06-04,6,6,1,166,15,3,1.0
28,snacks,29.37684675893015,41.1768696239683,34.74458478798339,2023-06-05,0,6,0,100,13,9,1.0
28,snacks,29.37684675893015,41.1768696239683,35.00003640108783,2023-06-06,1,6,0,142,16,12,1.0
28,snacks,29.37684675893015,41.1768696239683,36.829473870671706,2023-06-07,2,6,0,163,5,6,1.0
28,snacks,29.37684675893015,41.1768696239683,37.59606455543777,2023-06-08,3,6,0,184,12,3,1.0
28,snacks,29.37684675893015,41.1768696239683,33.80804859275621,2023-06-09,4,6,0,151,15,8,1.0
28,snacks,29.37684675893015,41.1768696239683,36.76246495972834,2023-06-10,5,6,1,45,12,13,1.0
28,snacks,29.37684675893015,41.1768696239683,33.70216128870414,2023-06-11,6,6,1,158,14,5,1.0
28,snacks,29.37684675893015,41.1768696239683,31.437916487760734,2023-06-12,0,6,0,37,11,13,1.0
28,snacks,29.37684675893015,41.1768696239683,40.90577228993993,2023-06-13,1,6,0,146,16,3,1.0
28,snacks,29.37684675893015,41.1768696239683,31.844217732990867,2023-06-14,2,6,0,141,14,1,1.0
28,snacks,29.37684675893015,41.1768696239683,40.56731889603741,2023-06-15,3,6,0,82,18,5,1.0
28,snacks,29.37684675893015,41.1768696239683,32.348786575896696,2023-06-16,4,6,0,22,6,5,1.0
28,snacks,29.37684675893015,41.1768696239683,41.11072285328703,2023-06-17,5,6,1,193,14,11,1.0
28,snacks,29.37684675893015,41.1768696239683,41.08986863258046,2023-06-18,6,6,1,61,9,11,1.0
28,snacks,29.37684675893015,41.1768696239683,32.71294983225524,2023-06-19,0,6,0,134,18,5,1.0
28,snacks,29.37684675893015,41.1768696239683,34.22146096698345,2023-06-20,1,6,0,135,11,5,1.0
28,snacks,29.37684675893015,41.1768696239683,35.06151536980674,2023-06-21,2,6,0,26,12,8,1.0
28,snacks,29.37684675893015,41.1768696239683,35.583988585443926,2023-06-22,3,6,0,156,10,10,1.0
28,snacks,29.37684675893015,41.1768696239683,40.432111247343386,2023-06-23,4,6,0,196,11,9,1.0
28,snacks,29.37684675893015,41.1768696239683,35.08506243904782,2023-06-24,5,6,1,128,16,7,1.0
28,snacks,29.37684675893015,41.1768696239683,40.3171214339385,2023-06-25,6,6,1,24,20,14,1.0
28,snacks,29.37684675893015,41.1768696239683,36.90771994968351,2023-06-26,0,6,0,189,8,11,1.0
28,snacks,29.37684675893015,41.1768696239683,36.75809657644775,2023-06-27,1,6,0,149,15,8,1.0
28,snacks,29.37684675893015,41.1768696239683,36.74761998724816,2023-06-28,2,6,0,66,4,10,1.0
28,snacks,29.37684675893015,41.1768696239683,38.54163618118879,2023-06-29,3,6,0,21,10,10,1.0
29,snacks,88.80562179466231,124.69066034419328,99.44101943461845,2023-01-01,6,1,1,49,8,13,1.1
29,snacks,88.80562179466231,124.69066034419328,106.38250200656519,2023-01-02,0,1,0,47,20,10,1.1
29,snacks,88.80562179466231,124.69066034419328,96.49953510319246,2023-01-03,1,1,0,35,11,5,1.1
29,snacks,88.80562179466231,124.69066034419328,100.6070551699485,2023-01-04,2,1,0,198,17,3,1.1
29,snacks,88.80562179466231,124.69066034419328,98.19931142971637,2023-01-05,3,1,0,182,17,4,1.1
29,snacks,88.80562179466231,124.69066034419328,99.2953453573363,2023-01-06,4,1,0,65,11,4,1.1
29,snacks,88.80562179466231,124.69066034419328,107.20701757433723,2023-01-07,5,1,1,93,26,11,1.1
29,snacks,88.80562179466231,124.69066034419328,97.14764969406407,2023-01-08,6,1,1,124,5,5,1.1
29,snacks,88.80562179466231,124.69066034419328,103.00222434617083,2023-01-09,0,1,0,162,15,6,1.1
29,snacks,88.80562179466231,124.69066034419328,116.97171689160301,2023-01-10,1,1,0,60,25,7,1.1
29,snacks,88.80562179466231,124.69066034419328,104.02658411658369,2023-01-11,2,1,0,132,6,2,1.1
29,snacks,88.80562179466231,124.69066034419328,97.45769742976631,2023-01-12,3,1,0,186,22,5,1.1
29,snacks,88.80562179466231,124.69066034419328,112.07823103830421,2023-01-13,4,1,0,57,13,10,1.1
29,snacks,88.80562179466231,124.69066034419328,105.00823946312791,2023-01-14,5,1,1,51,15,10,1.1
29,snacks,88.80562179466231,124.69066034419328,116.17923765296486,2023-01-15,6,1,1,57,11,13,1.1
29,snacks,88.80562179466231,124.69066034419328,104.22141233741013,2023-01-16,0,1,0,129,18,14,1.1
29,snacks,88.80562179466231,124.69066034419328,98.3360328634683,2023-01-17,1,1,0,107,8,4,1.1
29,snacks,88.80562179466231,124.69066034419328,111.62072245598512,2023-01-18,2,1,0,25,10,7,1.1
29,snacks,88.80562179466231,124.69066034419328,95.40698408623021,2023-01-19,3,1,0,98,12,10,1.1
29,snacks,88.80562179466231,124.69066034419328,95.61731091173438,2023-01-20,4,1,0,42,11,6,1.1
29,snacks,88.80562179466231,124.69066034419328,114.41759711131152,2023-01-21,5,1,1,22,22,3,1.1
29,snacks,88.80562179466231,124.69066034419328,118.20345543717151,2023-01-22,6,1,1,95,18,4,1.1
29,snacks,88.80562179466231,124.69066034419328,104.95457837186738,2023-01-23,0,1,0,113,15,13,1.1
29,snacks,88.80562179466231,124.69066034419328,102.54445633233438,2023-01-24,1,1,0,63,7,8,1.1
29,snacks,88.80562179466231,124.69066034419328,105.69436558665677,2023-01-25,2,1,0,42,13,10,1.1
29,snacks,88.80562179466231,124.69066034419328,101.89447728738122,2023-01-26,3,1,0,99,9,12,1.1
29,snacks,88.80562179466231,124.69066034419328,114.88576933672144,2023-01-27,4,1,0,123,9,12,1.1
29,snacks,88.80562179466231,124.69066034419328,110.74347585678414,2023-01-28,5,1,1,189,15,3,1.1
29,snacks,88.80562179466231,124.69066034419328,124.35060191168745,2023-01-29,6,1,1,156,10,11,1.1
29,snacks,88.80562179466231,124.69066034419328,122.51331439938242,2023-01-30,0,1,0,96,14,7,1.1
29,snacks,88.80562179466231,124.69066034419328,93.35484038820883,2023-01-31,1,1,0,55,10,5,1.1
29,snacks,88.80562179466231,124.69066034419328,98.68411149094814,2023-02-01,2,2,0,64,7,11,1.1732050807568877
29,snacks,88.80562179466231,124.69066034419328,123.60475513935522,2023-02-02,3,2,0,75,7,6,1.1732050807568877
29,snacks,88.80562179466231,124.69066034419328,94.0040886544873,2023-02-03,4,2,0,160,6,6,1.1732050807568877
29,snacks,88.80562179466231,124.69066034419328,105.69040789079021,2023-02-04,5,2,1,162,23,2,1.1732050807568877
29,snacks,88.80562179466231,124.69066034419328,117.20563205985256,2023-02-05,6,2,1,104,12,11,1.1732050807568877
29,snacks,88.80562179466231,124.69066034419328,95.33322498032872,2023-02-06,0,2,0,40,39,1,1.1732050807568877
29,snacks,88.80562179466231,124.69066034419328,115.29128617934633,2023-02-07,1,2,0,127,8,7,1.1732050807568877
29,snacks,88.80562179466231,124.69066034419328,101.89915652246623,2023-02-08,2,2,0,100,12,1,1.1732050807568877
29,snacks,88.80562179466231,124.69066034419328,113.16656955621642,2023-02-09,3,2,0,114,17,7,1.1732050807568877
29,snacks,88.80562179466231,124.69066034419328,121.78221993027242,2023-02-10,4,2,0,132,11,11,1.1732050807568877
29,snacks,88.80562179466231,124.69066034419328,109.18923724121261,2023-02-11,5,2,1,194,9,10,1.1732050807568877
29,snacks,88.80562179466231,124.69066034419328,113.86171101080976,2023-02-12,6,2,1,108,18,6,1.1732050807568877
29,snacks,88.80562179466231,124.69066034419328,99.85562909060988,2023-02-13,0,2,0,136,11,5,1.1732050807568877
29,snacks,88.80562179466231,124.69066034419328,109.48000173557512,2023-02-14,1,2,0,112,20,2,1.1732050807568877
29,snacks,88.80562179466231,124.69066034419328,122.19134510940671,2023-02-15,2,2,0,92,5,11,1.1732050807568877
29,snacks,88.80562179466231,124.69066034419328,107.19193902108393,2023-02-16,3,2,0,107,8,3,1.1732050807568877
29,snacks,88.80562179466231,124.69066034419328,93.66618157402823,2023-02-17,4,2,0,149,17,12,1.1732050807568877
29,snacks,88.80562179466231,124.69066034419328,112.37717226560866,2023-02-18,5,2,1,115,7,12,1.1732050807568877
29,snacks,88.80562179466231,124.69066034419328,123.51367009766277,2023-02-19,6,2,1,102,22,5,1.1732050807568877
29,snacks,88.80562179466231,124.69066034419328,106.71913553397731,2023-02-20,0,2,0,92,12,10,1.1732050807568877
29,snacks,88.80562179466231,124.69066034419328,107.94855838766699,2023-02-21,1,2,0,149,22,12,1.1732050807568877
29,snacks,88.80562179466231,124.69066034419328,124.07211469846716,2023-02-22,2,2,0,138,9,7,1.1732050807568877
29,snacks,88.80562179466231,124.69066034419328,95.67717357289355,2023-02-23,3,2,0,195,5,14,1.1732050807568877
29,snacks,88.80562179466231,124.69066034419328,111.55013779748236,2023-02-24,4,2,0,22,7,12,1.1732050807568877
29,snacks,88.80562179466231,124.69066034419328,106.44721217974944,2023-02-25,5,2,1,101,21,5,1.1732050807568877
29,snacks,88.80562179466231,124.69066034419328,103.48025611544911,2023-02-26,6,2,1,175,20,5,1.1732050807568877
29,snacks,88.80562179466231,124.69066034419328,97.24773541055477,2023-02-27,0,2,0,136,6,4,1.1732050807568877
29,snacks,88.80562179466231,124.69066034419328,101.35156559080497,2023-02-28,1,2,0,127,20,10,1.1732050807568877
29,snacks,88.80562179466231,124.69066034419328,99.76945067590424,2023-03-01,2,3,0,133,27,5,1.2
29,snacks,88.80562179466231,124.69066034419328,109.97353783223757,2023-03-02,3,3,0,78,12,6,1.2
29,snacks,88.80562179466231,124.69066034419328,107.04559280515113,2023-03-03,4,3,0,64,14,12,1.2
29,snacks,88.80562179466231,124.69066034419328,118.96298059158103,2023-03-04,5,3,1,103,12,5,1.2
29,snacks,88.80562179466231,124.69066034419328,105.20850656715919,2023-03-05,6,3,1,178,22,11,1.2
29,snacks,88.80562179466231,124.69066034419328,94.2496302895298,2023-03-06,0,3,0,57,20,7,1.2
29,snacks,88.80562179466231,124.69066034419328,108.70757531359197,2023-03-07,1,3,0,137,12,11,1.2
29,snacks,88.80562179466231,124.69066034419328,93.48610921763957,2023-03-08,2,3,0,61,15,10,1.2
29,snacks,88.80562179466231,124.69066034419328,111.5315272536789,2023-03-09,3,3,0,154,15,2,1.2
29,snacks,88.80562179466231,124.69066034419328,116.78997169949996,2023-03-10,4,3,0,113,16,13,1.2
29,snacks,88.80562179466231,124.69066034419328,96.90192670126223,2023-03-11,5,3,1,57,20,3,1.2
29,snacks,88.80562179466231,124.69066034419328,103.82541565532428,2023-03-12,6,3,1,97,22,4,1.2
29,snacks,88.80562179466231,124.69066034419328,122.31114113017009,2023-03-13,0,3,0,56,16,2,1.2
29,snacks,88.80562179466231,124.69066034419328,121.95894655772635,2023-03-14,1,3,0,90,10,14,1.2
29,snacks,88.80562179466231,124.69066034419328,114.80464438578144,2023-03-15,2,3,0,185,14,10,1.2
29,snacks,88.80562179466231,124.69066034419328,110.60824582055298,2023-03-16,3,3,0,70,8,6,1.2
29,snacks,88.80562179466231,124.69066034419328,112.03106688460437,2023-03-17,4,3,0,198,11,6,1.2
29,snacks,88.80562179466231,124.69066034419328,104.27156942313789,2023-03-18,5,3,1,137,16,4,1.2
29,snacks,88.80562179466231,124.69066034419328,94.76058248526978,2023-03-19,6,3,1,88,20,10,1.2
29,snacks,88.80562179466231,124.69066034419328,109.08543890126646,2023-03-20,0,3,0,91,8,11,1.2
29,snacks,88.80562179466231,124.69066034419328,97.01996599513808,2023-03-21,1,3,0,173,11,10,1.2
29,snacks,88.80562179466231,124.69066034419328,109.98037178582167,2023-03-22,2,3,0,194,14,3,1.2
29,snacks,88.80562179466231,124.69066034419328,122.4691047220484,2023-03-23,3,3,0,193,11,2,1.2
29,snacks,88.80562179466231,124.69066034419328,98.33330570022737,2023-03-24,4,3,0,108,22,10,1.2
29,snacks,88.80562179466231,124.69066034419328,120.10661422997232,2023-03-25,5,3,1,118,15,6,1.2
29,snacks,88.80562179466231,124.69066034419328,100.44150748982801,2023-03-26,6,3,1,148,24,1,1.2
29,snacks,88.80562179466231,124.69066034419328,104.37715365488157,2023-03-27,0,3,0,114,19,9,1.2
29,snacks,88.80562179466231,124.69066034419328,100.7541709477862,2023-03-28,1,3,0,193,25,5,1.2
29,snacks,88.80562179466231,124.69066034419328,99.19955720372742,2023-03-29,2,3,0,115,13,11,1.2
29,snacks,88.80562179466231,124.69066034419328,119.54173882862017,2023-03-30,3,3,0,133,14,14,1.2
29,snacks,88.80562179466231,124.69066034419328,120.19770580549113,2023-03-31,4,3,0,67,18,3,1.2
29,snacks,88.80562179466231,124.69066034419328,107.26640775772702,2023-04-01,5,4,1,28,16,8,1.1732050807568877
29,snacks,88.80562179466231,124.69066034419328,113.64493157706694,2023-04-02,6,4,1,68,21,6,1.1732050807568877
29,snacks,88.80562179466231,124.69066034419328,106.7464811259088,2023-04-03,0,4,0,162,33,2,1.1732050807568877
29,snacks,88.80562179466231,124.69066034419328,109.95283070823855,2023-04-04,1,4,0,175,16,8,1.1732050807568877
29,snacks,88.80562179466231,124.69066034419328,97.93425001375209,2023-04-05,2,4,0,69,23,12,1.1732050807568877
29,snacks,88.80562179466231,124.69066034419328,96.60221196240802,2023-04-06,3,4,0,126,15,8,1.1732050807568877
29,snacks,88.80562179466231,124.69066034419328,110.62528476661714,2023-04-07,4,4,0,140,17,10,1.1732050807568877
29,snacks,88.80562179466231,124.69066034419328,111.27137944614915,2023-04-08,5,4,1,130,8,10,1.1732050807568877
29,snacks,88.80562179466231,124.69066034419328,120.21838556506285,2023-04-09,6,4,1,143,8,5,1.1732050807568877
29,snacks,88.80562179466231,124.69066034419328,103.14787690877003,2023-04-10,0,4,0,110,18,14,1.1732050807568877
29,snacks,88.80562179466231,124.69066034419328,114.75789887007303,2023-04-11,1,4,0,169,5,4,1.1732050807568877
29,snacks,88.80562179466231,124.69066034419328,98.51487798193068,2023-04-12,2,4,0,87,23,2,1.1732050807568877
29,snacks,88.80562179466231,124.69066034419328,99.32440338097007,2023-04-13,3,4,0,70,9,12,1.1732050807568877
29,snacks,88.80562179466231,124.69066034419328,116.06560918159829,2023-04-14,4,4,0,169,16,4,1.1732050807568877
29,snacks,88.80562179466231,124.69066034419328,104.21139256323144,2023-04-15,5,4,1,108,10,8,1.1732050807568877
29,snacks,88.80562179466231,124.69066034419328,101.71323659801827,2023-04-16,6,4,1,163,19,11,1.1732050807568877
29,snacks,88.80562179466231,124.69066034419328,114.29057544660003,2023-04-17,0,4,0,54,13,12,1.1732050807568877
29,snacks,88.80562179466231,124.69066034419328,122.03127990553853,2023-04-18,1,4,0,52,5,12,1.1732050807568877
29,snacks,88.80562179466231,124.69066034419328,116.30653055995276,2023-04-19,2,4,0,29,15,7,1.1732050807568877
29,snacks,88.80562179466231,124.69066034419328,99.29953491413988,2023-04-20,3,4,0,199,5,7,1.1732050807568877
29,snacks,88.80562179466231,124.69066034419328,98.40317415750087,2023-04-21,4,4,0,179,13,8,1.1732050807568877
29,snacks,88.80562179466231,124.69066034419328,104.80309610643718,2023-04-22,5,4,1,44,17,12,1.1732050807568877
29,snacks,88.80562179466231,124.69066034419328,95.20025515873805,2023-04-23,6,4,1,61,6,9,1.1732050807568877
29,snacks,88.80562179466231,124.69066034419328,110.98428411323636,2023-04-24,0,4,0,101,16,4,1.1732050807568877
29,snacks,88.80562179466231,124.69066034419328,121.05767939921427,2023-04-25,1,4,0,35,17,5,1.1732050807568877
29,snacks,88.80562179466231,124.69066034419328,118.47372703121584,2023-04-26,2,4,0,146,13,14,1.1732050807568877
29,snacks,88.80562179466231,124.69066034419328,120.74245613845964,2023-04-27,3,4,0,51,20,14,1.1732050807568877
29,snacks,88.80562179466231,124.69066034419328,101.80617027399465,2023-04-28,4,4,0,83,13,12,1.1732050807568877
29,snacks,88.80562179466231,124.69066034419328,108.64500604481728,2023-04-29,5,4,1,109,16,8,1.1732050807568877
29,snacks,88.80562179466231,124.69066034419328,96.8940768324148,2023-04-30,6,4,1,113,20,6,1.1732050807568877
29,snacks,88.80562179466231,124.69066034419328,110.42411319249253,2023-05-01,0,5,0,28,15,11,1.1
29,snacks,88.80562179466231,124.69066034419328,123.07001780466474,2023-05-02,1,5,0,23,11,3,1.1
29,snacks,88.80562179466231,124.69066034419328,114.25013958523404,2023-05-03,2,5,0,104,14,8,1.1
29,snacks,88.80562179466231,124.69066034419328,118.14549265281964,2023-05-04,3,5,0,104,17,13,1.1
29,snacks,88.80562179466231,124.69066034419328,107.08739711496206,2023-05-05,4,5,0,23,14,5,1.1
29,snacks,88.80562179466231,124.69066034419328,98.67738857277567,2023-05-06,5,5,1,151,26,11,1.1
29,snacks,88.80562179466231,124.69066034419328,98.19692188262395,2023-05-07,6,5,1,61,18,12,1.1
29,snacks,88.80562179466231,124.69066034419328,118.26053635411199,2023-05-08,0,5,0,128,16,7,1.1
29,snacks,88.80562179466231,124.69066034419328,119.39917194971875,2023-05-09,1,5,0,189,15,9,1.1
29,snacks,88.80562179466231,124.69066034419328,105.19308089893732,2023-05-10,2,5,0,197,30,1,1.1
29,snacks,88.80562179466231,124.69066034419328,122.47966789579053,2023-05-11,3,5,0,107,10,10,1.1
29,snacks,88.80562179466231,124.69066034419328,120.23062012944546,2023-05-12,4,5,0,154,13,10,1.1
29,snacks,88.80562179466231,124.69066034419328,116.95325465892947,2023-05-13,5,5,1,101,21,1,1.1
29,snacks,88.80562179466231,124.69066034419328,94.05944497916342,2023-05-14,6,5,1,176,12,8,1.1
29,snacks,88.80562179466231,124.69066034419328,107.05736726317437,2023-05-15,0,5,0,106,20,11,1.1
29,snacks,88.80562179466231,124.69066034419328,118.49749356310078,2023-05-16,1,5,0,45,17,7,1.1
29,snacks,88.80562179466231,124.69066034419328,123.94447823827402,2023-05-17,2,5,0,163,19,9,1.1
29,snacks,88.80562179466231,124.69066034419328,99.38419834241374,2023-05-18,3,5,0,50,8,7,1.1
29,snacks,88.80562179466231,124.69066034419328,113.89034321530823,2023-05-19,4,5,0,196,10,3,1.1
29,snacks,88.80562179466231,124.69066034419328,97.40657935582618,2023-05-20,5,5,1,44,9,7,1.1
29,snacks,88.80562179466231,124.69066034419328,99.28635180668977,2023-05-21,6,5,1,100,31,1,1.1
29,snacks,88.80562179466231,124.69066034419328,109.97002069140065,2023-05-22,0,5,0,148,7,3,1.1
29,snacks,88.80562179466231,124.69066034419328,107.92929332599574,2023-05-23,1,5,0,72,19,4,1.1
29,snacks,88.80562179466231,124.69066034419328,113.57753746288029,2023-05-24,2,5,0,20,14,14,1.1
29,snacks,88.80562179466231,124.69066034419328,96.14203979509158,2023-05-25,3,5,0,53,22,6,1.1
29,snacks,88.80562179466231,124.69066034419328,116.44221109822335,2023-05-26,4,5,0,134,11,12,1.1
29,snacks,88.80562179466231,124.69066034419328,94.1761703635389,2023-05-27,5,5,1,23,16,11,1.1
29,snacks,88.80562179466231,124.69066034419328,103.99781564495372,2023-05-28,6,5,1,49,16,10,1.1
29,snacks,88.80562179466231,124.69066034419328,115.27678326033096,2023-05-29,0,5,0,187,8,9,1.1
29,snacks,88.80562179466231,124.69066034419328,107.29386723102519,2023-05-30,1,5,0,193,15,7,1.1
29,snacks,88.80562179466231,124.69066034419328,106.8275352627137,2023-05-31,2,5,0,73,6,6,1.1
29,snacks,88.80562179466231,124.69066034419328,110.31237655733841,2023-06-01,3,6,0,162,26,3,1.0
29,snacks,88.80562179466231,124.69066034419328,122.97786756901048,2023-06-02,4,6,0,98,14,13,1.0
29,snacks,88.80562179466231,124.69066034419328,111.57025586759242,2023-06-03,5,6,1,77,9,7,1.0
29,snacks,88.80562179466231,124.69066034419328,94.3191094400398,2023-06-04,6,6,1,140,23,12,1.0
29,snacks,88.80562179466231,124.69066034419328,100.09509050405616,2023-06-05,0,6,0,193,17,7,1.0
29,snacks,88.80562179466231,124.69066034419328,120.42692808871047,2023-06-06,1,6,0,173,8,8,1.0
29,snacks,88.80562179466231,124.69066034419328,118.81719741577662,2023-06-07,2,6,0,83,15,3,1.0
29,snacks,88.80562179466231,124.69066034419328,102.85743551123929,2023-06-08,3,6,0,75,12,8,1.0
29,snacks,88.80562179466231,124.69066034419328,123.32616243316224,2023-06-09,4,6,0,74,10,4,1.0
29,snacks,88.80562179466231,124.69066034419328,94.01886576829314,2023-06-10,5,6,1,113,26,9,1.0
29,snacks,88.80562179466231,124.69066034419328,102.47253524448442,2023-06-11,6,6,1,78,17,8,1.0
29,snacks,88.80562179466231,124.69066034419328,99.05493636552332,2023-06-12,0,6,0,70,22,7,1.0
29,snacks,88.80562179466231,124.69066034419328,94.00500376589825,2023-06-13,1,6,0,26,15,4,1.0
29,snacks,88.80562179466231,124.69066034419328,104.41799430489233,2023-06-14,2,6,0,21,8,7,1.0
29,snacks,88.80562179466231,124.69066034419328,118.25653388228531,2023-06-15,3,6,0,24,18,11,1.0
29,snacks,88.80562179466231,124.69066034419328,106.28972676260847,2023-06-16,4,6,0,183,16,3,1.0
29,snacks,88.80562179466231,124.69066034419328,108.79208729205588,2023-06-17,5,6,1,198,17,1,1.0
29,snacks,88.80562179466231,124.69066034419328,106.59408842396573,2023-06-18,6,6,1,98,16,6,1.0
29,snacks,88.80562179466231,124.69066034419328,102.95663872119493,2023-06-19,0,6,0,139,17,5,1.0
29,snacks,88.80562179466231,124.69066034419328,93.38956966042953,2023-06-20,1,6,0,120,10,6,1.0
29,snacks,88.80562179466231,124.69066034419328,114.07157438558907,2023-06-21,2,6,0,137,17,2,1.0
29,snacks,88.80562179466231,124.69066034419328,118.23143992494828,2023-06-22,3,6,0,159,7,10,1.0
29,snacks,88.80562179466231,124.69066034419328,102.30749312269825,2023-06-23,4,6,0,66,17,12,1.0
29,snacks,88.80562179466231,124.69066034419328,100.83927838859502,2023-06-24,5,6,1,42,12,5,1.0
29,snacks,88.80562179466231,124.69066034419328,119.49766840878922,2023-06-25,6,6,1,170,12,11,1.0
29,snacks,88.80562179466231,124.69066034419328,121.5469266208373,2023-06-26,0,6,0,147,6,7,1.0
29,snacks,88.80562179466231,124.69066034419328,116.70264823143299,2023-06-27,1,6,0,67,9,5,1.0
29,snacks,88.80562179466231,124.69066034419328,96.40191271489265,2023-06-28,2,6,0,112,6,11,1.0
29,snacks,88.80562179466231,124.69066034419328,94.30836323704784,2023-06-29,3,6,0,113,20,6,1.0
30,snacks,36.41907636054701,54.00732250711406,41.954202883661445,2023-01-01,6,1,1,109,16,11,1.1
30,snacks,36.41907636054701,54.00732250711406,39.214515691113625,2023-01-02,0,1,0,35,17,1,1.1
30,snacks,36.41907636054701,54.00732250711406,52.64554476849736,2023-01-03,1,1,0,191,15,3,1.1
30,snacks,36.41907636054701,54.00732250711406,53.958545043421296,2023-01-04,2,1,0,102,9,5,1.1
30,snacks,36.41907636054701,54.00732250711406,42.95463968655041,2023-01-05,3,1,0,182,8,3,1.1
30,snacks,36.41907636054701,54.00732250711406,51.020816445439245,2023-01-06,4,1,0,141,3,9,1.1
30,snacks,36.41907636054701,54.00732250711406,40.777040461632986,2023-01-07,5,1,1,34,34,2,1.1
30,snacks,36.41907636054701,54.00732250711406,52.1538955057489,2023-01-08,6,1,1,30,5,9,1.1
30,snacks,36.41907636054701,54.00732250711406,42.261252135937305,2023-01-09,0,1,0,44,17,1,1.1
30,snacks,36.41907636054701,54.00732250711406,41.0155175216313,2023-01-10,1,1,0,28,16,8,1.1
30,snacks,36.41907636054701,54.00732250711406,39.7705506517282,2023-01-11,2,1,0,137,21,2,1.1
30,snacks,36.41907636054701,54.00732250711406,53.203844572297854,2023-01-12,3,1,0,96,12,5,1.1
30,snacks,36.41907636054701,54.00732250711406,49.236541254678734,2023-01-13,4,1,0,147,17,6,1.1
30,snacks,36.41907636054701,54.00732250711406,46.29698805470903,2023-01-14,5,1,1,82,20,10,1.1
30,snacks,36.41907636054701,54.00732250711406,45.66996858331837,2023-01-15,6,1,1,77,17,14,1.1
30,snacks,36.41907636054701,54.00732250711406,41.418926714667336,2023-01-16,0,1,0,131,26,3,1.1
30,snacks,36.41907636054701,54.00732250711406,44.080455258559006,2023-01-17,1,1,0,124,13,9,1.1
30,snacks,36.41907636054701,54.00732250711406,51.66187665142772,2023-01-18,2,1,0,86,22,1,1.1
30,snacks,36.41907636054701,54.00732250711406,42.70610094528647,2023-01-19,3,1,0,51,16,12,1.1
30,snacks,36.41907636054701,54.00732250711406,48.45667279247698,2023-01-20,4,1,0,64,7,2,1.1
30,snacks,36.41907636054701,54.00732250711406,50.59339071372048,2023-01-21,5,1,1,22,20,14,1.1
30,snacks,36.41907636054701,54.00732250711406,44.89038214637502,2023-01-22,6,1,1,36,22,8,1.1
30,snacks,36.41907636054701,54.00732250711406,48.19704820667564,2023-01-23,0,1,0,89,20,1,1.1
30,snacks,36.41907636054701,54.00732250711406,42.41904897555381,2023-01-24,1,1,0,36,32,1,1.1
30,snacks,36.41907636054701,54.00732250711406,38.3996355181891,2023-01-25,2,1,0,85,2,5,1.1
30,snacks,36.41907636054701,54.00732250711406,45.769710963907286,2023-01-26,3,1,0,54,19,6,1.1
30,snacks,36.41907636054701,54.00732250711406,38.88928468862391,2023-01-27,4,1,0,189,18,14,1.1
30,snacks,36.41907636054701,54.00732250711406,46.11080273424849,2023-01-28,5,1,1,147,28,2,1.1
30,snacks,36.41907636054701,54.00732250711406,40.03545179710473,2023-01-29,6,1,1,185,17,12,1.1
30,snacks,36.41907636054701,54.00732250711406,42.77849222344884,2023-01-30,0,1,0,29,7,12,1.1
30,snacks,36.41907636054701,54.00732250711406,50.168218983500424,2023-01-31,1,1,0,170,18,2,1.1
30,snacks,36.41907636054701,54.00732250711406,47.49861781628319,2023-02-01,2,2,0,93,19,3,1.1732050807568877
30,snacks,36.41907636054701,54.00732250711406,53.46782489786104,2023-02-02,3,2,0,188,8,10,1.1732050807568877
30,snacks,36.41907636054701,54.00732250711406,41.06537648706048,2023-02-03,4,2,0,148,17,4,1.1732050807568877
30,snacks,36.41907636054701,54.00732250711406,48.03300644671978,2023-02-04,5,2,1,152,14,13,1.1732050807568877
30,snacks,36.41907636054701,54.00732250711406,42.92861960755319,2023-02-05,6,2,1,74,23,5,1.1732050807568877
30,snacks,36.41907636054701,54.00732250711406,50.39876119173227,2023-02-06,0,2,0,113,9,8,1.1732050807568877
30,snacks,36.41907636054701,54.00732250711406,52.055770067753485,2023-02-07,1,2,0,135,9,10,1.1732050807568877
30,snacks,36.41907636054701,54.00732250711406,51.363765347529636,2023-02-08,2,2,0,145,20,5,1.1732050807568877
30,snacks,36.41907636054701,54.00732250711406,39.88107846779795,2023-02-09,3,2,0,114,15,14,1.1732050807568877
30,snacks,36.41907636054701,54.00732250711406,50.450406017809854,2023-02-10,4,2,0,39,9,11,1.1732050807568877
30,snacks,36.41907636054701,54.00732250711406,45.656012376074926,2023-02-11,5,2,1,93,13,8,1.1732050807568877
30,snacks,36.41907636054701,54.00732250711406,52.26875151836283,2023-02-12,6,2,1,195,17,13,1.1732050807568877
30,snacks,36.41907636054701,54.00732250711406,47.409069060775295,2023-02-13,0,2,0,160,11,11,1.1732050807568877
30,snacks,36.41907636054701,54.00732250711406,43.78163100217276,2023-02-14,1,2,0,35,8,1,1.1732050807568877
30,snacks,36.41907636054701,54.00732250711406,45.59714199441936,2023-02-15,2,2,0,62,20,11,1.1732050807568877
30,snacks,36.41907636054701,54.00732250711406,51.70249715469263,2023-02-16,3,2,0,134,16,13,1.1732050807568877
30,snacks,36.41907636054701,54.00732250711406,45.483470336563876,2023-02-17,4,2,0,154,21,11,1.1732050807568877
30,snacks,36.41907636054701,54.00732250711406,38.870791598208626,2023-02-18,5,2,1,164,5,9,1.1732050807568877
30,snacks,36.41907636054701,54.00732250711406,49.217509176858975,2023-02-19,6,2,1,110,17,5,1.1732050807568877
30,snacks,36.41907636054701,54.00732250711406,43.64606800915615,2023-02-20,0,2,0,155,8,13,1.1732050807568877
30,snacks,36.41907636054701,54.00732250711406,43.96442584908258,2023-02-21,1,2,0,187,20,10,1.1732050807568877
30,snacks,36.41907636054701,54.00732250711406,42.607409039995076,2023-02-22,2,2,0,132,24,4,1.1732050807568877
30,snacks,36.41907636054701,54.00732250711406,43.474897548429595,2023-02-23,3,2,0,156,10,3,1.1732050807568877
30,snacks,36.41907636054701,54.00732250711406,48.872527501351364,2023-02-24,4,2,0,102,22,2,1.1732050807568877
30,snacks,36.41907636054701,54.00732250711406,53.51976945130082,2023-02-25,5,2,1,191,10,6,1.1732050807568877
30,snacks,36.41907636054701,54.00732250711406,39.57282009431908,2023-02-26,6,2,1,128,22,8,1.1732050807568877
30,snacks,36.41907636054701,54.00732250711406,44.098320262579904,2023-02-27,0,2,0,150,6,14,1.1732050807568877
30,snacks,36.41907636054701,54.00732250711406,47.1071262358353,2023-02-28,1,2,0,73,15,8,1.1732050807568877
30,snacks,36.41907636054701,54.00732250711406,43.553888542838386,2023-03-01,2,3,0,190,8,12,1.2
30,snacks,36.41907636054701,54.00732250711406,51.19920620079346,2023-03-02,3,3,0,63,14,10,1.2
30,snacks,36.41907636054701,54.00732250711406,42.81247247434054,2023-03-03,4,3,0,35,8,8,1.2
30,snacks,36.41907636054701,54.00732250711406,44.856743038724716,2023-03-04,5,3,1,157,8,13,1.2
30,snacks,36.41907636054701,54.00732250711406,39.53009276484748,2023-03-05,6,3,1,191,32,4,1.2
30,snacks,36.41907636054701,54.00732250711406,50.36711040877362,2023-03-06,0,3,0,124,5,9,1.2
30,snacks,36.41907636054701,54.00732250711406,48.05990202420111,2023-03-07,1,3,0,165,6,11,1.2
30,snacks,36.41907636054701,54.00732250711406,39.37350757724125,2023-03-08,2,3,0,166,17,7,1.2
30,snacks,36.41907636054701,54.00732250711406,49.91300581685695,2023-03-09,3,3,0,58,20,7,1.2
30,snacks,36.41907636054701,54.00732250711406,45.43395350195963,2023-03-10,4,3,0,79,21,10,1.2
30,snacks,36.41907636054701,54.00732250711406,43.11362910633552,2023-03-11,5,3,1,58,32,1,1.2
30,snacks,36.41907636054701,54.00732250711406,42.02569236208002,2023-03-12,6,3,1,181,23,5,1.2
30,snacks,36.41907636054701,54.00732250711406,51.31239251367445,2023-03-13,0,3,0,173,17,8,1.2
30,snacks,36.41907636054701,54.00732250711406,45.258829028213384,2023-03-14,1,3,0,122,10,2,1.2
30,snacks,36.41907636054701,54.00732250711406,53.548684617291784,2023-03-15,2,3,0,191,14,11,1.2
30,snacks,36.41907636054701,54.00732250711406,38.842353280351375,2023-03-16,3,3,0,56,9,7,1.2
30,snacks,36.41907636054701,54.00732250711406,44.24296760859335,2023-03-17,4,3,0,66,14,10,1.2
30,snacks,36.41907636054701,54.00732250711406,50.77269474711161,2023-03-18,5,3,1,178,21,11,1.2
30,snacks,36.41907636054701,54.00732250711406,46.037979062596165,2023-03-19,6,3,1,78,10,7,1.2
30,snacks,36.41907636054701,54.00732250711406,40.26178349943978,2023-03-20,0,3,0,124,6,10,1.2
30,snacks,36.41907636054701,54.00732250711406,44.28126828173389,2023-03-21,1,3,0,193,15,14,1.2
30,snacks,36.41907636054701,54.00732250711406,39.40497292794586,2023-03-22,2,3,0,134,14,4,1.2
30,snacks,36.41907636054701,54.00732250711406,48.692945171732035,2023-03-23,3,3,0,161,15,2,1.2
30,snacks,36.41907636054701,54.00732250711406,51.27170780459254,2023-03-24,4,3,0,32,18,5,1.2
30,snacks,36.41907636054701,54.00732250711406,47.825035246129886,2023-03-25,5,3,1,177,2,14,1.2
30,snacks,36.41907636054701,54.00732250711406,43.40361358127609,2023-03-26,6,3,1,120,26,11,1.2
30,snacks,36.41907636054701,54.00732250711406,39.69646820406998,2023-03-27,0,3,0,147,31,1,1.2
30,snacks,36.41907636054701,54.00732250711406,53.47306865869136,2023-03-28,1,3,0,170,15,9,1.2
30,snacks,36.41907636054701,54.00732250711406,42.361033215094906,2023-03-29,2,3,0,51,10,9,1.2
30,snacks,36.41907636054701,54.00732250711406,42.95818266327897,2023-03-30,3,3,0,179,14,5,1.2
30,snacks,36.41907636054701,54.00732250711406,53.01705656327863,2023-03-31,4,3,0,59,19,10,1.2
30,snacks,36.41907636054701,54.00732250711406,43.98981780939651,2023-04-01,5,4,1,30,24,8,1.1732050807568877
30,snacks,36.41907636054701,54.00732250711406,38.69488865686262,2023-04-02,6,4,1,111,28,4,1.1732050807568877
30,snacks,36.41907636054701,54.00732250711406,42.78513104183302,2023-04-03,0,4,0,174,17,3,1.1732050807568877
30,snacks,36.41907636054701,54.00732250711406,45.34909598849913,2023-04-04,1,4,0,186,20,6,1.1732050807568877
30,snacks,36.41907636054701,54.00732250711406,53.37247178733112,2023-04-05,2,4,0,81,6,12,1.1732050807568877
30,snacks,36.41907636054701,54.00732250711406,40.01128415559175,2023-04-06,3,4,0,154,10,12,1.1732050807568877
30,snacks,36.41907636054701,54.00732250711406,53.0689301915949,2023-04-07,4,4,0,135,16,10,1.1732050807568877
30,snacks,36.41907636054701,54.00732250711406,39.188446746328864,2023-04-08,5,4,1,66,33,3,1.1732050807568877
30,snacks,36.41907636054701,54.00732250711406,43.14741144725437,2023-04-09,6,4,1,147,12,7,1.1732050807568877
30,snacks,36.41907636054701,54.00732250711406,49.61205220079546,2023-04-10,0,4,0,136,15,8,1.1732050807568877
30,snacks,36.41907636054701,54.00732250711406,39.88281811965846,2023-04-11,1,4,0,169,5,9,1.1732050807568877
30,snacks,36.41907636054701,54.00732250711406,51.6923151701369,2023-04-12,2,4,0,81,12,13,1.1732050807568877
30,snacks,36.41907636054701,54.00732250711406,44.057691332843724,2023-04-13,3,4,0,80,13,13,1.1732050807568877
30,snacks,36.41907636054701,54.00732250711406,53.400546747463395,2023-04-14,4,4,0,133,11,6,1.1732050807568877
30,snacks,36.41907636054701,54.00732250711406,50.13812933853966,2023-04-15,5,4,1,44,19,7,1.1732050807568877
30,snacks,36.41907636054701,54.00732250711406,48.0135796800467,2023-04-16,6,4,1,86,40,1,1.1732050807568877
30,snacks,36.41907636054701,54.00732250711406,42.567034380799996,2023-04-17,0,4,0,189,26,3,1.1732050807568877
30,snacks,36.41907636054701,54.00732250711406,50.32706480116082,2023-04-18,1,4,0,74,12,9,1.1732050807568877
30,snacks,36.41907636054701,54.00732250711406,38.664113399847665,2023-04-19,2,4,0,77,19,12,1.1732050807568877
30,snacks,36.41907636054701,54.00732250711406,53.00417628960222,2023-04-20,3,4,0,26,6,13,1.1732050807568877
30,snacks,36.41907636054701,54.00732250711406,45.594168250419756,2023-04-21,4,4,0,88,13,10,1.1732050807568877
30,snacks,36.41907636054701,54.00732250711406,41.626712097465465,2023-04-22,5,4,1,130,25,7,1.1732050807568877
30,snacks,36.41907636054701,54.00732250711406,45.14560764571506,2023-04-23,6,4,1,44,25,13,1.1732050807568877
30,snacks,36.41907636054701,54.00732250711406,52.75952367090838,2023-04-24,0,4,0,133,8,2,1.1732050807568877
30,snacks,36.41907636054701,54.00732250711406,45.79401254999922,2023-04-25,1,4,0,97,9,12,1.1732050807568877
30,snacks,36.41907636054701,54.00732250711406,42.09508134251101,2023-04-26,2,4,0,60,11,2,1.1732050807568877
30,snacks,36.41907636054701,54.00732250711406,52.29987180607783,2023-04-27,3,4,0,189,14,4,1.1732050807568877
30,snacks,36.41907636054701,54.00732250711406,46.59154679079748,2023-04-28,4,4,0,192,22,3,1.1732050807568877
30,snacks,36.41907636054701,54.00732250711406,38.56462564446311,2023-04-29,5,4,1,43,23,13,1.1732050807568877
30,snacks,36.41907636054701,54.00732250711406,38.50759221355267,2023-04-30,6,4,1,143,21,14,1.1732050807568877
30,snacks,36.41907636054701,54.00732250711406,41.67073620105976,2023-05-01,0,5,0,34,10,13,1.1
30,snacks,36.41907636054701,54.00732250711406,42.44606780026379,2023-05-02,1,5,0,92,21,5,1.1
30,snacks,36.41907636054701,54.00732250711406,52.64854501014082,2023-05-03,2,5,0,24,15,14,1.1
30,snacks,36.41907636054701,54.00732250711406,38.77950156121083,2023-05-04,3,5,0,174,18,9,1.1
30,snacks,36.41907636054701,54.00732250711406,48.22486373535555,2023-05-05,4,5,0,96,13,6,1.1
30,snacks,36.41907636054701,54.00732250711406,40.32421284935046,2023-05-06,5,5,1,110,23,4,1.1
30,snacks,36.41907636054701,54.00732250711406,51.5416930685774,2023-05-07,6,5,1,106,12,12,1.1
30,snacks,36.41907636054701,54.00732250711406,40.18019854531003,2023-05-08,0,5,0,60,14,1,1.1
30,snacks,36.41907636054701,54.00732250711406,46.00466016682229,2023-05-09,1,5,0,114,6,7,1.1
30,snacks,36.41907636054701,54.00732250711406,38.62195086929395,2023-05-10,2,5,0,159,23,9,1.1
30,snacks,36.41907636054701,54.00732250711406,50.81329370057608,2023-05-11,3,5,0,156,7,13,1.1
30,snacks,36.41907636054701,54.00732250711406,46.53431378979474,2023-05-12,4,5,0,54,12,9,1.1
30,snacks,36.41907636054701,54.00732250711406,43.538645262119076,2023-05-13,5,5,1,71,23,3,1.1
30,snacks,36.41907636054701,54.00732250711406,39.381161834725035,2023-05-14,6,5,1,65,24,2,1.1
30,snacks,36.41907636054701,54.00732250711406,50.156435721722524,2023-05-15,0,5,0,69,10,10,1.1
30,snacks,36.41907636054701,54.00732250711406,49.94216800252718,2023-05-16,1,5,0,35,9,13,1.1
30,snacks,36.41907636054701,54.00732250711406,49.13593153062688,2023-05-17,2,5,0,197,15,7,1.1
30,snacks,36.41907636054701,54.00732250711406,44.94371122805134,2023-05-18,3,5,0,84,13,4,1.1
30,snacks,36.41907636054701,54.00732250711406,48.25634672199679,2023-05-19,4,5,0,93,9,7,1.1
30,snacks,36.41907636054701,54.00732250711406,53.565682203342796,2023-05-20,5,5,1,144,19,6,1.1
30,snacks,36.41907636054701,54.00732250711406,50.16655503515548,2023-05-21,6,5,1,160,11,9,1.1
30,snacks,36.41907636054701,54.00732250711406,47.2350426833331,2023-05-22,0,5,0,165,13,13,1.1
30,snacks,36.41907636054701,54.00732250711406,42.30926025708909,2023-05-23,1,5,0,118,17,12,1.1
30,snacks,36.41907636054701,54.00732250711406,42.859798061206426,2023-05-24,2,5,0,156,20,7,1.1
30,snacks,36.41907636054701,54.00732250711406,49.379395711647284,2023-05-25,3,5,0,164,22,1,1.1
30,snacks,36.41907636054701,54.00732250711406,48.06493730297326,2023-05-26,4,5,0,34,10,11,1.1
30,snacks,36.41907636054701,54.00732250711406,43.91623664493752,2023-05-27,5,5,1,131,20,2,1.1
30,snacks,36.41907636054701,54.00732250711406,49.912309777738635,2023-05-28,6,5,1,169,15,6,1.1
30,snacks,36.41907636054701,54.00732250711406,43.429192421126,2023-05-29,0,5,0,32,15,1,1.1
30,snacks,36.41907636054701,54.00732250711406,49.06013728958982,2023-05-30,1,5,0,127,6,12,1.1
30,snacks,36.41907636054701,54.00732250711406,41.82974282727906,2023-05-31,2,5,0,147,15,12,1.1
30,snacks,36.41907636054701,54.00732250711406,42.29919337331224,2023-06-01,3,6,0,91,17,4,1.0
30,snacks,36.41907636054701,54.00732250711406,50.17348696051148,2023-06-02,4,6,0,91,11,4,1.0
30,snacks,36.41907636054701,54.00732250711406,42.88707216290451,2023-06-03,5,6,1,75,17,5,1.0
30,snacks,36.41907636054701,54.00732250711406,42.87591482425184,2023-06-04,6,6,1,79,19,9,1.0
30,snacks,36.41907636054701,54.00732250711406,43.931291632040136,2023-06-05,0,6,0,140,18,7,1.0
30,snacks,36.41907636054701,54.00732250711406,41.0219507760817,2023-06-06,1,6,0,112,11,6,1.0
30,snacks,36.41907636054701,54.00732250711406,47.15483337600006,2023-06-07,2,6,0,195,0,4,1.0
30,snacks,36.41907636054701,54.00732250711406,39.511204299335155,2023-06-08,3,6,0,77,6,8,1.0
30,snacks,36.41907636054701,54.00732250711406,50.54701191915756,2023-06-09,4,6,0,134,10,6,1.0
30,snacks,36.41907636054701,54.00732250711406,52.98476166609499,2023-06-10,5,6,1,182,15,11,1.0
30,snacks,36.41907636054701,54.00732250711406,40.97495060121935,2023-06-11,6,6,1,22,20,14,1.0
30,snacks,36.41907636054701,54.00732250711406,40.82309086053089,2023-06-12,0,6,0,81,14,5,1.0
30,snacks,36.41907636054701,54.00732250711406,44.21791448031688,2023-06-13,1,6,0,96,14,8,1.0
30,snacks,36.41907636054701,54.00732250711406,50.18899756132727,2023-06-14,2,6,0,143,10,6,1.0
30,snacks,36.41907636054701,54.00732250711406,46.49265729400359,2023-06-15,3,6,0,132,13,8,1.0
30,snacks,36.41907636054701,54.00732250711406,53.77380401478106,2023-06-16,4,6,0,47,15,2,1.0
30,snacks,36.41907636054701,54.00732250711406,50.68834178340399,2023-06-17,5,6,1,103,7,14,1.0
30,snacks,36.41907636054701,54.00732250711406,53.78291618761889,2023-06-18,6,6,1,54,17,8,1.0
30,snacks,36.41907636054701,54.00732250711406,38.945255806114396,2023-06-19,0,6,0,24,20,11,1.0
30,snacks,36.41907636054701,54.00732250711406,40.779820920251204,2023-06-20,1,6,0,69,13,6,1.0
30,snacks,36.41907636054701,54.00732250711406,53.947376043513096,2023-06-21,2,6,0,135,7,10,1.0
30,snacks,36.41907636054701,54.00732250711406,50.19155889207416,2023-06-22,3,6,0,75,6,10,1.0
30,snacks,36.41907636054701,54.00732250711406,43.633392469093074,2023-06-23,4,6,0,79,17,14,1.0
30,snacks,36.41907636054701,54.00732250711406,46.335096461801676,2023-06-24,5,6,1,99,8,6,1.0
30,snacks,36.41907636054701,54.00732250711406,43.90363047718638,2023-06-25,6,6,1,60,8,6,1.0
30,snacks,36.41907636054701,54.00732250711406,43.16777607307956,2023-06-26,0,6,0,90,11,2,1.0
30,snacks,36.41907636054701,54.00732250711406,41.41100717595002,2023-06-27,1,6,0,144,17,4,1.0
30,snacks,36.41907636054701,54.00732250711406,42.03949881228028,2023-06-28,2,6,0,101,21,8,1.0
30,snacks,36.41907636054701,54.00732250711406,44.58338842113398,2023-06-29,3,6,0,149,9,12,1.0
31,dairy,78.11643389514822,106.84513817182679,87.4220063749107,2023-01-01,6,1,1,58,11,7,1.1
31,dairy,78.11643389514822,106.84513817182679,90.38494982383278,2023-01-02,0,1,0,116,15,14,1.1
31,dairy,78.11643389514822,106.84513817182679,106.1601927945739,2023-01-03,1,1,0,118,2,7,1.1
31,dairy,78.11643389514822,106.84513817182679,95.80399667514497,2023-01-04,2,1,0,153,8,13,1.1
31,dairy,78.11643389514822,106.84513817182679,102.77472305345302,2023-01-05,3,1,0,105,8,11,1.1
31,dairy,78.11643389514822,106.84513817182679,97.61989332544144,2023-01-06,4,1,0,116,12,4,1.1
31,dairy,78.11643389514822,106.84513817182679,93.54191049301456,2023-01-07,5,1,1,20,18,1,1.1
31,dairy,78.11643389514822,106.84513817182679,86.85331331216598,2023-01-08,6,1,1,124,18,3,1.1
31,dairy,78.11643389514822,106.84513817182679,104.09041331293855,2023-01-09,0,1,0,199,6,12,1.1
31,dairy,78.11643389514822,106.84513817182679,105.2252555104308,2023-01-10,1,1,0,118,15,7,1.1
31,dairy,78.11643389514822,106.84513817182679,93.24872104020446,2023-01-11,2,1,0,30,8,14,1.1
31,dairy,78.11643389514822,106.84513817182679,85.61107074938042,2023-01-12,3,1,0,29,15,1,1.1
31,dairy,78.11643389514822,106.84513817182679,83.50225632984964,2023-01-13,4,1,0,82,8,4,1.1
31,dairy,78.11643389514822,106.84513817182679,98.78567715695492,2023-01-14,5,1,1,26,24,14,1.1
31,dairy,78.11643389514822,106.84513817182679,101.07073241900221,2023-01-15,6,1,1,165,10,12,1.1
31,dairy,78.11643389514822,106.84513817182679,93.08910068307054,2023-01-16,0,1,0,105,9,7,1.1
31,dairy,78.11643389514822,106.84513817182679,91.52968958304781,2023-01-17,1,1,0,82,11,6,1.1
31,dairy,78.11643389514822,106.84513817182679,83.54756999477603,2023-01-18,2,1,0,28,28,1,1.1
31,dairy,78.11643389514822,106.84513817182679,88.62792540396289,2023-01-19,3,1,0,114,16,3,1.1
31,dairy,78.11643389514822,106.84513817182679,96.48096579869781,2023-01-20,4,1,0,189,14,13,1.1
31,dairy,78.11643389514822,106.84513817182679,97.83528592696103,2023-01-21,5,1,1,59,21,3,1.1
31,dairy,78.11643389514822,106.84513817182679,98.27818398354856,2023-01-22,6,1,1,171,10,11,1.1
31,dairy,78.11643389514822,106.84513817182679,87.25036519472462,2023-01-23,0,1,0,156,20,13,1.1
31,dairy,78.11643389514822,106.84513817182679,88.2790351311142,2023-01-24,1,1,0,26,26,2,1.1
31,dairy,78.11643389514822,106.84513817182679,104.18079928554928,2023-01-25,2,1,0,76,13,6,1.1
31,dairy,78.11643389514822,106.84513817182679,88.09030784420139,2023-01-26,3,1,0,21,21,12,1.1
31,dairy,78.11643389514822,106.84513817182679,106.57160159846667,2023-01-27,4,1,0,90,4,6,1.1
31,dairy,78.11643389514822,106.84513817182679,100.27442305286945,2023-01-28,5,1,1,82,15,11,1.1
31,dairy,78.11643389514822,106.84513817182679,87.24955486636284,2023-01-29,6,1,1,59,7,5,1.1
31,dairy,78.11643389514822,106.84513817182679,83.64725385716132,2023-01-30,0,1,0,169,6,14,1.1
31,dairy,78.11643389514822,106.84513817182679,102.40755673172094,2023-01-31,1,1,0,53,12,12,1.1
31,dairy,78.11643389514822,106.84513817182679,92.13468405218163,2023-02-01,2,2,0,179,17,14,1.1732050807568877
31,dairy,78.11643389514822,106.84513817182679,99.9667199017188,2023-02-02,3,2,0,166,16,11,1.1732050807568877
31,dairy,78.11643389514822,106.84513817182679,102.81353523578497,2023-02-03,4,2,0,191,5,13,1.1732050807568877
31,dairy,78.11643389514822,106.84513817182679,85.15088282605363,2023-02-04,5,2,1,81,25,13,1.1732050807568877
31,dairy,78.11643389514822,106.84513817182679,105.53678457511764,2023-02-05,6,2,1,69,6,11,1.1732050807568877
31,dairy,78.11643389514822,106.84513817182679,84.15712024496237,2023-02-06,0,2,0,31,15,2,1.1732050807568877
31,dairy,78.11643389514822,106.84513817182679,89.40452559312463,2023-02-07,1,2,0,104,10,2,1.1732050807568877
31,dairy,78.11643389514822,106.84513817182679,85.15678712507543,2023-02-08,2,2,0,125,19,14,1.1732050807568877
31,dairy,78.11643389514822,106.84513817182679,93.90801163859932,2023-02-09,3,2,0,48,7,13,1.1732050807568877
31,dairy,78.11643389514822,106.84513817182679,101.6794082265467,2023-02-10,4,2,0,116,27,1,1.1732050807568877
31,dairy,78.11643389514822,106.84513817182679,96.52692206210293,2023-02-11,5,2,1,50,23,12,1.1732050807568877
31,dairy,78.11643389514822,106.84513817182679,94.50101922082203,2023-02-12,6,2,1,147,15,3,1.1732050807568877
31,dairy,78.11643389514822,106.84513817182679,89.63455979601864,2023-02-13,0,2,0,123,8,12,1.1732050807568877
31,dairy,78.11643389514822,106.84513817182679,97.95986796780893,2023-02-14,1,2,0,102,10,4,1.1732050807568877
31,dairy,78.11643389514822,106.84513817182679,90.45668908893188,2023-02-15,2,2,0,95,19,2,1.1732050807568877
31,dairy,78.11643389514822,106.84513817182679,106.13517859855187,2023-02-16,3,2,0,143,13,3,1.1732050807568877
31,dairy,78.11643389514822,106.84513817182679,82.68901289030921,2023-02-17,4,2,0,27,8,12,1.1732050807568877
31,dairy,78.11643389514822,106.84513817182679,95.43572242200594,2023-02-18,5,2,1,153,16,13,1.1732050807568877
31,dairy,78.11643389514822,106.84513817182679,105.42048194242201,2023-02-19,6,2,1,105,5,5,1.1732050807568877
31,dairy,78.11643389514822,106.84513817182679,94.53104770216932,2023-02-20,0,2,0,189,19,4,1.1732050807568877
31,dairy,78.11643389514822,106.84513817182679,102.40560171219398,2023-02-21,1,2,0,99,10,8,1.1732050807568877
31,dairy,78.11643389514822,106.84513817182679,89.41776572787175,2023-02-22,2,2,0,22,16,13,1.1732050807568877
31,dairy,78.11643389514822,106.84513817182679,82.1554814399165,2023-02-23,3,2,0,59,21,3,1.1732050807568877
31,dairy,78.11643389514822,106.84513817182679,88.80295005670386,2023-02-24,4,2,0,77,16,2,1.1732050807568877
31,dairy,78.11643389514822,106.84513817182679,105.97096952536461,2023-02-25,5,2,1,80,13,7,1.1732050807568877
31,dairy,78.11643389514822,106.84513817182679,86.82086624496543,2023-02-26,6,2,1,134,21,11,1.1732050807568877
31,dairy,78.11643389514822,106.84513817182679,100.04127204916287,2023-02-27,0,2,0,123,20,5,1.1732050807568877
31,dairy,78.11643389514822,106.84513817182679,95.24548723185136,2023-02-28,1,2,0,185,7,8,1.1732050807568877
31,dairy,78.11643389514822,106.84513817182679,106.66982083762173,2023-03-01,2,3,0,177,6,14,1.2
31,dairy,78.11643389514822,106.84513817182679,85.99003172402008,2023-03-02,3,3,0,150,12,13,1.2
31,dairy,78.11643389514822,106.84513817182679,92.35335333939263,2023-03-03,4,3,0,145,19,14,1.2
31,dairy,78.11643389514822,106.84513817182679,83.26653813365587,2023-03-04,5,3,1,23,14,3,1.2
31,dairy,78.11643389514822,106.84513817182679,86.524656039558,2023-03-05,6,3,1,184,23,5,1.2
31,dairy,78.11643389514822,106.84513817182679,93.6597324202788,2023-03-06,0,3,0,180,13,7,1.2
31,dairy,78.11643389514822,106.84513817182679,98.21268149839467,2023-03-07,1,3,0,165,16,3,1.2
31,dairy,78.11643389514822,106.84513817182679,103.17718037020205,2023-03-08,2,3,0,144,19,5,1.2
31,dairy,78.11643389514822,106.84513817182679,97.17685663722746,2023-03-09,3,3,0,95,11,1,1.2
31,dairy,78.11643389514822,106.84513817182679,101.85358334700454,2023-03-10,4,3,0,47,8,9,1.2
31,dairy,78.11643389514822,106.84513817182679,105.25482969798306,2023-03-11,5,3,1,57,21,14,1.2
31,dairy,78.11643389514822,106.84513817182679,83.50620661774735,2023-03-12,6,3,1,173,20,8,1.2
31,dairy,78.11643389514822,106.84513817182679,102.29096081989161,2023-03-13,0,3,0,150,10,12,1.2
31,dairy,78.11643389514822,106.84513817182679,102.53942689053947,2023-03-14,1,3,0,185,6,8,1.2
31,dairy,78.11643389514822,106.84513817182679,90.67023787132634,2023-03-15,2,3,0,164,18,5,1.2
31,dairy,78.11643389514822,106.84513817182679,99.78210802318634,2023-03-16,3,3,0,126,22,11,1.2
31,dairy,78.11643389514822,106.84513817182679,91.28035209592036,2023-03-17,4,3,0,49,17,9,1.2
31,dairy,78.11643389514822,106.84513817182679,96.40678047690763,2023-03-18,5,3,1,72,40,1,1.2
31,dairy,78.11643389514822,106.84513817182679,102.43888727644074,2023-03-19,6,3,1,79,20,7,1.2
31,dairy,78.11643389514822,106.84513817182679,94.37806728933379,2023-03-20,0,3,0,182,15,5,1.2
31,dairy,78.11643389514822,106.84513817182679,100.23049506290752,2023-03-21,1,3,0,74,15,5,1.2
31,dairy,78.11643389514822,106.84513817182679,90.15664233127895,2023-03-22,2,3,0,72,15,10,1.2
31,dairy,78.11643389514822,106.84513817182679,91.18594396756457,2023-03-23,3,3,0,127,7,14,1.2
31,dairy,78.11643389514822,106.84513817182679,101.56576755320611,2023-03-24,4,3,0,87,14,12,1.2
31,dairy,78.11643389514822,106.84513817182679,88.77390530272082,2023-03-25,5,3,1,189,22,2,1.2
31,dairy,78.11643389514822,106.84513817182679,99.63861656562231,2023-03-26,6,3,1,127,16,10,1.2
31,dairy,78.11643389514822,106.84513817182679,99.32240538034299,2023-03-27,0,3,0,138,7,6,1.2
31,dairy,78.11643389514822,106.84513817182679,101.02642269644414,2023-03-28,1,3,0,41,9,10,1.2
31,dairy,78.11643389514822,106.84513817182679,98.80623966518775,2023-03-29,2,3,0,164,4,8,1.2
31,dairy,78.11643389514822,106.84513817182679,91.86373719880086,2023-03-30,3,3,0,185,22,1,1.2
31,dairy,78.11643389514822,106.84513817182679,102.98064333522638,2023-03-31,4,3,0,80,23,5,1.2
31,dairy,78.11643389514822,106.84513817182679,83.97866212311449,2023-04-01,5,4,1,90,23,12,1.1732050807568877
31,dairy,78.11643389514822,106.84513817182679,106.15850443229618,2023-04-02,6,4,1,147,10,7,1.1732050807568877
31,dairy,78.11643389514822,106.84513817182679,94.07773365683819,2023-04-03,0,4,0,180,16,8,1.1732050807568877
31,dairy,78.11643389514822,106.84513817182679,95.30150276916554,2023-04-04,1,4,0,175,15,12,1.1732050807568877
31,dairy,78.11643389514822,106.84513817182679,103.15278320529714,2023-04-05,2,4,0,112,18,13,1.1732050807568877
31,dairy,78.11643389514822,106.84513817182679,102.7527772336363,2023-04-06,3,4,0,182,17,5,1.1732050807568877
31,dairy,78.11643389514822,106.84513817182679,96.4071518324329,2023-04-07,4,4,0,41,9,12,1.1732050807568877
31,dairy,78.11643389514822,106.84513817182679,102.53696590533852,2023-04-08,5,4,1,190,9,10,1.1732050807568877
31,dairy,78.11643389514822,106.84513817182679,101.1211155145835,2023-04-09,6,4,1,65,20,4,1.1732050807568877
31,dairy,78.11643389514822,106.84513817182679,100.05666242622455,2023-04-10,0,4,0,91,10,4,1.1732050807568877
31,dairy,78.11643389514822,106.84513817182679,100.15403663533138,2023-04-11,1,4,0,126,12,7,1.1732050807568877
31,dairy,78.11643389514822,106.84513817182679,90.07224091605949,2023-04-12,2,4,0,156,11,7,1.1732050807568877
31,dairy,78.11643389514822,106.84513817182679,89.75974448840779,2023-04-13,3,4,0,37,36,1,1.1732050807568877
31,dairy,78.11643389514822,106.84513817182679,89.18134699749115,2023-04-14,4,4,0,88,11,14,1.1732050807568877
31,dairy,78.11643389514822,106.84513817182679,103.06695204176117,2023-04-15,5,4,1,179,21,3,1.1732050807568877
31,dairy,78.11643389514822,106.84513817182679,101.34868835220176,2023-04-16,6,4,1,49,9,14,1.1732050807568877
31,dairy,78.11643389514822,106.84513817182679,97.77226017861379,2023-04-17,0,4,0,159,9,4,1.1732050807568877
31,dairy,78.11643389514822,106.84513817182679,95.39029056706661,2023-04-18,1,4,0,183,16,4,1.1732050807568877
31,dairy,78.11643389514822,106.84513817182679,83.82585364973824,2023-04-19,2,4,0,150,6,8,1.1732050807568877
31,dairy,78.11643389514822,106.84513817182679,91.28487790830464,2023-04-20,3,4,0,99,13,5,1.1732050807568877
31,dairy,78.11643389514822,106.84513817182679,86.48549860111366,2023-04-21,4,4,0,199,11,12,1.1732050807568877
31,dairy,78.11643389514822,106.84513817182679,93.98879196855542,2023-04-22,5,4,1,95,19,13,1.1732050807568877
31,dairy,78.11643389514822,106.84513817182679,95.40570445022652,2023-04-23,6,4,1,67,25,7,1.1732050807568877
31,dairy,78.11643389514822,106.84513817182679,102.24057987362605,2023-04-24,0,4,0,102,17,13,1.1732050807568877
31,dairy,78.11643389514822,106.84513817182679,104.44729376398146,2023-04-25,1,4,0,118,13,9,1.1732050807568877
31,dairy,78.11643389514822,106.84513817182679,96.2902907929163,2023-04-26,2,4,0,95,21,1,1.1732050807568877
31,dairy,78.11643389514822,106.84513817182679,90.53986914446534,2023-04-27,3,4,0,174,10,11,1.1732050807568877
31,dairy,78.11643389514822,106.84513817182679,83.20257874634308,2023-04-28,4,4,0,32,18,6,1.1732050807568877
31,dairy,78.11643389514822,106.84513817182679,91.1899671686588,2023-04-29,5,4,1,29,29,2,1.1732050807568877
31,dairy,78.11643389514822,106.84513817182679,104.94274039472276,2023-04-30,6,4,1,119,15,14,1.1732050807568877
31,dairy,78.11643389514822,106.84513817182679,91.48548308954452,2023-05-01,0,5,0,32,28,1,1.1
31,dairy,78.11643389514822,106.84513817182679,87.97397410829268,2023-05-02,1,5,0,35,6,7,1.1
31,dairy,78.11643389514822,106.84513817182679,101.3837912840809,2023-05-03,2,5,0,71,19,13,1.1
31,dairy,78.11643389514822,106.84513817182679,97.18177521921972,2023-05-04,3,5,0,41,16,8,1.1
31,dairy,78.11643389514822,106.84513817182679,87.58706589603561,2023-05-05,4,5,0,91,18,12,1.1
31,dairy,78.11643389514822,106.84513817182679,94.00034820598736,2023-05-06,5,5,1,61,15,13,1.1
31,dairy,78.11643389514822,106.84513817182679,105.53041142658527,2023-05-07,6,5,1,197,5,13,1.1
31,dairy,78.11643389514822,106.84513817182679,99.66371802775939,2023-05-08,0,5,0,106,18,6,1.1
31,dairy,78.11643389514822,106.84513817182679,83.56112430619098,2023-05-09,1,5,0,42,14,2,1.1
31,dairy,78.11643389514822,106.84513817182679,92.78051072281089,2023-05-10,2,5,0,180,10,9,1.1
31,dairy,78.11643389514822,106.84513817182679,103.07065657756394,2023-05-11,3,5,0,171,18,5,1.1
31,dairy,78.11643389514822,106.84513817182679,98.9498178188147,2023-05-12,4,5,0,157,14,2,1.1
31,dairy,78.11643389514822,106.84513817182679,88.9673899889031,2023-05-13,5,5,1,81,14,2,1.1
31,dairy,78.11643389514822,106.84513817182679,83.31094722357925,2023-05-14,6,5,1,33,15,13,1.1
31,dairy,78.11643389514822,106.84513817182679,102.49151773658282,2023-05-15,0,5,0,98,12,12,1.1
31,dairy,78.11643389514822,106.84513817182679,88.29371532211601,2023-05-16,1,5,0,159,20,12,1.1
31,dairy,78.11643389514822,106.84513817182679,83.60315647536575,2023-05-17,2,5,0,68,24,2,1.1
31,dairy,78.11643389514822,106.84513817182679,85.48298708976013,2023-05-18,3,5,0,44,22,4,1.1
31,dairy,78.11643389514822,106.84513817182679,86.31832809216452,2023-05-19,4,5,0,121,19,5,1.1
31,dairy,78.11643389514822,106.84513817182679,89.75679946961881,2023-05-20,5,5,1,114,13,7,1.1
31,dairy,78.11643389514822,106.84513817182679,83.1083575076465,2023-05-21,6,5,1,106,25,11,1.1
31,dairy,78.11643389514822,106.84513817182679,104.04503675730982,2023-05-22,0,5,0,185,21,2,1.1
31,dairy,78.11643389514822,106.84513817182679,84.51329922398081,2023-05-23,1,5,0,196,25,11,1.1
31,dairy,78.11643389514822,106.84513817182679,82.77694323353072,2023-05-24,2,5,0,102,14,10,1.1
31,dairy,78.11643389514822,106.84513817182679,84.24445496925703,2023-05-25,3,5,0,121,16,2,1.1
31,dairy,78.11643389514822,106.84513817182679,105.77036088411518,2023-05-26,4,5,0,178,10,1,1.1
31,dairy,78.11643389514822,106.84513817182679,94.71342145508711,2023-05-27,5,5,1,43,12,12,1.1
31,dairy,78.11643389514822,106.84513817182679,89.07221666608771,2023-05-28,6,5,1,35,6,13,1.1
31,dairy,78.11643389514822,106.84513817182679,92.28007958208133,2023-05-29,0,5,0,54,19,6,1.1
31,dairy,78.11643389514822,106.84513817182679,89.837416865607,2023-05-30,1,5,0,171,13,10,1.1
31,dairy,78.11643389514822,106.84513817182679,99.16263968085815,2023-05-31,2,5,0,195,18,9,1.1
31,dairy,78.11643389514822,106.84513817182679,83.87585296826015,2023-06-01,3,6,0,79,5,11,1.0
31,dairy,78.11643389514822,106.84513817182679,93.15703363523696,2023-06-02,4,6,0,86,6,5,1.0
31,dairy,78.11643389514822,106.84513817182679,95.8578243216426,2023-06-03,5,6,1,180,25,5,1.0
31,dairy,78.11643389514822,106.84513817182679,96.48247363105034,2023-06-04,6,6,1,56,32,1,1.0
31,dairy,78.11643389514822,106.84513817182679,90.29015626677833,2023-06-05,0,6,0,124,9,12,1.0
31,dairy,78.11643389514822,106.84513817182679,83.56955269561301,2023-06-06,1,6,0,49,14,7,1.0
31,dairy,78.11643389514822,106.84513817182679,92.651453944796,2023-06-07,2,6,0,82,15,11,1.0
31,dairy,78.11643389514822,106.84513817182679,103.6859419213989,2023-06-08,3,6,0,133,4,6,1.0
31,dairy,78.11643389514822,106.84513817182679,90.02570316114858,2023-06-09,4,6,0,155,11,9,1.0
31,dairy,78.11643389514822,106.84513817182679,86.23771369463442,2023-06-10,5,6,1,36,17,7,1.0
31,dairy,78.11643389514822,106.84513817182679,104.22138276944457,2023-06-11,6,6,1,106,4,13,1.0
31,dairy,78.11643389514822,106.84513817182679,103.83796640005492,2023-06-12,0,6,0,86,9,10,1.0
31,dairy,78.11643389514822,106.84513817182679,101.76111332627589,2023-06-13,1,6,0,151,19,6,1.0
31,dairy,78.11643389514822,106.84513817182679,96.41503618473138,2023-06-14,2,6,0,57,13,14,1.0
31,dairy,78.11643389514822,106.84513817182679,95.99547620142359,2023-06-15,3,6,0,80,15,7,1.0
31,dairy,78.11643389514822,106.84513817182679,96.91639491738793,2023-06-16,4,6,0,158,17,7,1.0
31,dairy,78.11643389514822,106.84513817182679,100.59170053967955,2023-06-17,5,6,1,178,18,11,1.0
31,dairy,78.11643389514822,106.84513817182679,104.2465610403449,2023-06-18,6,6,1,55,12,2,1.0
31,dairy,78.11643389514822,106.84513817182679,104.3615911271949,2023-06-19,0,6,0,25,11,12,1.0
31,dairy,78.11643389514822,106.84513817182679,105.24161786697537,2023-06-20,1,6,0,117,11,13,1.0
31,dairy,78.11643389514822,106.84513817182679,96.05430564446837,2023-06-21,2,6,0,167,17,5,1.0
31,dairy,78.11643389514822,106.84513817182679,99.46507657194545,2023-06-22,3,6,0,148,10,7,1.0
31,dairy,78.11643389514822,106.84513817182679,86.41178550853566,2023-06-23,4,6,0,157,15,10,1.0
31,dairy,78.11643389514822,106.84513817182679,101.18212346004535,2023-06-24,5,6,1,31,15,8,1.0
31,dairy,78.11643389514822,106.84513817182679,104.230437723533,2023-06-25,6,6,1,194,24,1,1.0
31,dairy,78.11643389514822,106.84513817182679,101.01764698711634,2023-06-26,0,6,0,45,18,11,1.0
31,dairy,78.11643389514822,106.84513817182679,82.96721882184053,2023-06-27,1,6,0,197,9,7,1.0
31,dairy,78.11643389514822,106.84513817182679,102.31362172268744,2023-06-28,2,6,0,108,5,3,1.0
31,dairy,78.11643389514822,106.84513817182679,85.1839748022389,2023-06-29,3,6,0,145,25,2,1.0
32,dairy,41.97097288598861,74.95975185756268,50.99055214334877,2023-01-01,6,1,1,149,15,8,1.1
32,dairy,41.97097288598861,74.95975185756268,54.5980634390892,2023-01-02,0,1,0,125,15,4,1.1
32,dairy,41.97097288598861,74.95975185756268,52.67073596146091,2023-01-03,1,1,0,174,26,2,1.1
32,dairy,41.97097288598861,74.95975185756268,66.88144085279973,2023-01-04,2,1,0,132,12,3,1.1
32,dairy,41.97097288598861,74.95975185756268,45.99904640054828,2023-01-05,3,1,0,134,19,5,1.1
32,dairy,41.97097288598861,74.95975185756268,69.53767182999272,2023-01-06,4,1,0,153,11,9,1.1
32,dairy,41.97097288598861,74.95975185756268,67.50517933459852,2023-01-07,5,1,1,158,16,12,1.1
32,dairy,41.97097288598861,74.95975185756268,54.52335974191704,2023-01-08,6,1,1,71,10,13,1.1
32,dairy,41.97097288598861,74.95975185756268,44.106086101891556,2023-01-09,0,1,0,91,20,5,1.1
32,dairy,41.97097288598861,74.95975185756268,46.59833182529388,2023-01-10,1,1,0,126,17,8,1.1
32,dairy,41.97097288598861,74.95975185756268,70.63509547973412,2023-01-11,2,1,0,176,8,14,1.1
32,dairy,41.97097288598861,74.95975185756268,47.72380149110686,2023-01-12,3,1,0,198,20,7,1.1
32,dairy,41.97097288598861,74.95975185756268,53.08444984812323,2023-01-13,4,1,0,96,14,2,1.1
32,dairy,41.97097288598861,74.95975185756268,57.68106262852451,2023-01-14,5,1,1,26,15,8,1.1
32,dairy,41.97097288598861,74.95975185756268,53.92930341364886,2023-01-15,6,1,1,40,21,4,1.1
32,dairy,41.97097288598861,74.95975185756268,62.71210115987583,2023-01-16,0,1,0,133,15,9,1.1
32,dairy,41.97097288598861,74.95975185756268,55.23871281133508,2023-01-17,1,1,0,160,9,5,1.1
32,dairy,41.97097288598861,74.95975185756268,51.47271076096686,2023-01-18,2,1,0,136,7,6,1.1
32,dairy,41.97097288598861,74.95975185756268,44.34804414620612,2023-01-19,3,1,0,125,14,12,1.1
32,dairy,41.97097288598861,74.95975185756268,69.74973340404908,2023-01-20,4,1,0,100,7,14,1.1
32,dairy,41.97097288598861,74.95975185756268,63.12149252727351,2023-01-21,5,1,1,146,16,11,1.1
32,dairy,41.97097288598861,74.95975185756268,57.43363753309406,2023-01-22,6,1,1,79,11,3,1.1
32,dairy,41.97097288598861,74.95975185756268,60.74632023599024,2023-01-23,0,1,0,64,14,5,1.1
32,dairy,41.97097288598861,74.95975185756268,65.7746405611042,2023-01-24,1,1,0,168,16,5,1.1
32,dairy,41.97097288598861,74.95975185756268,70.31993641813064,2023-01-25,2,1,0,76,10,14,1.1
32,dairy,41.97097288598861,74.95975185756268,66.17398969062255,2023-01-26,3,1,0,126,10,10,1.1
32,dairy,41.97097288598861,74.95975185756268,48.39353693561773,2023-01-27,4,1,0,62,22,9,1.1
32,dairy,41.97097288598861,74.95975185756268,54.19162522157643,2023-01-28,5,1,1,79,14,11,1.1
32,dairy,41.97097288598861,74.95975185756268,57.330356082038406,2023-01-29,6,1,1,101,21,11,1.1
32,dairy,41.97097288598861,74.95975185756268,66.92261849941988,2023-01-30,0,1,0,84,16,2,1.1
32,dairy,41.97097288598861,74.95975185756268,62.34570553050996,2023-01-31,1,1,0,36,12,11,1.1
32,dairy,41.97097288598861,74.95975185756268,53.372158055376886,2023-02-01,2,2,0,113,20,2,1.1732050807568877
32,dairy,41.97097288598861,74.95975185756268,71.49959194507343,2023-02-02,3,2,0,35,15,13,1.1732050807568877
32,dairy,41.97097288598861,74.95975185756268,61.9348809407921,2023-02-03,4,2,0,122,7,12,1.1732050807568877
32,dairy,41.97097288598861,74.95975185756268,56.27573451798942,2023-02-04,5,2,1,130,14,2,1.1732050807568877
32,dairy,41.97097288598861,74.95975185756268,51.50526237467021,2023-02-05,6,2,1,199,14,7,1.1732050807568877
32,dairy,41.97097288598861,74.95975185756268,63.10240184517158,2023-02-06,0,2,0,58,10,11,1.1732050807568877
32,dairy,41.97097288598861,74.95975185756268,57.917993380532295,2023-02-07,1,2,0,161,12,1,1.1732050807568877
32,dairy,41.97097288598861,74.95975185756268,70.33440293648805,2023-02-08,2,2,0,41,16,14,1.1732050807568877
32,dairy,41.97097288598861,74.95975185756268,45.98835779529933,2023-02-09,3,2,0,40,8,11,1.1732050807568877
32,dairy,41.97097288598861,74.95975185756268,64.77130570081711,2023-02-10,4,2,0,63,14,9,1.1732050807568877
32,dairy,41.97097288598861,74.95975185756268,50.04887560602488,2023-02-11,5,2,1,158,12,11,1.1732050807568877
32,dairy,41.97097288598861,74.95975185756268,69.66259714392419,2023-02-12,6,2,1,48,10,5,1.1732050807568877
32,dairy,41.97097288598861,74.95975185756268,64.57673542773263,2023-02-13,0,2,0,24,18,1,1.1732050807568877
32,dairy,41.97097288598861,74.95975185756268,66.10853428876192,2023-02-14,1,2,0,120,16,1,1.1732050807568877
32,dairy,41.97097288598861,74.95975185756268,50.940835669447644,2023-02-15,2,2,0,161,24,4,1.1732050807568877
32,dairy,41.97097288598861,74.95975185756268,53.185520964910275,2023-02-16,3,2,0,176,17,10,1.1732050807568877
32,dairy,41.97097288598861,74.95975185756268,71.81909382551623,2023-02-17,4,2,0,21,16,1,1.1732050807568877
32,dairy,41.97097288598861,74.95975185756268,52.72513726444798,2023-02-18,5,2,1,123,9,3,1.1732050807568877
32,dairy,41.97097288598861,74.95975185756268,52.92568703849688,2023-02-19,6,2,1,134,26,6,1.1732050807568877
32,dairy,41.97097288598861,74.95975185756268,56.590939224862254,2023-02-20,0,2,0,101,11,14,1.1732050807568877
32,dairy,41.97097288598861,74.95975185756268,46.4368831456059,2023-02-21,1,2,0,129,22,11,1.1732050807568877
32,dairy,41.97097288598861,74.95975185756268,65.25288130605044,2023-02-22,2,2,0,74,9,9,1.1732050807568877
32,dairy,41.97097288598861,74.95975185756268,56.75809879853712,2023-02-23,3,2,0,187,8,9,1.1732050807568877
32,dairy,41.97097288598861,74.95975185756268,64.81155565315208,2023-02-24,4,2,0,164,15,9,1.1732050807568877
32,dairy,41.97097288598861,74.95975185756268,56.385896527591456,2023-02-25,5,2,1,107,23,7,1.1732050807568877
32,dairy,41.97097288598861,74.95975185756268,64.01348118220349,2023-02-26,6,2,1,21,21,2,1.1732050807568877
32,dairy,41.97097288598861,74.95975185756268,44.916802515077116,2023-02-27,0,2,0,129,20,9,1.1732050807568877
32,dairy,41.97097288598861,74.95975185756268,72.23607573528017,2023-02-28,1,2,0,197,12,5,1.1732050807568877
32,dairy,41.97097288598861,74.95975185756268,45.09499712712986,2023-03-01,2,3,0,38,14,7,1.2
32,dairy,41.97097288598861,74.95975185756268,72.59467675254423,2023-03-02,3,3,0,115,22,1,1.2
32,dairy,41.97097288598861,74.95975185756268,68.43321094073369,2023-03-03,4,3,0,48,16,2,1.2
32,dairy,41.97097288598861,74.95975185756268,58.50738231062037,2023-03-04,5,3,1,152,20,9,1.2
32,dairy,41.97097288598861,74.95975185756268,68.52984825687619,2023-03-05,6,3,1,107,6,3,1.2
32,dairy,41.97097288598861,74.95975185756268,45.92566458651463,2023-03-06,0,3,0,111,20,11,1.2
32,dairy,41.97097288598861,74.95975185756268,57.123194409843244,2023-03-07,1,3,0,124,35,1,1.2
32,dairy,41.97097288598861,74.95975185756268,58.158490354498646,2023-03-08,2,3,0,38,15,13,1.2
32,dairy,41.97097288598861,74.95975185756268,45.03170385086607,2023-03-09,3,3,0,159,21,8,1.2
32,dairy,41.97097288598861,74.95975185756268,51.77403555408624,2023-03-10,4,3,0,49,8,12,1.2
32,dairy,41.97097288598861,74.95975185756268,67.6432991807601,2023-03-11,5,3,1,53,14,10,1.2
32,dairy,41.97097288598861,74.95975185756268,67.40204997012458,2023-03-12,6,3,1,22,13,13,1.2
32,dairy,41.97097288598861,74.95975185756268,64.52847149479524,2023-03-13,0,3,0,71,17,4,1.2
32,dairy,41.97097288598861,74.95975185756268,53.6483590405954,2023-03-14,1,3,0,42,15,11,1.2
32,dairy,41.97097288598861,74.95975185756268,55.35473721264466,2023-03-15,2,3,0,131,15,10,1.2
32,dairy,41.97097288598861,74.95975185756268,72.44446789644981,2023-03-16,3,3,0,111,15,13,1.2
32,dairy,41.97097288598861,74.95975185756268,66.84658144487983,2023-03-17,4,3,0,171,6,5,1.2
32,dairy,41.97097288598861,74.95975185756268,62.175565407503655,2023-03-18,5,3,1,31,19,4,1.2
32,dairy,41.97097288598861,74.95975185756268,70.21660951411847,2023-03-19,6,3,1,147,9,9,1.2
32,dairy,41.97097288598861,74.95975185756268,74.29954890123742,2023-03-20,0,3,0,124,12,5,1.2
32,dairy,41.97097288598861,74.95975185756268,46.85914868381786,2023-03-21,1,3,0,115,12,7,1.2
32,dairy,41.97097288598861,74.95975185756268,55.05821060285281,2023-03-22,2,3,0,35,18,7,1.2
32,dairy,41.97097288598861,74.95975185756268,45.907547499410555,2023-03-23,3,3,0,150,21,1,1.2
32,dairy,41.97097288598861,74.95975185756268,49.53633949917628,2023-03-24,4,3,0,78,22,8,1.2
32,dairy,41.97097288598861,74.95975185756268,45.63040410999837,2023-03-25,5,3,1,74,21,6,1.2
32,dairy,41.97097288598861,74.95975185756268,64.1199381912756,2023-03-26,6,3,1,173,11,8,1.2
32,dairy,41.97097288598861,74.95975185756268,52.57578662379486,2023-03-27,0,3,0,82,24,2,1.2
32,dairy,41.97097288598861,74.95975185756268,58.69678587369448,2023-03-28,1,3,0,109,17,9,1.2
32,dairy,41.97097288598861,74.95975185756268,65.84102829762548,2023-03-29,2,3,0,39,12,13,1.2
32,dairy,41.97097288598861,74.95975185756268,61.96299451585485,2023-03-30,3,3,0,115,14,4,1.2
32,dairy,41.97097288598861,74.95975185756268,71.58993961892939,2023-03-31,4,3,0,68,4,9,1.2
32,dairy,41.97097288598861,74.95975185756268,48.034269076264536,2023-04-01,5,4,1,121,37,2,1.1732050807568877
32,dairy,41.97097288598861,74.95975185756268,45.43775876289685,2023-04-02,6,4,1,102,28,1,1.1732050807568877
32,dairy,41.97097288598861,74.95975185756268,47.02773556135207,2023-04-03,0,4,0,77,13,10,1.1732050807568877
32,dairy,41.97097288598861,74.95975185756268,65.8473647883282,2023-04-04,1,4,0,24,16,14,1.1732050807568877
32,dairy,41.97097288598861,74.95975185756268,57.47083168187749,2023-04-05,2,4,0,42,6,7,1.1732050807568877
32,dairy,41.97097288598861,74.95975185756268,63.11573260415094,2023-04-06,3,4,0,47,20,2,1.1732050807568877
32,dairy,41.97097288598861,74.95975185756268,62.83105872115679,2023-04-07,4,4,0,33,16,14,1.1732050807568877
32,dairy,41.97097288598861,74.95975185756268,61.920966627679235,2023-04-08,5,4,1,109,21,7,1.1732050807568877
32,dairy,41.97097288598861,74.95975185756268,72.0578694924308,2023-04-09,6,4,1,96,15,3,1.1732050807568877
32,dairy,41.97097288598861,74.95975185756268,65.65742464756393,2023-04-10,0,4,0,27,13,7,1.1732050807568877
32,dairy,41.97097288598861,74.95975185756268,55.27993655408535,2023-04-11,1,4,0,189,19,2,1.1732050807568877
32,dairy,41.97097288598861,74.95975185756268,70.68463707641709,2023-04-12,2,4,0,185,7,13,1.1732050807568877
32,dairy,41.97097288598861,74.95975185756268,49.84910707747403,2023-04-13,3,4,0,66,13,6,1.1732050807568877
32,dairy,41.97097288598861,74.95975185756268,61.53533452706348,2023-04-14,4,4,0,65,6,2,1.1732050807568877
32,dairy,41.97097288598861,74.95975185756268,52.71244968972909,2023-04-15,5,4,1,69,18,14,1.1732050807568877
32,dairy,41.97097288598861,74.95975185756268,63.171900477536994,2023-04-16,6,4,1,22,16,14,1.1732050807568877
32,dairy,41.97097288598861,74.95975185756268,74.04987395342773,2023-04-17,0,4,0,54,12,3,1.1732050807568877
32,dairy,41.97097288598861,74.95975185756268,61.554229964947965,2023-04-18,1,4,0,29,19,5,1.1732050807568877
32,dairy,41.97097288598861,74.95975185756268,64.24872750143656,2023-04-19,2,4,0,176,9,8,1.1732050807568877
32,dairy,41.97097288598861,74.95975185756268,64.82956930063258,2023-04-20,3,4,0,97,11,8,1.1732050807568877
32,dairy,41.97097288598861,74.95975185756268,68.13521801890774,2023-04-21,4,4,0,145,6,7,1.1732050807568877
32,dairy,41.97097288598861,74.95975185756268,70.96889635669004,2023-04-22,5,4,1,72,12,12,1.1732050807568877
32,dairy,41.97097288598861,74.95975185756268,69.60961543961297,2023-04-23,6,4,1,136,4,7,1.1732050807568877
32,dairy,41.97097288598861,74.95975185756268,73.64660201783812,2023-04-24,0,4,0,120,5,7,1.1732050807568877
32,dairy,41.97097288598861,74.95975185756268,67.93283004726605,2023-04-25,1,4,0,173,12,3,1.1732050807568877
32,dairy,41.97097288598861,74.95975185756268,57.13440884084857,2023-04-26,2,4,0,106,17,3,1.1732050807568877
32,dairy,41.97097288598861,74.95975185756268,66.28010967881602,2023-04-27,3,4,0,103,8,5,1.1732050807568877
32,dairy,41.97097288598861,74.95975185756268,48.93208244336422,2023-04-28,4,4,0,69,15,10,1.1732050807568877
32,dairy,41.97097288598861,74.95975185756268,64.17304537013977,2023-04-29,5,4,1,59,14,8,1.1732050807568877
32,dairy,41.97097288598861,74.95975185756268,58.254663696229535,2023-04-30,6,4,1,104,31,2,1.1732050807568877
32,dairy,41.97097288598861,74.95975185756268,49.17782536036644,2023-05-01,0,5,0,186,19,7,1.1
32,dairy,41.97097288598861,74.95975185756268,71.07050258520086,2023-05-02,1,5,0,67,7,14,1.1
32,dairy,41.97097288598861,74.95975185756268,62.44229300027536,2023-05-03,2,5,0,152,10,6,1.1
32,dairy,41.97097288598861,74.95975185756268,58.393364500851916,2023-05-04,3,5,0,102,15,5,1.1
32,dairy,41.97097288598861,74.95975185756268,57.72030870955164,2023-05-05,4,5,0,125,10,6,1.1
32,dairy,41.97097288598861,74.95975185756268,47.962143897418976,2023-05-06,5,5,1,85,8,7,1.1
32,dairy,41.97097288598861,74.95975185756268,51.159977893753265,2023-05-07,6,5,1,59,14,4,1.1
32,dairy,41.97097288598861,74.95975185756268,61.41752550272094,2023-05-08,0,5,0,188,19,8,1.1
32,dairy,41.97097288598861,74.95975185756268,67.85899203782823,2023-05-09,1,5,0,62,13,13,1.1
32,dairy,41.97097288598861,74.95975185756268,72.55012144692321,2023-05-10,2,5,0,93,5,11,1.1
32,dairy,41.97097288598861,74.95975185756268,69.95244709261908,2023-05-11,3,5,0,39,1,7,1.1
32,dairy,41.97097288598861,74.95975185756268,56.954953059531576,2023-05-12,4,5,0,173,7,14,1.1
32,dairy,41.97097288598861,74.95975185756268,55.09583772826035,2023-05-13,5,5,1,132,13,3,1.1
32,dairy,41.97097288598861,74.95975185756268,66.29809894314994,2023-05-14,6,5,1,33,2,9,1.1
32,dairy,41.97097288598861,74.95975185756268,68.86971536320281,2023-05-15,0,5,0,120,8,9,1.1
32,dairy,41.97097288598861,74.95975185756268,48.36666152809771,2023-05-16,1,5,0,42,15,13,1.1
32,dairy,41.97097288598861,74.95975185756268,69.59432356856564,2023-05-17,2,5,0,46,3,1,1.1
32,dairy,41.97097288598861,74.95975185756268,50.91992664219977,2023-05-18,3,5,0,87,10,7,1.1
32,dairy,41.97097288598861,74.95975185756268,57.220301744670756,2023-05-19,4,5,0,151,23,2,1.1
32,dairy,41.97097288598861,74.95975185756268,59.44438342041906,2023-05-20,5,5,1,186,23,13,1.1
32,dairy,41.97097288598861,74.95975185756268,64.78982899475061,2023-05-21,6,5,1,73,11,8,1.1
32,dairy,41.97097288598861,74.95975185756268,70.84606504382927,2023-05-22,0,5,0,82,10,2,1.1
32,dairy,41.97097288598861,74.95975185756268,67.15454957899289,2023-05-23,1,5,0,190,3,7,1.1
32,dairy,41.97097288598861,74.95975185756268,62.15242176100254,2023-05-24,2,5,0,21,7,14,1.1
32,dairy,41.97097288598861,74.95975185756268,70.72428760543546,2023-05-25,3,5,0,47,16,3,1.1
32,dairy,41.97097288598861,74.95975185756268,64.03181437909342,2023-05-26,4,5,0,172,17,5,1.1
32,dairy,41.97097288598861,74.95975185756268,61.090053445899265,2023-05-27,5,5,1,81,20,9,1.1
32,dairy,41.97097288598861,74.95975185756268,49.9519315154971,2023-05-28,6,5,1,74,23,12,1.1
32,dairy,41.97097288598861,74.95975185756268,50.49045460881625,2023-05-29,0,5,0,20,13,11,1.1
32,dairy,41.97097288598861,74.95975185756268,56.355382112512444,2023-05-30,1,5,0,65,10,11,1.1
32,dairy,41.97097288598861,74.95975185756268,65.80411649941041,2023-05-31,2,5,0,187,18,5,1.1
32,dairy,41.97097288598861,74.95975185756268,62.26892121723025,2023-06-01,3,6,0,55,12,7,1.0
32,dairy,41.97097288598861,74.95975185756268,57.89414171513705,2023-06-02,4,6,0,101,16,4,1.0
32,dairy,41.97097288598861,74.95975185756268,57.90111130501257,2023-06-03,5,6,1,187,7,5,1.0
32,dairy,41.97097288598861,74.95975185756268,65.59970793004189,2023-06-04,6,6,1,143,9,7,1.0
32,dairy,41.97097288598861,74.95975185756268,59.57086049207237,2023-06-05,0,6,0,69,10,4,1.0
32,dairy,41.97097288598861,74.95975185756268,51.41268610701538,2023-06-06,1,6,0,124,12,9,1.0
32,dairy,41.97097288598861,74.95975185756268,54.242830040716335,2023-06-07,2,6,0,181,17,4,1.0
32,dairy,41.97097288598861,74.95975185756268,71.28134308994153,2023-06-08,3,6,0,75,6,3,1.0
32,dairy,41.97097288598861,74.95975185756268,62.34309638965573,2023-06-09,4,6,0,49,13,6,1.0
32,dairy,41.97097288598861,74.95975185756268,65.89064713357516,2023-06-10,5,6,1,199,14,5,1.0
32,dairy,41.97097288598861,74.95975185756268,55.96632558043885,2023-06-11,6,6,1,188,16,14,1.0
32,dairy,41.97097288598861,74.95975185756268,74.02921040245634,2023-06-12,0,6,0,44,16,2,1.0
32,dairy,41.97097288598861,74.95975185756268,44.516220386350454,2023-06-13,1,6,0,171,17,10,1.0
32,dairy,41.97097288598861,74.95975185756268,72.23465965582088,2023-06-14,2,6,0,152,9,2,1.0
32,dairy,41.97097288598861,74.95975185756268,62.5126714910638,2023-06-15,3,6,0,83,9,3,1.0
32,dairy,41.97097288598861,74.95975185756268,55.03601300405163,2023-06-16,4,6,0,131,18,5,1.0
32,dairy,41.97097288598861,74.95975185756268,48.15616076115203,2023-06-17,5,6,1,176,19,3,1.0
32,dairy,41.97097288598861,74.95975185756268,72.61690045884782,2023-06-18,6,6,1,107,6,5,1.0
32,dairy,41.97097288598861,74.95975185756268,62.827867361992276,2023-06-19,0,6,0,32,4,8,1.0
32,dairy,41.97097288598861,74.95975185756268,65.78757822366245,2023-06-20,1,6,0,44,6,2,1.0
32,dairy,41.97097288598861,74.95975185756268,66.69419888545679,2023-06-21,2,6,0,40,16,11,1.0
32,dairy,41.97097288598861,74.95975185756268,68.63049635399884,2023-06-22,3,6,0,148,8,6,1.0
32,dairy,41.97097288598861,74.95975185756268,47.357283615510184,2023-06-23,4,6,0,155,9,9,1.0
32,dairy,41.97097288598861,74.95975185756268,50.74305382423304,2023-06-24,5,6,1,110,11,13,1.0
32,dairy,41.97097288598861,74.95975185756268,73.60702725908816,2023-06-25,6,6,1,192,9,5,1.0
32,dairy,41.97097288598861,74.95975185756268,67.9772648784429,2023-06-26,0,6,0,55,18,1,1.0
32,dairy,41.97097288598861,74.95975185756268,46.36241423599391,2023-06-27,1,6,0,124,10,1,1.0
32,dairy,41.97097288598861,74.95975185756268,49.80679696066809,2023-06-28,2,6,0,166,10,5,1.0
32,dairy,41.97097288598861,74.95975185756268,66.10164321462207,2023-06-29,3,6,0,133,0,12,1.0
33,beverages,41.82647455814344,65.59559739628523,54.55064280888244,2023-01-01,6,1,1,50,20,2,1.1
33,beverages,41.82647455814344,65.59559739628523,54.56232645389444,2023-01-02,0,1,0,51,17,1,1.1
33,beverages,41.82647455814344,65.59559739628523,52.28390125835236,2023-01-03,1,1,0,165,9,11,1.1
33,beverages,41.82647455814344,65.59559739628523,64.88837073243033,2023-01-04,2,1,0,103,6,3,1.1
33,beverages,41.82647455814344,65.59559739628523,54.912997027870844,2023-01-05,3,1,0,25,7,7,1.1
33,beverages,41.82647455814344,65.59559739628523,49.50396171601205,2023-01-06,4,1,0,193,18,11,1.1
33,beverages,41.82647455814344,65.59559739628523,62.65950188006938,2023-01-07,5,1,1,177,1,11,1.1
33,beverages,41.82647455814344,65.59559739628523,50.66287969262835,2023-01-08,6,1,1,51,12,7,1.1
33,beverages,41.82647455814344,65.59559739628523,45.176412269410434,2023-01-09,0,1,0,39,27,2,1.1
33,beverages,41.82647455814344,65.59559739628523,54.75272944708292,2023-01-10,1,1,0,126,16,3,1.1
33,beverages,41.82647455814344,65.59559739628523,57.73349685997211,2023-01-11,2,1,0,38,24,1,1.1
33,beverages,41.82647455814344,65.59559739628523,62.55186946019762,2023-01-12,3,1,0,163,16,14,1.1
33,beverages,41.82647455814344,65.59559739628523,61.92871709842366,2023-01-13,4,1,0,70,13,1,1.1
33,beverages,41.82647455814344,65.59559739628523,54.28568402738515,2023-01-14,5,1,1,190,13,6,1.1
33,beverages,41.82647455814344,65.59559739628523,46.843356865776435,2023-01-15,6,1,1,107,18,13,1.1
33,beverages,41.82647455814344,65.59559739628523,46.139657228150554,2023-01-16,0,1,0,92,14,6,1.1
33,beverages,41.82647455814344,65.59559739628523,57.70783220073549,2023-01-17,1,1,0,76,9,5,1.1
33,beverages,41.82647455814344,65.59559739628523,54.59693861696675,2023-01-18,2,1,0,61,11,14,1.1
33,beverages,41.82647455814344,65.59559739628523,58.373028868630534,2023-01-19,3,1,0,137,3,14,1.1
33,beverages,41.82647455814344,65.59559739628523,51.80890554002801,2023-01-20,4,1,0,167,8,8,1.1
33,beverages,41.82647455814344,65.59559739628523,46.31033077172044,2023-01-21,5,1,1,134,13,14,1.1
33,beverages,41.82647455814344,65.59559739628523,58.719574806717894,2023-01-22,6,1,1,33,6,10,1.1
33,beverages,41.82647455814344,65.59559739628523,60.79540516490897,2023-01-23,0,1,0,34,14,14,1.1
33,beverages,41.82647455814344,65.59559739628523,59.03118654070495,2023-01-24,1,1,0,173,19,6,1.1
33,beverages,41.82647455814344,65.59559739628523,49.46372801735377,2023-01-25,2,1,0,122,7,8,1.1
33,beverages,41.82647455814344,65.59559739628523,52.03959673663026,2023-01-26,3,1,0,131,22,12,1.1
33,beverages,41.82647455814344,65.59559739628523,65.56128065228958,2023-01-27,4,1,0,195,1,13,1.1
33,beverages,41.82647455814344,65.59559739628523,63.75356501621729,2023-01-28,5,1,1,92,19,6,1.1
33,beverages,41.82647455814344,65.59559739628523,50.40121796987008,2023-01-29,6,1,1,46,16,8,1.1
33,beverages,41.82647455814344,65.59559739628523,57.00840691121002,2023-01-30,0,1,0,49,7,3,1.1
33,beverages,41.82647455814344,65.59559739628523,60.986833132090965,2023-01-31,1,1,0,187,8,13,1.1
33,beverages,41.82647455814344,65.59559739628523,49.88521790009167,2023-02-01,2,2,0,102,11,5,1.1732050807568877
33,beverages,41.82647455814344,65.59559739628523,62.867024375955296,2023-02-02,3,2,0,124,5,10,1.1732050807568877
33,beverages,41.82647455814344,65.59559739628523,52.85937336426755,2023-02-03,4,2,0,185,15,14,1.1732050807568877
33,beverages,41.82647455814344,65.59559739628523,45.414262639849554,2023-02-04,5,2,1,191,17,14,1.1732050807568877
33,beverages,41.82647455814344,65.59559739628523,46.96962935067016,2023-02-05,6,2,1,156,29,3,1.1732050807568877
33,beverages,41.82647455814344,65.59559739628523,62.40538989733048,2023-02-06,0,2,0,135,9,11,1.1732050807568877
33,beverages,41.82647455814344,65.59559739628523,64.08110136289208,2023-02-07,1,2,0,55,12,14,1.1732050807568877
33,beverages,41.82647455814344,65.59559739628523,63.05491155192513,2023-02-08,2,2,0,88,14,8,1.1732050807568877
33,beverages,41.82647455814344,65.59559739628523,44.64367621427747,2023-02-09,3,2,0,57,16,7,1.1732050807568877
33,beverages,41.82647455814344,65.59559739628523,52.64128790214666,2023-02-10,4,2,0,110,15,9,1.1732050807568877
33,beverages,41.82647455814344,65.59559739628523,60.75802931013328,2023-02-11,5,2,1,83,23,4,1.1732050807568877
33,beverages,41.82647455814344,65.59559739628523,46.56572427617735,2023-02-12,6,2,1,94,11,7,1.1732050807568877
33,beverages,41.82647455814344,65.59559739628523,51.42223884287725,2023-02-13,0,2,0,65,12,1,1.1732050807568877
33,beverages,41.82647455814344,65.59559739628523,53.703131637961306,2023-02-14,1,2,0,34,12,3,1.1732050807568877
33,beverages,41.82647455814344,65.59559739628523,50.6898838483066,2023-02-15,2,2,0,53,10,10,1.1732050807568877
33,beverages,41.82647455814344,65.59559739628523,58.710681117271626,2023-02-16,3,2,0,160,4,10,1.1732050807568877
33,beverages,41.82647455814344,65.59559739628523,50.77555459484343,2023-02-17,4,2,0,161,20,11,1.1732050807568877
33,beverages,41.82647455814344,65.59559739628523,45.66417911171165,2023-02-18,5,2,1,150,31,10,1.1732050807568877
33,beverages,41.82647455814344,65.59559739628523,44.02120694118436,2023-02-19,6,2,1,113,8,8,1.1732050807568877
33,beverages,41.82647455814344,65.59559739628523,60.67827042201921,2023-02-20,0,2,0,121,3,9,1.1732050807568877
33,beverages,41.82647455814344,65.59559739628523,53.99148631461272,2023-02-21,1,2,0,33,12,7,1.1732050807568877
33,beverages,41.82647455814344,65.59559739628523,49.29522480556675,2023-02-22,2,2,0,152,37,1,1.1732050807568877
33,beverages,41.82647455814344,65.59559739628523,64.10954473043216,2023-02-23,3,2,0,181,13,6,1.1732050807568877
33,beverages,41.82647455814344,65.59559739628523,52.886771561061224,2023-02-24,4,2,0,55,20,12,1.1732050807568877
33,beverages,41.82647455814344,65.59559739628523,50.682854484383355,2023-02-25,5,2,1,103,17,11,1.1732050807568877
33,beverages,41.82647455814344,65.59559739628523,46.99879964044588,2023-02-26,6,2,1,128,13,6,1.1732050807568877
33,beverages,41.82647455814344,65.59559739628523,54.75824239896102,2023-02-27,0,2,0,39,11,3,1.1732050807568877
33,beverages,41.82647455814344,65.59559739628523,65.10245771224417,2023-02-28,1,2,0,192,9,14,1.1732050807568877
33,beverages,41.82647455814344,65.59559739628523,59.62126100179307,2023-03-01,2,3,0,160,11,9,1.2
33,beverages,41.82647455814344,65.59559739628523,61.18102691285854,2023-03-02,3,3,0,153,7,9,1.2
33,beverages,41.82647455814344,65.59559739628523,57.03756469826081,2023-03-03,4,3,0,171,16,11,1.2
33,beverages,41.82647455814344,65.59559739628523,45.3888641081744,2023-03-04,5,3,1,54,22,8,1.2
33,beverages,41.82647455814344,65.59559739628523,47.487805324504905,2023-03-05,6,3,1,139,27,5,1.2
33,beverages,41.82647455814344,65.59559739628523,59.636040853009675,2023-03-06,0,3,0,140,19,9,1.2
33,beverages,41.82647455814344,65.59559739628523,50.48109340463753,2023-03-07,1,3,0,187,20,9,1.2
33,beverages,41.82647455814344,65.59559739628523,52.20994465119791,2023-03-08,2,3,0,144,17,11,1.2
33,beverages,41.82647455814344,65.59559739628523,63.31783549966712,2023-03-09,3,3,0,79,10,12,1.2
33,beverages,41.82647455814344,65.59559739628523,60.452312632956236,2023-03-10,4,3,0,74,9,9,1.2
33,beverages,41.82647455814344,65.59559739628523,61.945915030473145,2023-03-11,5,3,1,123,18,9,1.2
33,beverages,41.82647455814344,65.59559739628523,62.37880061537372,2023-03-12,6,3,1,180,12,11,1.2
33,beverages,41.82647455814344,65.59559739628523,46.1333389783655,2023-03-13,0,3,0,166,17,4,1.2
33,beverages,41.82647455814344,65.59559739628523,63.147639413249536,2023-03-14,1,3,0,189,14,12,1.2
33,beverages,41.82647455814344,65.59559739628523,63.597004284351826,2023-03-15,2,3,0,172,12,2,1.2
33,beverages,41.82647455814344,65.59559739628523,47.73813834811268,2023-03-16,3,3,0,38,12,12,1.2
33,beverages,41.82647455814344,65.59559739628523,59.98634888479984,2023-03-17,4,3,0,139,4,11,1.2
33,beverages,41.82647455814344,65.59559739628523,57.136759275480514,2023-03-18,5,3,1,20,20,3,1.2
33,beverages,41.82647455814344,65.59559739628523,57.986801497127026,2023-03-19,6,3,1,143,25,5,1.2
33,beverages,41.82647455814344,65.59559739628523,56.788725872043216,2023-03-20,0,3,0,140,14,8,1.2
33,beverages,41.82647455814344,65.59559739628523,50.86178497991543,2023-03-21,1,3,0,144,11,13,1.2
33,beverages,41.82647455814344,65.59559739628523,44.84639603146094,2023-03-22,2,3,0,101,20,11,1.2
33,beverages,41.82647455814344,65.59559739628523,65.55004170571333,2023-03-23,3,3,0,104,18,8,1.2
33,beverages,41.82647455814344,65.59559739628523,58.98074879424864,2023-03-24,4,3,0,45,19,1,1.2
33,beverages,41.82647455814344,65.59559739628523,44.117658797232444,2023-03-25,5,3,1,59,11,8,1.2
33,beverages,41.82647455814344,65.59559739628523,50.832881239990016,2023-03-26,6,3,1,24,8,5,1.2
33,beverages,41.82647455814344,65.59559739628523,62.13421779541724,2023-03-27,0,3,0,34,14,1,1.2
33,beverages,41.82647455814344,65.59559739628523,45.609341177852365,2023-03-28,1,3,0,130,23,6,1.2
33,beverages,41.82647455814344,65.59559739628523,61.7086810929344,2023-03-29,2,3,0,132,15,13,1.2
33,beverages,41.82647455814344,65.59559739628523,57.04759282130419,2023-03-30,3,3,0,80,12,11,1.2
33,beverages,41.82647455814344,65.59559739628523,46.780334979298985,2023-03-31,4,3,0,24,8,3,1.2
33,beverages,41.82647455814344,65.59559739628523,55.34761889536541,2023-04-01,5,4,1,176,22,4,1.1732050807568877
33,beverages,41.82647455814344,65.59559739628523,50.206366724274474,2023-04-02,6,4,1,24,22,1,1.1732050807568877
33,beverages,41.82647455814344,65.59559739628523,49.246054490576526,2023-04-03,0,4,0,107,12,7,1.1732050807568877
33,beverages,41.82647455814344,65.59559739628523,53.73205777052024,2023-04-04,1,4,0,46,18,12,1.1732050807568877
33,beverages,41.82647455814344,65.59559739628523,52.844223669018106,2023-04-05,2,4,0,186,7,10,1.1732050807568877
33,beverages,41.82647455814344,65.59559739628523,44.82026943109856,2023-04-06,3,4,0,138,4,7,1.1732050807568877
33,beverages,41.82647455814344,65.59559739628523,52.40028500566066,2023-04-07,4,4,0,56,12,2,1.1732050807568877
33,beverages,41.82647455814344,65.59559739628523,52.10443973213175,2023-04-08,5,4,1,22,13,8,1.1732050807568877
33,beverages,41.82647455814344,65.59559739628523,63.928454243690624,2023-04-09,6,4,1,74,22,1,1.1732050807568877
33,beverages,41.82647455814344,65.59559739628523,45.999999960103615,2023-04-10,0,4,0,72,17,9,1.1732050807568877
33,beverages,41.82647455814344,65.59559739628523,50.22700712113235,2023-04-11,1,4,0,88,11,8,1.1732050807568877
33,beverages,41.82647455814344,65.59559739628523,53.40617108527427,2023-04-12,2,4,0,117,17,9,1.1732050807568877
33,beverages,41.82647455814344,65.59559739628523,64.61059604002465,2023-04-13,3,4,0,178,12,11,1.1732050807568877
33,beverages,41.82647455814344,65.59559739628523,53.95119975376836,2023-04-14,4,4,0,94,14,7,1.1732050807568877
33,beverages,41.82647455814344,65.59559739628523,54.314223281165255,2023-04-15,5,4,1,76,5,7,1.1732050807568877
33,beverages,41.82647455814344,65.59559739628523,56.0297757748977,2023-04-16,6,4,1,56,17,6,1.1732050807568877
33,beverages,41.82647455814344,65.59559739628523,49.01664911409294,2023-04-17,0,4,0,52,5,9,1.1732050807568877
33,beverages,41.82647455814344,65.59559739628523,59.7349655693484,2023-04-18,1,4,0,34,12,4,1.1732050807568877
33,beverages,41.82647455814344,65.59559739628523,58.88992553548987,2023-04-19,2,4,0,90,9,7,1.1732050807568877
33,beverages,41.82647455814344,65.59559739628523,52.614756759507245,2023-04-20,3,4,0,29,11,8,1.1732050807568877
33,beverages,41.82647455814344,65.59559739628523,55.461941013872774,2023-04-21,4,4,0,105,18,13,1.1732050807568877
33,beverages,41.82647455814344,65.59559739628523,56.2697690692451,2023-04-22,5,4,1,95,9,9,1.1732050807568877
33,beverages,41.82647455814344,65.59559739628523,64.81123641459523,2023-04-23,6,4,1,44,11,12,1.1732050807568877
33,beverages,41.82647455814344,65.59559739628523,58.87533890146612,2023-04-24,0,4,0,173,23,2,1.1732050807568877
33,beverages,41.82647455814344,65.59559739628523,65.47878688125482,2023-04-25,1,4,0,42,10,9,1.1732050807568877
33,beverages,41.82647455814344,65.59559739628523,55.506859262025294,2023-04-26,2,4,0,71,19,9,1.1732050807568877
33,beverages,41.82647455814344,65.59559739628523,64.7474395460558,2023-04-27,3,4,0,190,10,12,1.1732050807568877
33,beverages,41.82647455814344,65.59559739628523,60.032133484103625,2023-04-28,4,4,0,158,1,14,1.1732050807568877
33,beverages,41.82647455814344,65.59559739628523,64.04046505002543,2023-04-29,5,4,1,159,15,12,1.1732050807568877
33,beverages,41.82647455814344,65.59559739628523,60.12969684091459,2023-04-30,6,4,1,31,11,11,1.1732050807568877
33,beverages,41.82647455814344,65.59559739628523,47.97834804438959,2023-05-01,0,5,0,102,7,13,1.1
33,beverages,41.82647455814344,65.59559739628523,57.96325723008268,2023-05-02,1,5,0,36,5,12,1.1
33,beverages,41.82647455814344,65.59559739628523,56.26455492263297,2023-05-03,2,5,0,24,17,1,1.1
33,beverages,41.82647455814344,65.59559739628523,46.684084514640475,2023-05-04,3,5,0,50,15,4,1.1
33,beverages,41.82647455814344,65.59559739628523,59.82544173663938,2023-05-05,4,5,0,175,8,6,1.1
33,beverages,41.82647455814344,65.59559739628523,52.00255342167897,2023-05-06,5,5,1,26,11,4,1.1
33,beverages,41.82647455814344,65.59559739628523,53.34357118544931,2023-05-07,6,5,1,56,11,1,1.1
33,beverages,41.82647455814344,65.59559739628523,47.32576342400739,2023-05-08,0,5,0,119,9,13,1.1
33,beverages,41.82647455814344,65.59559739628523,49.50294203623017,2023-05-09,1,5,0,66,32,1,1.1
33,beverages,41.82647455814344,65.59559739628523,65.32372192204537,2023-05-10,2,5,0,86,5,9,1.1
33,beverages,41.82647455814344,65.59559739628523,51.05153171931311,2023-05-11,3,5,0,191,17,3,1.1
33,beverages,41.82647455814344,65.59559739628523,45.74747818527563,2023-05-12,4,5,0,51,10,9,1.1
33,beverages,41.82647455814344,65.59559739628523,56.404918861794876,2023-05-13,5,5,1,106,8,10,1.1
33,beverages,41.82647455814344,65.59559739628523,57.68251005913524,2023-05-14,6,5,1,117,18,8,1.1
33,beverages,41.82647455814344,65.59559739628523,52.17606632116822,2023-05-15,0,5,0,108,13,3,1.1
33,beverages,41.82647455814344,65.59559739628523,49.23273536576799,2023-05-16,1,5,0,28,25,2,1.1
33,beverages,41.82647455814344,65.59559739628523,51.5143264722101,2023-05-17,2,5,0,109,4,7,1.1
33,beverages,41.82647455814344,65.59559739628523,58.06277407563092,2023-05-18,3,5,0,33,10,7,1.1
33,beverages,41.82647455814344,65.59559739628523,48.99357332380255,2023-05-19,4,5,0,60,11,10,1.1
33,beverages,41.82647455814344,65.59559739628523,47.13620336354918,2023-05-20,5,5,1,101,13,13,1.1
33,beverages,41.82647455814344,65.59559739628523,50.05093545900104,2023-05-21,6,5,1,171,27,3,1.1
33,beverages,41.82647455814344,65.59559739628523,65.5797213370322,2023-05-22,0,5,0,169,10,14,1.1
33,beverages,41.82647455814344,65.59559739628523,64.6166585054632,2023-05-23,1,5,0,121,10,14,1.1
33,beverages,41.82647455814344,65.59559739628523,52.670010165215956,2023-05-24,2,5,0,117,11,14,1.1
33,beverages,41.82647455814344,65.59559739628523,56.707810035198634,2023-05-25,3,5,0,173,2,11,1.1
33,beverages,41.82647455814344,65.59559739628523,49.7353793752805,2023-05-26,4,5,0,97,7,10,1.1
33,beverages,41.82647455814344,65.59559739628523,62.32018085689317,2023-05-27,5,5,1,48,18,9,1.1
33,beverages,41.82647455814344,65.59559739628523,53.39833169351016,2023-05-28,6,5,1,150,22,3,1.1
33,beverages,41.82647455814344,65.59559739628523,53.54552652621968,2023-05-29,0,5,0,173,18,13,1.1
33,beverages,41.82647455814344,65.59559739628523,54.65283082257818,2023-05-30,1,5,0,113,9,7,1.1
33,beverages,41.82647455814344,65.59559739628523,48.74246116370182,2023-05-31,2,5,0,60,6,4,1.1
33,beverages,41.82647455814344,65.59559739628523,47.85032700996606,2023-06-01,3,6,0,96,14,6,1.0
33,beverages,41.82647455814344,65.59559739628523,58.99573909261941,2023-06-02,4,6,0,31,8,12,1.0
33,beverages,41.82647455814344,65.59559739628523,53.3433748053632,2023-06-03,5,6,1,44,17,5,1.0
33,beverages,41.82647455814344,65.59559739628523,47.41348099294741,2023-06-04,6,6,1,101,21,3,1.0
33,beverages,41.82647455814344,65.59559739628523,53.90000907218889,2023-06-05,0,6,0,66,14,1,1.0
33,beverages,41.82647455814344,65.59559739628523,52.24022100408984,2023-06-06,1,6,0,78,6,14,1.0
33,beverages,41.82647455814344,65.59559739628523,54.23209366780116,2023-06-07,2,6,0,172,14,4,1.0
33,beverages,41.82647455814344,65.59559739628523,56.632024731717294,2023-06-08,3,6,0,37,11,8,1.0
33,beverages,41.82647455814344,65.59559739628523,44.48641991502389,2023-06-09,4,6,0,166,18,12,1.0
33,beverages,41.82647455814344,65.59559739628523,55.239406764873934,2023-06-10,5,6,1,52,10,8,1.0
33,beverages,41.82647455814344,65.59559739628523,49.2814308823016,2023-06-11,6,6,1,130,8,9,1.0
33,beverages,41.82647455814344,65.59559739628523,62.37832024715567,2023-06-12,0,6,0,184,6,10,1.0
33,beverages,41.82647455814344,65.59559739628523,61.29535928175365,2023-06-13,1,6,0,198,19,3,1.0
33,beverages,41.82647455814344,65.59559739628523,45.85873416672987,2023-06-14,2,6,0,130,36,1,1.0
33,beverages,41.82647455814344,65.59559739628523,60.60941377261499,2023-06-15,3,6,0,147,11,8,1.0
33,beverages,41.82647455814344,65.59559739628523,57.536322283263964,2023-06-16,4,6,0,22,5,14,1.0
33,beverages,41.82647455814344,65.59559739628523,47.33291957277924,2023-06-17,5,6,1,75,12,6,1.0
33,beverages,41.82647455814344,65.59559739628523,45.82386583969952,2023-06-18,6,6,1,188,9,11,1.0
33,beverages,41.82647455814344,65.59559739628523,63.713292623928346,2023-06-19,0,6,0,65,9,14,1.0
33,beverages,41.82647455814344,65.59559739628523,58.548320304347946,2023-06-20,1,6,0,56,16,9,1.0
33,beverages,41.82647455814344,65.59559739628523,58.97861216371025,2023-06-21,2,6,0,152,5,13,1.0
33,beverages,41.82647455814344,65.59559739628523,47.506706250384404,2023-06-22,3,6,0,90,16,5,1.0
33,beverages,41.82647455814344,65.59559739628523,44.48212883923382,2023-06-23,4,6,0,52,15,13,1.0
33,beverages,41.82647455814344,65.59559739628523,54.44922614219827,2023-06-24,5,6,1,153,5,2,1.0
33,beverages,41.82647455814344,65.59559739628523,65.38094641383731,2023-06-25,6,6,1,40,31,1,1.0
33,beverages,41.82647455814344,65.59559739628523,55.06155807301474,2023-06-26,0,6,0,94,14,5,1.0
33,beverages,41.82647455814344,65.59559739628523,64.23943807504756,2023-06-27,1,6,0,112,11,7,1.0
33,beverages,41.82647455814344,65.59559739628523,47.82287070071031,2023-06-28,2,6,0,94,11,5,1.0
33,beverages,41.82647455814344,65.59559739628523,57.91496949689241,2023-06-29,3,6,0,93,5,9,1.0
34,grocery,35.93545898926904,45.37139877469017,40.501210756190375,2023-01-01,6,1,1,51,18,14,1.1
34,grocery,35.93545898926904,45.37139877469017,43.43613176409738,2023-01-02,0,1,0,141,24,3,1.1
34,grocery,35.93545898926904,45.37139877469017,38.897928602246864,2023-01-03,1,1,0,23,19,12,1.1
34,grocery,35.93545898926904,45.37139877469017,43.51366167035115,2023-01-04,2,1,0,37,13,4,1.1
34,grocery,35.93545898926904,45.37139877469017,42.84423272607961,2023-01-05,3,1,0,199,15,13,1.1
34,grocery,35.93545898926904,45.37139877469017,43.38564746322145,2023-01-06,4,1,0,97,7,6,1.1
34,grocery,35.93545898926904,45.37139877469017,44.57006212860851,2023-01-07,5,1,1,190,19,3,1.1
34,grocery,35.93545898926904,45.37139877469017,41.99401560574611,2023-01-08,6,1,1,71,14,13,1.1
34,grocery,35.93545898926904,45.37139877469017,43.82289470895246,2023-01-09,0,1,0,85,9,1,1.1
34,grocery,35.93545898926904,45.37139877469017,39.07158920380829,2023-01-10,1,1,0,57,18,14,1.1
34,grocery,35.93545898926904,45.37139877469017,40.747876969090896,2023-01-11,2,1,0,197,19,7,1.1
34,grocery,35.93545898926904,45.37139877469017,41.52785782752377,2023-01-12,3,1,0,186,12,10,1.1
34,grocery,35.93545898926904,45.37139877469017,41.72396578103366,2023-01-13,4,1,0,101,6,12,1.1
34,grocery,35.93545898926904,45.37139877469017,42.166080939051085,2023-01-14,5,1,1,51,16,11,1.1
34,grocery,35.93545898926904,45.37139877469017,39.317470781920235,2023-01-15,6,1,1,133,12,8,1.1
34,grocery,35.93545898926904,45.37139877469017,42.201465750560565,2023-01-16,0,1,0,49,12,12,1.1
34,grocery,35.93545898926904,45.37139877469017,40.948535980834464,2023-01-17,1,1,0,115,13,4,1.1
34,grocery,35.93545898926904,45.37139877469017,44.54706264783261,2023-01-18,2,1,0,162,12,10,1.1
34,grocery,35.93545898926904,45.37139877469017,40.12952620509937,2023-01-19,3,1,0,35,31,1,1.1
34,grocery,35.93545898926904,45.37139877469017,40.0581588703699,2023-01-20,4,1,0,61,14,5,1.1
34,grocery,35.93545898926904,45.37139877469017,42.057620214333355,2023-01-21,5,1,1,28,14,7,1.1
34,grocery,35.93545898926904,45.37139877469017,44.29998955055452,2023-01-22,6,1,1,41,26,4,1.1
34,grocery,35.93545898926904,45.37139877469017,42.29870862469879,2023-01-23,0,1,0,179,7,12,1.1
34,grocery,35.93545898926904,45.37139877469017,44.87202047046937,2023-01-24,1,1,0,69,8,10,1.1
34,grocery,35.93545898926904,45.37139877469017,39.16283564766025,2023-01-25,2,1,0,116,13,12,1.1
34,grocery,35.93545898926904,45.37139877469017,39.39361557942606,2023-01-26,3,1,0,143,9,13,1.1
34,grocery,35.93545898926904,45.37139877469017,44.5485334825074,2023-01-27,4,1,0,50,12,13,1.1
34,grocery,35.93545898926904,45.37139877469017,44.73381313662632,2023-01-28,5,1,1,71,12,12,1.1
34,grocery,35.93545898926904,45.37139877469017,44.60349651204627,2023-01-29,6,1,1,86,21,1,1.1
34,grocery,35.93545898926904,45.37139877469017,41.378892979459415,2023-01-30,0,1,0,26,19,8,1.1
34,grocery,35.93545898926904,45.37139877469017,41.432081366522894,2023-01-31,1,1,0,84,20,6,1.1
34,grocery,35.93545898926904,45.37139877469017,42.3668683439904,2023-02-01,2,2,0,93,18,9,1.1732050807568877
34,grocery,35.93545898926904,45.37139877469017,37.909050732544635,2023-02-02,3,2,0,179,20,2,1.1732050807568877
34,grocery,35.93545898926904,45.37139877469017,37.81044174847748,2023-02-03,4,2,0,150,12,8,1.1732050807568877
34,grocery,35.93545898926904,45.37139877469017,39.0078685481883,2023-02-04,5,2,1,47,29,3,1.1732050807568877
34,grocery,35.93545898926904,45.37139877469017,39.4606922785384,2023-02-05,6,2,1,151,23,11,1.1732050807568877
34,grocery,35.93545898926904,45.37139877469017,41.37765908104723,2023-02-06,0,2,0,25,10,4,1.1732050807568877
34,grocery,35.93545898926904,45.37139877469017,40.97219806562227,2023-02-07,1,2,0,181,17,3,1.1732050807568877
34,grocery,35.93545898926904,45.37139877469017,42.30121411751795,2023-02-08,2,2,0,180,4,11,1.1732050807568877
34,grocery,35.93545898926904,45.37139877469017,41.637410918767685,2023-02-09,3,2,0,59,6,12,1.1732050807568877
34,grocery,35.93545898926904,45.37139877469017,40.223452192463824,2023-02-10,4,2,0,29,23,14,1.1732050807568877
34,grocery,35.93545898926904,45.37139877469017,39.90439161147726,2023-02-11,5,2,1,126,24,7,1.1732050807568877
34,grocery,35.93545898926904,45.37139877469017,38.594391855354985,2023-02-12,6,2,1,171,26,13,1.1732050807568877
34,grocery,35.93545898926904,45.37139877469017,38.41273022945774,2023-02-13,0,2,0,28,20,10,1.1732050807568877
34,grocery,35.93545898926904,45.37139877469017,41.14067222605096,2023-02-14,1,2,0,91,11,10,1.1732050807568877
34,grocery,35.93545898926904,45.37139877469017,40.578407329382,2023-02-15,2,2,0,80,10,7,1.1732050807568877
34,grocery,35.93545898926904,45.37139877469017,43.34332812121929,2023-02-16,3,2,0,84,12,5,1.1732050807568877
34,grocery,35.93545898926904,45.37139877469017,39.506716341367095,2023-02-17,4,2,0,45,18,11,1.1732050807568877
34,grocery,35.93545898926904,45.37139877469017,40.22573304288877,2023-02-18,5,2,1,134,22,10,1.1732050807568877
34,grocery,35.93545898926904,45.37139877469017,39.7816184697476,2023-02-19,6,2,1,138,31,2,1.1732050807568877
34,grocery,35.93545898926904,45.37139877469017,42.814427494677716,2023-02-20,0,2,0,97,19,4,1.1732050807568877
34,grocery,35.93545898926904,45.37139877469017,42.312513353943785,2023-02-21,1,2,0,67,19,6,1.1732050807568877
34,grocery,35.93545898926904,45.37139877469017,38.15799999467729,2023-02-22,2,2,0,136,14,3,1.1732050807568877
34,grocery,35.93545898926904,45.37139877469017,45.34865776964371,2023-02-23,3,2,0,24,4,4,1.1732050807568877
34,grocery,35.93545898926904,45.37139877469017,42.419673126692665,2023-02-24,4,2,0,127,13,14,1.1732050807568877
34,grocery,35.93545898926904,45.37139877469017,41.477180789456824,2023-02-25,5,2,1,26,4,14,1.1732050807568877
34,grocery,35.93545898926904,45.37139877469017,38.54107876694368,2023-02-26,6,2,1,20,20,10,1.1732050807568877
34,grocery,35.93545898926904,45.37139877469017,45.015274066172985,2023-02-27,0,2,0,45,12,5,1.1732050807568877
34,grocery,35.93545898926904,45.37139877469017,43.29676376127737,2023-02-28,1,2,0,85,24,3,1.1732050807568877
34,grocery,35.93545898926904,45.37139877469017,41.71165161456674,2023-03-01,2,3,0,20,12,14,1.2
34,grocery,35.93545898926904,45.37139877469017,37.81159867518727,2023-03-02,3,3,0,66,20,10,1.2
34,grocery,35.93545898926904,45.37139877469017,37.84368604481722,2023-03-03,4,3,0,87,20,5,1.2
34,grocery,35.93545898926904,45.37139877469017,45.05887502321836,2023-03-04,5,3,1,58,9,10,1.2
34,grocery,35.93545898926904,45.37139877469017,45.31020477396625,2023-03-05,6,3,1,165,8,6,1.2
34,grocery,35.93545898926904,45.37139877469017,39.29331463083069,2023-03-06,0,3,0,71,37,1,1.2
34,grocery,35.93545898926904,45.37139877469017,42.254098357831744,2023-03-07,1,3,0,44,18,9,1.2
34,grocery,35.93545898926904,45.37139877469017,45.310768919350885,2023-03-08,2,3,0,23,16,3,1.2
34,grocery,35.93545898926904,45.37139877469017,42.11572918023265,2023-03-09,3,3,0,148,16,12,1.2
34,grocery,35.93545898926904,45.37139877469017,40.70957746330777,2023-03-10,4,3,0,84,21,11,1.2
34,grocery,35.93545898926904,45.37139877469017,38.60083193538851,2023-03-11,5,3,1,83,20,6,1.2
34,grocery,35.93545898926904,45.37139877469017,43.47054103447847,2023-03-12,6,3,1,144,22,4,1.2
34,grocery,35.93545898926904,45.37139877469017,45.2347664762319,2023-03-13,0,3,0,176,15,1,1.2
34,grocery,35.93545898926904,45.37139877469017,38.17237449525768,2023-03-14,1,3,0,180,16,6,1.2
34,grocery,35.93545898926904,45.37139877469017,44.30100608522008,2023-03-15,2,3,0,31,25,1,1.2
34,grocery,35.93545898926904,45.37139877469017,37.8116079701628,2023-03-16,3,3,0,23,10,4,1.2
34,grocery,35.93545898926904,45.37139877469017,39.752553444956256,2023-03-17,4,3,0,79,6,14,1.2
34,grocery,35.93545898926904,45.37139877469017,45.17963039195955,2023-03-18,5,3,1,74,24,6,1.2
34,grocery,35.93545898926904,45.37139877469017,38.29882855170914,2023-03-19,6,3,1,25,25,1,1.2
34,grocery,35.93545898926904,45.37139877469017,45.319124248042954,2023-03-20,0,3,0,96,9,6,1.2
34,grocery,35.93545898926904,45.37139877469017,38.91151679336974,2023-03-21,1,3,0,91,18,10,1.2
34,grocery,35.93545898926904,45.37139877469017,38.81131075747679,2023-03-22,2,3,0,62,23,14,1.2
34,grocery,35.93545898926904,45.37139877469017,42.13992883349578,2023-03-23,3,3,0,54,12,7,1.2
34,grocery,35.93545898926904,45.37139877469017,38.2693921218395,2023-03-24,4,3,0,135,26,10,1.2
34,grocery,35.93545898926904,45.37139877469017,40.15683037924817,2023-03-25,5,3,1,143,9,13,1.2
34,grocery,35.93545898926904,45.37139877469017,42.20562603086748,2023-03-26,6,3,1,66,25,4,1.2
34,grocery,35.93545898926904,45.37139877469017,42.500570638551984,2023-03-27,0,3,0,138,15,6,1.2
34,grocery,35.93545898926904,45.37139877469017,40.62580068112627,2023-03-28,1,3,0,47,13,9,1.2
34,grocery,35.93545898926904,45.37139877469017,40.57569042967832,2023-03-29,2,3,0,33,6,11,1.2
34,grocery,35.93545898926904,45.37139877469017,44.018213447818155,2023-03-30,3,3,0,190,29,1,1.2
34,grocery,35.93545898926904,45.37139877469017,43.255418122653026,2023-03-31,4,3,0,101,7,12,1.2
34,grocery,35.93545898926904,45.37139877469017,39.670317651235464,2023-04-01,5,4,1,178,23,9,1.1732050807568877
34,grocery,35.93545898926904,45.37139877469017,43.91307594101079,2023-04-02,6,4,1,97,22,10,1.1732050807568877
34,grocery,35.93545898926904,45.37139877469017,38.49770517249973,2023-04-03,0,4,0,170,13,13,1.1732050807568877
34,grocery,35.93545898926904,45.37139877469017,42.598282195052214,2023-04-04,1,4,0,128,8,8,1.1732050807568877
34,grocery,35.93545898926904,45.37139877469017,45.04837239363992,2023-04-05,2,4,0,125,12,7,1.1732050807568877
34,grocery,35.93545898926904,45.37139877469017,39.63029450688779,2023-04-06,3,4,0,175,18,10,1.1732050807568877
34,grocery,35.93545898926904,45.37139877469017,42.63440172327956,2023-04-07,4,4,0,168,9,11,1.1732050807568877
34,grocery,35.93545898926904,45.37139877469017,40.92935483097632,2023-04-08,5,4,1,127,19,5,1.1732050807568877
34,grocery,35.93545898926904,45.37139877469017,39.157747968079775,2023-04-09,6,4,1,117,23,12,1.1732050807568877
34,grocery,35.93545898926904,45.37139877469017,40.06376113743255,2023-04-10,0,4,0,96,16,10,1.1732050807568877
34,grocery,35.93545898926904,45.37139877469017,40.964695893852856,2023-04-11,1,4,0,131,17,9,1.1732050807568877
34,grocery,35.93545898926904,45.37139877469017,42.38823154154838,2023-04-12,2,4,0,146,7,14,1.1732050807568877
34,grocery,35.93545898926904,45.37139877469017,40.86363681360753,2023-04-13,3,4,0,55,15,11,1.1732050807568877
34,grocery,35.93545898926904,45.37139877469017,39.903925299725366,2023-04-14,4,4,0,95,26,4,1.1732050807568877
34,grocery,35.93545898926904,45.37139877469017,39.4936332530468,2023-04-15,5,4,1,87,30,2,1.1732050807568877
34,grocery,35.93545898926904,45.37139877469017,40.494744881197825,2023-04-16,6,4,1,87,13,11,1.1732050807568877
34,grocery,35.93545898926904,45.37139877469017,39.0011025930529,2023-04-17,0,4,0,117,22,9,1.1732050807568877
34,grocery,35.93545898926904,45.37139877469017,39.804591989442635,2023-04-18,1,4,0,43,12,14,1.1732050807568877
34,grocery,35.93545898926904,45.37139877469017,41.13309387392894,2023-04-19,2,4,0,176,17,14,1.1732050807568877
34,grocery,35.93545898926904,45.37139877469017,39.30396134924387,2023-04-20,3,4,0,71,8,5,1.1732050807568877
34,grocery,35.93545898926904,45.37139877469017,39.60367667976005,2023-04-21,4,4,0,195,21,6,1.1732050807568877
34,grocery,35.93545898926904,45.37139877469017,38.396743243357456,2023-04-22,5,4,1,156,9,14,1.1732050807568877
34,grocery,35.93545898926904,45.37139877469017,38.49325934390217,2023-04-23,6,4,1,45,9,12,1.1732050807568877
34,grocery,35.93545898926904,45.37139877469017,41.652716960706485,2023-04-24,0,4,0,82,21,8,1.1732050807568877
34,grocery,35.93545898926904,45.37139877469017,44.10297718725049,2023-04-25,1,4,0,199,26,2,1.1732050807568877
34,grocery,35.93545898926904,45.37139877469017,41.215981271564026,2023-04-26,2,4,0,144,16,9,1.1732050807568877
34,grocery,35.93545898926904,45.37139877469017,39.97842420173073,2023-04-27,3,4,0,87,16,8,1.1732050807568877
34,grocery,35.93545898926904,45.37139877469017,43.85534708065618,2023-04-28,4,4,0,91,6,7,1.1732050807568877
34,grocery,35.93545898926904,45.37139877469017,38.08142196798882,2023-04-29,5,4,1,143,20,8,1.1732050807568877
34,grocery,35.93545898926904,45.37139877469017,42.727418765454885,2023-04-30,6,4,1,45,19,3,1.1732050807568877
34,grocery,35.93545898926904,45.37139877469017,45.107053954417545,2023-05-01,0,5,0,30,10,14,1.1
34,grocery,35.93545898926904,45.37139877469017,45.34955215446438,2023-05-02,1,5,0,189,12,7,1.1
34,grocery,35.93545898926904,45.37139877469017,44.982026942665286,2023-05-03,2,5,0,119,16,12,1.1
34,grocery,35.93545898926904,45.37139877469017,43.30196817721005,2023-05-04,3,5,0,175,10,4,1.1
34,grocery,35.93545898926904,45.37139877469017,42.212632939237096,2023-05-05,4,5,0,114,12,12,1.1
34,grocery,35.93545898926904,45.37139877469017,40.26126464552436,2023-05-06,5,5,1,64,14,8,1.1
34,grocery,35.93545898926904,45.37139877469017,38.39393831950541,2023-05-07,6,5,1,32,14,14,1.1
34,grocery,35.93545898926904,45.37139877469017,39.06493609442204,2023-05-08,0,5,0,140,6,8,1.1
34,grocery,35.93545898926904,45.37139877469017,44.257507309261335,2023-05-09,1,5,0,52,11,8,1.1
34,grocery,35.93545898926904,45.37139877469017,42.19510303544498,2023-05-10,2,5,0,151,34,1,1.1
34,grocery,35.93545898926904,45.37139877469017,38.72976624211195,2023-05-11,3,5,0,92,6,4,1.1
34,grocery,35.93545898926904,45.37139877469017,43.8561415699825,2023-05-12,4,5,0,184,12,9,1.1
34,grocery,35.93545898926904,45.37139877469017,40.821381185915875,2023-05-13,5,5,1,135,15,1,1.1
34,grocery,35.93545898926904,45.37139877469017,43.01141234880036,2023-05-14,6,5,1,71,8,14,1.1
34,grocery,35.93545898926904,45.37139877469017,38.516787293377035,2023-05-15,0,5,0,95,7,9,1.1
34,grocery,35.93545898926904,45.37139877469017,38.648743333956816,2023-05-16,1,5,0,105,9,6,1.1
34,grocery,35.93545898926904,45.37139877469017,38.42491072255698,2023-05-17,2,5,0,65,12,7,1.1
34,grocery,35.93545898926904,45.37139877469017,43.696746796272926,2023-05-18,3,5,0,52,13,14,1.1
34,grocery,35.93545898926904,45.37139877469017,41.54219978129559,2023-05-19,4,5,0,124,3,14,1.1
34,grocery,35.93545898926904,45.37139877469017,38.926616615725386,2023-05-20,5,5,1,85,19,3,1.1
34,grocery,35.93545898926904,45.37139877469017,43.910974004562526,2023-05-21,6,5,1,140,13,4,1.1
34,grocery,35.93545898926904,45.37139877469017,43.04376534712283,2023-05-22,0,5,0,127,13,12,1.1
34,grocery,35.93545898926904,45.37139877469017,40.54297637872842,2023-05-23,1,5,0,105,15,7,1.1
34,grocery,35.93545898926904,45.37139877469017,42.59864189646532,2023-05-24,2,5,0,90,6,4,1.1
34,grocery,35.93545898926904,45.37139877469017,44.97402138322488,2023-05-25,3,5,0,188,14,5,1.1
34,grocery,35.93545898926904,45.37139877469017,44.0809901533766,2023-05-26,4,5,0,142,16,4,1.1
34,grocery,35.93545898926904,45.37139877469017,38.21325409310632,2023-05-27,5,5,1,176,21,14,1.1
34,grocery,35.93545898926904,45.37139877469017,43.84747442239428,2023-05-28,6,5,1,22,20,1,1.1
34,grocery,35.93545898926904,45.37139877469017,37.896686395015806,2023-05-29,0,5,0,42,12,3,1.1
34,grocery,35.93545898926904,45.37139877469017,42.488924053901336,2023-05-30,1,5,0,49,6,12,1.1
34,grocery,35.93545898926904,45.37139877469017,43.86759766226972,2023-05-31,2,5,0,67,17,3,1.1
34,grocery,35.93545898926904,45.37139877469017,38.042422003695954,2023-06-01,3,6,0,82,21,14,1.0
34,grocery,35.93545898926904,45.37139877469017,43.980874419284895,2023-06-02,4,6,0,69,12,3,1.0
34,grocery,35.93545898926904,45.37139877469017,42.65418411020114,2023-06-03,5,6,1,41,18,9,1.0
34,grocery,35.93545898926904,45.37139877469017,44.633868917217626,2023-06-04,6,6,1,75,19,4,1.0
34,grocery,35.93545898926904,45.37139877469017,38.39989274521791,2023-06-05,0,6,0,152,21,2,1.0
34,grocery,35.93545898926904,45.37139877469017,39.26741086058733,2023-06-06,1,6,0,181,20,3,1.0
34,grocery,35.93545898926904,45.37139877469017,40.41953626145171,2023-06-07,2,6,0,75,17,6,1.0
34,grocery,35.93545898926904,45.37139877469017,42.116114628707024,2023-06-08,3,6,0,45,12,6,1.0
34,grocery,35.93545898926904,45.37139877469017,44.587327096428766,2023-06-09,4,6,0,143,8,6,1.0
34,grocery,35.93545898926904,45.37139877469017,43.31544880054052,2023-06-10,5,6,1,29,15,12,1.0
34,grocery,35.93545898926904,45.37139877469017,43.89637612511183,2023-06-11,6,6,1,81,27,3,1.0
34,grocery,35.93545898926904,45.37139877469017,38.501207010956946,2023-06-12,0,6,0,69,13,13,1.0
34,grocery,35.93545898926904,45.37139877469017,41.693101551203156,2023-06-13,1,6,0,93,35,1,1.0
34,grocery,35.93545898926904,45.37139877469017,44.816424691483036,2023-06-14,2,6,0,136,15,7,1.0
34,grocery,35.93545898926904,45.37139877469017,42.56479434051825,2023-06-15,3,6,0,129,12,13,1.0
34,grocery,35.93545898926904,45.37139877469017,40.018787554931194,2023-06-16,4,6,0,132,2,12,1.0
34,grocery,35.93545898926904,45.37139877469017,42.54879931235041,2023-06-17,5,6,1,119,11,8,1.0
34,grocery,35.93545898926904,45.37139877469017,40.56127574562356,2023-06-18,6,6,1,58,23,3,1.0
34,grocery,35.93545898926904,45.37139877469017,38.66481896331413,2023-06-19,0,6,0,29,17,12,1.0
34,grocery,35.93545898926904,45.37139877469017,38.5047201816749,2023-06-20,1,6,0,66,28,1,1.0
34,grocery,35.93545898926904,45.37139877469017,40.82944220464607,2023-06-21,2,6,0,196,28,1,1.0
34,grocery,35.93545898926904,45.37139877469017,42.709810686255665,2023-06-22,3,6,0,80,22,13,1.0
34,grocery,35.93545898926904,45.37139877469017,38.009646291122486,2023-06-23,4,6,0,191,14,14,1.0
34,grocery,35.93545898926904,45.37139877469017,38.20965786191984,2023-06-24,5,6,1,53,12,14,1.0
34,grocery,35.93545898926904,45.37139877469017,39.71120085195283,2023-06-25,6,6,1,98,8,9,1.0
34,grocery,35.93545898926904,45.37139877469017,41.411225455186305,2023-06-26,0,6,0,89,14,12,1.0
34,grocery,35.93545898926904,45.37139877469017,41.025966415612146,2023-06-27,1,6,0,166,18,8,1.0
34,grocery,35.93545898926904,45.37139877469017,44.06642650367602,2023-06-28,2,6,0,117,15,11,1.0
34,grocery,35.93545898926904,45.37139877469017,44.668639053235104,2023-06-29,3,6,0,139,6,11,1.0
35,snacks,79.94437266338461,132.18495860462994,123.31433564056508,2023-01-01,6,1,1,62,19,5,1.1
35,snacks,79.94437266338461,132.18495860462994,89.828330370474,2023-01-02,0,1,0,140,19,9,1.1
35,snacks,79.94437266338461,132.18495860462994,86.04501973539098,2023-01-03,1,1,0,197,8,2,1.1
35,snacks,79.94437266338461,132.18495860462994,117.01932190837675,2023-01-04,2,1,0,90,14,1,1.1
35,snacks,79.94437266338461,132.18495860462994,124.91578159307417,2023-01-05,3,1,0,51,10,2,1.1
35,snacks,79.94437266338461,132.18495860462994,118.42022808169337,2023-01-06,4,1,0,138,12,10,1.1
35,snacks,79.94437266338461,132.18495860462994,123.89362356166943,2023-01-07,5,1,1,50,11,7,1.1
35,snacks,79.94437266338461,132.18495860462994,103.4662361859363,2023-01-08,6,1,1,37,22,2,1.1
35,snacks,79.94437266338461,132.18495860462994,102.95579060133547,2023-01-09,0,1,0,81,10,10,1.1
35,snacks,79.94437266338461,132.18495860462994,95.72526965668658,2023-01-10,1,1,0,104,10,13,1.1
35,snacks,79.94437266338461,132.18495860462994,105.82273862231052,2023-01-11,2,1,0,25,18,5,1.1
35,snacks,79.94437266338461,132.18495860462994,92.65446434378569,2023-01-12,3,1,0,129,13,8,1.1
35,snacks,79.94437266338461,132.18495860462994,110.80992272536295,2023-01-13,4,1,0,150,22,3,1.1
35,snacks,79.94437266338461,132.18495860462994,113.90015094415378,2023-01-14,5,1,1,194,16,8,1.1
35,snacks,79.94437266338461,132.18495860462994,118.88982596790797,2023-01-15,6,1,1,123,5,13,1.1
35,snacks,79.94437266338461,132.18495860462994,130.05451514546874,2023-01-16,0,1,0,144,4,3,1.1
35,snacks,79.94437266338461,132.18495860462994,114.44801572418577,2023-01-17,1,1,0,101,6,11,1.1
35,snacks,79.94437266338461,132.18495860462994,114.49672291613696,2023-01-18,2,1,0,196,10,5,1.1
35,snacks,79.94437266338461,132.18495860462994,129.5789612938704,2023-01-19,3,1,0,82,6,13,1.1
35,snacks,79.94437266338461,132.18495860462994,104.44889717186217,2023-01-20,4,1,0,25,25,1,1.1
35,snacks,79.94437266338461,132.18495860462994,127.61268977883385,2023-01-21,5,1,1,48,13,3,1.1
35,snacks,79.94437266338461,132.18495860462994,87.79559267555719,2023-01-22,6,1,1,194,8,4,1.1
35,snacks,79.94437266338461,132.18495860462994,123.75290357386783,2023-01-23,0,1,0,83,4,13,1.1
35,snacks,79.94437266338461,132.18495860462994,105.68238015994103,2023-01-24,1,1,0,51,20,11,1.1
35,snacks,79.94437266338461,132.18495860462994,95.2381294115093,2023-01-25,2,1,0,122,19,4,1.1
35,snacks,79.94437266338461,132.18495860462994,120.9435616627362,2023-01-26,3,1,0,123,12,3,1.1
35,snacks,79.94437266338461,132.18495860462994,86.10418293267522,2023-01-27,4,1,0,129,18,14,1.1
35,snacks,79.94437266338461,132.18495860462994,97.54385720690254,2023-01-28,5,1,1,134,23,6,1.1
35,snacks,79.94437266338461,132.18495860462994,116.58189129378582,2023-01-29,6,1,1,89,19,4,1.1
35,snacks,79.94437266338461,132.18495860462994,115.84989880368019,2023-01-30,0,1,0,80,9,3,1.1
35,snacks,79.94437266338461,132.18495860462994,100.52112695927532,2023-01-31,1,1,0,115,11,8,1.1
35,snacks,79.94437266338461,132.18495860462994,105.20618948954102,2023-02-01,2,2,0,63,22,11,1.1732050807568877
35,snacks,79.94437266338461,132.18495860462994,86.70314132685621,2023-02-02,3,2,0,143,9,13,1.1732050807568877
35,snacks,79.94437266338461,132.18495860462994,101.01761517093722,2023-02-03,4,2,0,134,15,7,1.1732050807568877
35,snacks,79.94437266338461,132.18495860462994,118.43309292671287,2023-02-04,5,2,1,176,13,13,1.1732050807568877
35,snacks,79.94437266338461,132.18495860462994,92.04986200104109,2023-02-05,6,2,1,167,21,4,1.1732050807568877
35,snacks,79.94437266338461,132.18495860462994,103.15944785519603,2023-02-06,0,2,0,146,19,12,1.1732050807568877
35,snacks,79.94437266338461,132.18495860462994,84.60675659123186,2023-02-07,1,2,0,162,12,7,1.1732050807568877
35,snacks,79.94437266338461,132.18495860462994,126.78044438693661,2023-02-08,2,2,0,143,14,2,1.1732050807568877
35,snacks,79.94437266338461,132.18495860462994,104.0070661243945,2023-02-09,3,2,0,49,16,11,1.1732050807568877
35,snacks,79.94437266338461,132.18495860462994,97.24403921774413,2023-02-10,4,2,0,195,4,7,1.1732050807568877
35,snacks,79.94437266338461,132.18495860462994,98.5643379885452,2023-02-11,5,2,1,196,49,1,1.1732050807568877
35,snacks,79.94437266338461,132.18495860462994,124.13142747354038,2023-02-12,6,2,1,126,11,9,1.1732050807568877
35,snacks,79.94437266338461,132.18495860462994,101.2656350900241,2023-02-13,0,2,0,171,11,7,1.1732050807568877
35,snacks,79.94437266338461,132.18495860462994,106.21000595020695,2023-02-14,1,2,0,93,4,11,1.1732050807568877
35,snacks,79.94437266338461,132.18495860462994,113.17518110663065,2023-02-15,2,2,0,187,21,6,1.1732050807568877
35,snacks,79.94437266338461,132.18495860462994,120.17293483493685,2023-02-16,3,2,0,164,7,8,1.1732050807568877
35,snacks,79.94437266338461,132.18495860462994,119.02947455806435,2023-02-17,4,2,0,148,13,11,1.1732050807568877
35,snacks,79.94437266338461,132.18495860462994,84.33720499041841,2023-02-18,5,2,1,105,21,2,1.1732050807568877
35,snacks,79.94437266338461,132.18495860462994,109.00339498059898,2023-02-19,6,2,1,73,7,6,1.1732050807568877
35,snacks,79.94437266338461,132.18495860462994,97.91467857016387,2023-02-20,0,2,0,66,20,10,1.1732050807568877
35,snacks,79.94437266338461,132.18495860462994,110.9220810395957,2023-02-21,1,2,0,192,16,9,1.1732050807568877
35,snacks,79.94437266338461,132.18495860462994,112.88333069157106,2023-02-22,2,2,0,101,13,2,1.1732050807568877
35,snacks,79.94437266338461,132.18495860462994,101.87536236510523,2023-02-23,3,2,0,143,14,7,1.1732050807568877
35,snacks,79.94437266338461,132.18495860462994,125.317290858049,2023-02-24,4,2,0,92,16,13,1.1732050807568877
35,snacks,79.94437266338461,132.18495860462994,128.81711940181043,2023-02-25,5,2,1,89,17,6,1.1732050807568877
35,snacks,79.94437266338461,132.18495860462994,120.58102390600907,2023-02-26,6,2,1,27,23,3,1.1732050807568877
35,snacks,79.94437266338461,132.18495860462994,85.32547996210387,2023-02-27,0,2,0,121,8,6,1.1732050807568877
35,snacks,79.94437266338461,132.18495860462994,112.54795210690631,2023-02-28,1,2,0,184,16,12,1.1732050807568877
35,snacks,79.94437266338461,132.18495860462994,94.04999518087025,2023-03-01,2,3,0,45,20,6,1.2
35,snacks,79.94437266338461,132.18495860462994,123.28885450625307,2023-03-02,3,3,0,111,10,9,1.2
35,snacks,79.94437266338461,132.18495860462994,84.27448262212623,2023-03-03,4,3,0,187,15,11,1.2
35,snacks,79.94437266338461,132.18495860462994,113.26030029111284,2023-03-04,5,3,1,110,22,7,1.2
35,snacks,79.94437266338461,132.18495860462994,89.7532463667053,2023-03-05,6,3,1,107,22,6,1.2
35,snacks,79.94437266338461,132.18495860462994,86.46666362848799,2023-03-06,0,3,0,94,8,6,1.2
35,snacks,79.94437266338461,132.18495860462994,92.42333268428307,2023-03-07,1,3,0,118,23,14,1.2
35,snacks,79.94437266338461,132.18495860462994,123.47285797327473,2023-03-08,2,3,0,139,8,11,1.2
35,snacks,79.94437266338461,132.18495860462994,111.82570817441288,2023-03-09,3,3,0,75,9,10,1.2
35,snacks,79.94437266338461,132.18495860462994,90.75405211471306,2023-03-10,4,3,0,96,15,4,1.2
35,snacks,79.94437266338461,132.18495860462994,119.45202356979371,2023-03-11,5,3,1,99,18,12,1.2
35,snacks,79.94437266338461,132.18495860462994,117.14509680998287,2023-03-12,6,3,1,47,15,13,1.2
35,snacks,79.94437266338461,132.18495860462994,110.06557164659154,2023-03-13,0,3,0,122,11,10,1.2
35,snacks,79.94437266338461,132.18495860462994,106.38919153978014,2023-03-14,1,3,0,36,20,12,1.2
35,snacks,79.94437266338461,132.18495860462994,130.98477387613036,2023-03-15,2,3,0,97,4,10,1.2
35,snacks,79.94437266338461,132.18495860462994,114.62349734185004,2023-03-16,3,3,0,112,14,2,1.2
35,snacks,79.94437266338461,132.18495860462994,85.84965165922512,2023-03-17,4,3,0,109,9,8,1.2
35,snacks,79.94437266338461,132.18495860462994,116.90849252212726,2023-03-18,5,3,1,93,19,12,1.2
35,snacks,79.94437266338461,132.18495860462994,85.3899848034777,2023-03-19,6,3,1,172,28,3,1.2
35,snacks,79.94437266338461,132.18495860462994,105.97268306167851,2023-03-20,0,3,0,47,10,12,1.2
35,snacks,79.94437266338461,132.18495860462994,101.04702297534723,2023-03-21,1,3,0,124,13,13,1.2
35,snacks,79.94437266338461,132.18495860462994,124.60557216706042,2023-03-22,2,3,0,55,12,11,1.2
35,snacks,79.94437266338461,132.18495860462994,113.53733408159214,2023-03-23,3,3,0,34,7,6,1.2
35,snacks,79.94437266338461,132.18495860462994,105.39185944680878,2023-03-24,4,3,0,20,13,11,1.2
35,snacks,79.94437266338461,132.18495860462994,100.05484799388677,2023-03-25,5,3,1,175,15,3,1.2
35,snacks,79.94437266338461,132.18495860462994,127.3183042300767,2023-03-26,6,3,1,163,12,7,1.2
35,snacks,79.94437266338461,132.18495860462994,129.18003766948647,2023-03-27,0,3,0,173,15,9,1.2
35,snacks,79.94437266338461,132.18495860462994,91.730921715006,2023-03-28,1,3,0,74,8,6,1.2
35,snacks,79.94437266338461,132.18495860462994,123.71969333112192,2023-03-29,2,3,0,37,15,5,1.2
35,snacks,79.94437266338461,132.18495860462994,110.34525895089607,2023-03-30,3,3,0,95,16,14,1.2
35,snacks,79.94437266338461,132.18495860462994,124.4408075958751,2023-03-31,4,3,0,190,12,13,1.2
35,snacks,79.94437266338461,132.18495860462994,101.18260413660738,2023-04-01,5,4,1,123,15,5,1.1732050807568877
35,snacks,79.94437266338461,132.18495860462994,99.71366233571447,2023-04-02,6,4,1,98,5,4,1.1732050807568877
35,snacks,79.94437266338461,132.18495860462994,95.21123083950513,2023-04-03,0,4,0,185,11,6,1.1732050807568877
35,snacks,79.94437266338461,132.18495860462994,111.33514794727373,2023-04-04,1,4,0,128,9,2,1.1732050807568877
35,snacks,79.94437266338461,132.18495860462994,110.6016759933933,2023-04-05,2,4,0,162,6,7,1.1732050807568877
35,snacks,79.94437266338461,132.18495860462994,96.50695262906498,2023-04-06,3,4,0,68,20,5,1.1732050807568877
35,snacks,79.94437266338461,132.18495860462994,126.14350600389812,2023-04-07,4,4,0,59,17,4,1.1732050807568877
35,snacks,79.94437266338461,132.18495860462994,101.25255684799633,2023-04-08,5,4,1,100,17,8,1.1732050807568877
35,snacks,79.94437266338461,132.18495860462994,112.36394540216506,2023-04-09,6,4,1,161,2,10,1.1732050807568877
35,snacks,79.94437266338461,132.18495860462994,128.709225762746,2023-04-10,0,4,0,45,14,9,1.1732050807568877
35,snacks,79.94437266338461,132.18495860462994,92.64306856468002,2023-04-11,1,4,0,190,15,12,1.1732050807568877
35,snacks,79.94437266338461,132.18495860462994,129.63164508566803,2023-04-12,2,4,0,197,3,14,1.1732050807568877
35,snacks,79.94437266338461,132.18495860462994,116.15763873315272,2023-04-13,3,4,0,154,16,14,1.1732050807568877
35,snacks,79.94437266338461,132.18495860462994,95.82009023646833,2023-04-14,4,4,0,178,8,13,1.1732050807568877
35,snacks,79.94437266338461,132.18495860462994,124.5945520479923,2023-04-15,5,4,1,90,6,14,1.1732050807568877
35,snacks,79.94437266338461,132.18495860462994,90.43650935632388,2023-04-16,6,4,1,187,11,12,1.1732050807568877
35,snacks,79.94437266338461,132.18495860462994,106.68048690731617,2023-04-17,0,4,0,90,5,7,1.1732050807568877
35,snacks,79.94437266338461,132.18495860462994,106.36239638665823,2023-04-18,1,4,0,43,15,4,1.1732050807568877
35,snacks,79.94437266338461,132.18495860462994,91.03332032279273,2023-04-19,2,4,0,160,20,13,1.1732050807568877
35,snacks,79.94437266338461,132.18495860462994,109.46965107068797,2023-04-20,3,4,0,43,16,9,1.1732050807568877
35,snacks,79.94437266338461,132.18495860462994,127.39510446932336,2023-04-21,4,4,0,90,4,12,1.1732050807568877
35,snacks,79.94437266338461,132.18495860462994,97.85888817845219,2023-04-22,5,4,1,163,44,1,1.1732050807568877
35,snacks,79.94437266338461,132.18495860462994,126.9192619938321,2023-04-23,6,4,1,77,20,1,1.1732050807568877
35,snacks,79.94437266338461,132.18495860462994,116.54305273407338,2023-04-24,0,4,0,118,8,9,1.1732050807568877
35,snacks,79.94437266338461,132.18495860462994,86.65123620297732,2023-04-25,1,4,0,171,9,10,1.1732050807568877
35,snacks,79.94437266338461,132.18495860462994,100.88588748770377,2023-04-26,2,4,0,57,16,9,1.1732050807568877
35,snacks,79.94437266338461,132.18495860462994,89.37228619538375,2023-04-27,3,4,0,67,21,1,1.1732050807568877
35,snacks,79.94437266338461,132.18495860462994,113.26575585454383,2023-04-28,4,4,0,172,26,1,1.1732050807568877
35,snacks,79.94437266338461,132.18495860462994,103.03554163554954,2023-04-29,5,4,1,32,20,2,1.1732050807568877
35,snacks,79.94437266338461,132.18495860462994,123.71579871879851,2023-04-30,6,4,1,27,27,2,1.1732050807568877
35,snacks,79.94437266338461,132.18495860462994,113.67781896323281,2023-05-01,0,5,0,92,2,12,1.1
35,snacks,79.94437266338461,132.18495860462994,127.72814490566665,2023-05-02,1,5,0,173,20,3,1.1
35,snacks,79.94437266338461,132.18495860462994,130.49035946396293,2023-05-03,2,5,0,92,15,3,1.1
35,snacks,79.94437266338461,132.18495860462994,125.85218669829713,2023-05-04,3,5,0,172,4,9,1.1
35,snacks,79.94437266338461,132.18495860462994,85.10317909355098,2023-05-05,4,5,0,32,18,8,1.1
35,snacks,79.94437266338461,132.18495860462994,124.60890100239921,2023-05-06,5,5,1,51,13,11,1.1
35,snacks,79.94437266338461,132.18495860462994,107.13169656871354,2023-05-07,6,5,1,178,17,14,1.1
35,snacks,79.94437266338461,132.18495860462994,109.26648088938492,2023-05-08,0,5,0,92,34,1,1.1
35,snacks,79.94437266338461,132.18495860462994,87.05478498751884,2023-05-09,1,5,0,182,3,14,1.1
35,snacks,79.94437266338461,132.18495860462994,129.14096854697306,2023-05-10,2,5,0,172,8,4,1.1
35,snacks,79.94437266338461,132.18495860462994,121.66996692128427,2023-05-11,3,5,0,84,14,4,1.1
35,snacks,79.94437266338461,132.18495860462994,97.06565212801374,2023-05-12,4,5,0,35,9,11,1.1
35,snacks,79.94437266338461,132.18495860462994,85.7021025593306,2023-05-13,5,5,1,111,15,10,1.1
35,snacks,79.94437266338461,132.18495860462994,110.21957479742346,2023-05-14,6,5,1,36,7,12,1.1
35,snacks,79.94437266338461,132.18495860462994,126.50680069625764,2023-05-15,0,5,0,168,29,1,1.1
35,snacks,79.94437266338461,132.18495860462994,119.1976005701103,2023-05-16,1,5,0,75,4,7,1.1
35,snacks,79.94437266338461,132.18495860462994,108.43228025052849,2023-05-17,2,5,0,144,12,10,1.1
35,snacks,79.94437266338461,132.18495860462994,95.95866936792623,2023-05-18,3,5,0,133,8,6,1.1
35,snacks,79.94437266338461,132.18495860462994,119.90769465570247,2023-05-19,4,5,0,149,12,4,1.1
35,snacks,79.94437266338461,132.18495860462994,101.2700083685184,2023-05-20,5,5,1,95,10,13,1.1
35,snacks,79.94437266338461,132.18495860462994,125.13309090165853,2023-05-21,6,5,1,191,20,4,1.1
35,snacks,79.94437266338461,132.18495860462994,112.92825091252897,2023-05-22,0,5,0,157,12,10,1.1
35,snacks,79.94437266338461,132.18495860462994,120.456019203525,2023-05-23,1,5,0,45,14,5,1.1
35,snacks,79.94437266338461,132.18495860462994,95.15179276758896,2023-05-24,2,5,0,114,15,11,1.1
35,snacks,79.94437266338461,132.18495860462994,119.65002149955546,2023-05-25,3,5,0,159,5,11,1.1
35,snacks,79.94437266338461,132.18495860462994,91.98255858747939,2023-05-26,4,5,0,99,12,5,1.1
35,snacks,79.94437266338461,132.18495860462994,88.62890448771752,2023-05-27,5,5,1,140,27,7,1.1
35,snacks,79.94437266338461,132.18495860462994,85.98414054699849,2023-05-28,6,5,1,197,10,8,1.1
35,snacks,79.94437266338461,132.18495860462994,94.97094633976656,2023-05-29,0,5,0,60,8,6,1.1
35,snacks,79.94437266338461,132.18495860462994,118.22984958077294,2023-05-30,1,5,0,175,18,9,1.1
35,snacks,79.94437266338461,132.18495860462994,110.55515698091898,2023-05-31,2,5,0,74,10,5,1.1
35,snacks,79.94437266338461,132.18495860462994,128.94662642100747,2023-06-01,3,6,0,36,13,10,1.0
35,snacks,79.94437266338461,132.18495860462994,117.48094324186084,2023-06-02,4,6,0,30,9,3,1.0
35,snacks,79.94437266338461,132.18495860462994,103.759821786384,2023-06-03,5,6,1,105,6,10,1.0
35,snacks,79.94437266338461,132.18495860462994,108.5390572355874,2023-06-04,6,6,1,173,27,3,1.0
35,snacks,79.94437266338461,132.18495860462994,97.71546663843515,2023-06-05,0,6,0,163,14,9,1.0
35,snacks,79.94437266338461,132.18495860462994,110.6344699786701,2023-06-06,1,6,0,163,6,5,1.0
35,snacks,79.94437266338461,132.18495860462994,111.5450893358937,2023-06-07,2,6,0,190,17,12,1.0
35,snacks,79.94437266338461,132.18495860462994,84.09939174874664,2023-06-08,3,6,0,38,15,13,1.0
35,snacks,79.94437266338461,132.18495860462994,110.04607984245865,2023-06-09,4,6,0,100,14,7,1.0
35,snacks,79.94437266338461,132.18495860462994,90.80898497379775,2023-06-10,5,6,1,31,7,2,1.0
35,snacks,79.94437266338461,132.18495860462994,112.01513786746142,2023-06-11,6,6,1,186,8,2,1.0
35,snacks,79.94437266338461,132.18495860462994,126.98402868779766,2023-06-12,0,6,0,139,11,10,1.0
35,snacks,79.94437266338461,132.18495860462994,121.69358682873563,2023-06-13,1,6,0,170,0,13,1.0
35,snacks,79.94437266338461,132.18495860462994,121.14255409795527,2023-06-14,2,6,0,122,9,12,1.0
35,snacks,79.94437266338461,132.18495860462994,105.60800025287432,2023-06-15,3,6,0,163,17,14,1.0
35,snacks,79.94437266338461,132.18495860462994,116.74592661003646,2023-06-16,4,6,0,50,12,7,1.0
35,snacks,79.94437266338461,132.18495860462994,92.09396823627404,2023-06-17,5,6,1,116,10,8,1.0
35,snacks,79.94437266338461,132.18495860462994,89.81629572543625,2023-06-18,6,6,1,151,18,2,1.0
35,snacks,79.94437266338461,132.18495860462994,99.23836665345408,2023-06-19,0,6,0,94,11,13,1.0
35,snacks,79.94437266338461,132.18495860462994,111.46137637568388,2023-06-20,1,6,0,136,14,11,1.0
35,snacks,79.94437266338461,132.18495860462994,95.8354723755696,2023-06-21,2,6,0,195,3,13,1.0
35,snacks,79.94437266338461,132.18495860462994,86.83728368939448,2023-06-22,3,6,0,97,13,1,1.0
35,snacks,79.94437266338461,132.18495860462994,99.99510652206884,2023-06-23,4,6,0,23,8,14,1.0
35,snacks,79.94437266338461,132.18495860462994,93.49353978124881,2023-06-24,5,6,1,43,15,11,1.0
35,snacks,79.94437266338461,132.18495860462994,118.7045501061879,2023-06-25,6,6,1,56,16,6,1.0
35,snacks,79.94437266338461,132.18495860462994,106.40039754720291,2023-06-26,0,6,0,147,14,3,1.0
35,snacks,79.94437266338461,132.18495860462994,109.89675374725293,2023-06-27,1,6,0,55,4,14,1.0
35,snacks,79.94437266338461,132.18495860462994,96.77223545079278,2023-06-28,2,6,0,66,11,11,1.0
35,snacks,79.94437266338461,132.18495860462994,106.66834968201334,2023-06-29,3,6,0,112,18,8,1.0
36,beverages,37.92349851877374,60.83235747472147,50.47851608167782,2023-01-01,6,1,1,156,6,6,1.1
36,beverages,37.92349851877374,60.83235747472147,43.06217903333271,2023-01-02,0,1,0,138,33,1,1.1
36,beverages,37.92349851877374,60.83235747472147,48.9089461222467,2023-01-03,1,1,0,35,18,13,1.1
36,beverages,37.92349851877374,60.83235747472147,50.21150032620547,2023-01-04,2,1,0,123,8,13,1.1
36,beverages,37.92349851877374,60.83235747472147,58.6334193261223,2023-01-05,3,1,0,61,18,1,1.1
36,beverages,37.92349851877374,60.83235747472147,56.27849160353496,2023-01-06,4,1,0,58,11,2,1.1
36,beverages,37.92349851877374,60.83235747472147,48.373823282466766,2023-01-07,5,1,1,87,23,7,1.1
36,beverages,37.92349851877374,60.83235747472147,57.20483006086402,2023-01-08,6,1,1,187,16,13,1.1
36,beverages,37.92349851877374,60.83235747472147,45.40541714609127,2023-01-09,0,1,0,195,34,1,1.1
36,beverages,37.92349851877374,60.83235747472147,42.38944624777507,2023-01-10,1,1,0,86,16,2,1.1
36,beverages,37.92349851877374,60.83235747472147,60.58886744780321,2023-01-11,2,1,0,97,14,5,1.1
36,beverages,37.92349851877374,60.83235747472147,47.098099130036985,2023-01-12,3,1,0,158,26,3,1.1
36,beverages,37.92349851877374,60.83235747472147,47.40011486176586,2023-01-13,4,1,0,37,21,5,1.1
36,beverages,37.92349851877374,60.83235747472147,59.24296671746406,2023-01-14,5,1,1,89,12,4,1.1
36,beverages,37.92349851877374,60.83235747472147,53.32794138653965,2023-01-15,6,1,1,139,7,9,1.1
36,beverages,37.92349851877374,60.83235747472147,52.97917789186292,2023-01-16,0,1,0,130,16,1,1.1
36,beverages,37.92349851877374,60.83235747472147,50.82812411757052,2023-01-17,1,1,0,77,11,3,1.1
36,beverages,37.92349851877374,60.83235747472147,52.681276131299065,2023-01-18,2,1,0,70,16,14,1.1
36,beverages,37.92349851877374,60.83235747472147,50.76076973183332,2023-01-19,3,1,0,37,11,9,1.1
36,beverages,37.92349851877374,60.83235747472147,46.761643812354585,2023-01-20,4,1,0,62,13,9,1.1
36,beverages,37.92349851877374,60.83235747472147,51.17310541627458,2023-01-21,5,1,1,24,19,13,1.1
36,beverages,37.92349851877374,60.83235747472147,51.915073435969944,2023-01-22,6,1,1,81,10,14,1.1
36,beverages,37.92349851877374,60.83235747472147,56.632580913446546,2023-01-23,0,1,0,139,16,6,1.1
36,beverages,37.92349851877374,60.83235747472147,56.05948838301589,2023-01-24,1,1,0,35,17,13,1.1
36,beverages,37.92349851877374,60.83235747472147,45.759012897537644,2023-01-25,2,1,0,194,7,7,1.1
36,beverages,37.92349851877374,60.83235747472147,58.91629577706195,2023-01-26,3,1,0,83,14,10,1.1
36,beverages,37.92349851877374,60.83235747472147,45.05680220362773,2023-01-27,4,1,0,59,10,13,1.1
36,beverages,37.92349851877374,60.83235747472147,47.991568753425334,2023-01-28,5,1,1,114,13,13,1.1
36,beverages,37.92349851877374,60.83235747472147,40.80289582007851,2023-01-29,6,1,1,183,47,1,1.1
36,beverages,37.92349851877374,60.83235747472147,49.86765685977396,2023-01-30,0,1,0,70,15,14,1.1
36,beverages,37.92349851877374,60.83235747472147,45.793107731162,2023-01-31,1,1,0,109,7,6,1.1
36,beverages,37.92349851877374,60.83235747472147,59.207180579706574,2023-02-01,2,2,0,60,11,3,1.1732050807568877
36,beverages,37.92349851877374,60.83235747472147,57.266413581310104,2023-02-02,3,2,0,190,21,5,1.1732050807568877
36,beverages,37.92349851877374,60.83235747472147,44.55576500911529,2023-02-03,4,2,0,171,11,14,1.1732050807568877
36,beverages,37.92349851877374,60.83235747472147,52.188007111687334,2023-02-04,5,2,1,98,17,6,1.1732050807568877
36,beverages,37.92349851877374,60.83235747472147,53.424049302115364,2023-02-05,6,2,1,156,19,10,1.1732050807568877
36,beverages,37.92349851877374,60.83235747472147,54.48543420998392,2023-02-06,0,2,0,77,12,6,1.1732050807568877
36,beverages,37.92349851877374,60.83235747472147,50.33360592985355,2023-02-07,1,2,0,73,15,14,1.1732050807568877
36,beverages,37.92349851877374,60.83235747472147,41.59557113435245,2023-02-08,2,2,0,77,8,10,1.1732050807568877
36,beverages,37.92349851877374,60.83235747472147,49.55221496570945,2023-02-09,3,2,0,171,10,11,1.1732050807568877
36,beverages,37.92349851877374,60.83235747472147,53.69578575956874,2023-02-10,4,2,0,194,5,9,1.1732050807568877
36,beverages,37.92349851877374,60.83235747472147,57.44650733192168,2023-02-11,5,2,1,75,21,8,1.1732050807568877
36,beverages,37.92349851877374,60.83235747472147,58.01574590508026,2023-02-12,6,2,1,96,8,5,1.1732050807568877
36,beverages,37.92349851877374,60.83235747472147,43.36167927276994,2023-02-13,0,2,0,182,20,9,1.1732050807568877
36,beverages,37.92349851877374,60.83235747472147,40.84764647457002,2023-02-14,1,2,0,125,20,14,1.1732050807568877
36,beverages,37.92349851877374,60.83235747472147,47.012655614076515,2023-02-15,2,2,0,182,7,9,1.1732050807568877
36,beverages,37.92349851877374,60.83235747472147,53.98927861881276,2023-02-16,3,2,0,125,10,6,1.1732050807568877
36,beverages,37.92349851877374,60.83235747472147,50.18977208095595,2023-02-17,4,2,0,116,18,6,1.1732050807568877
36,beverages,37.92349851877374,60.83235747472147,54.23049644380393,2023-02-18,5,2,1,150,27,2,1.1732050807568877
36,beverages,37.92349851877374,60.83235747472147,43.46011859368899,2023-02-19,6,2,1,197,13,12,1.1732050807568877
36,beverages,37.92349851877374,60.83235747472147,59.339420347615246,2023-02-20,0,2,0,70,18,12,1.1732050807568877
36,beverages,37.92349851877374,60.83235747472147,48.193072264997625,2023-02-21,1,2,0,138,9,13,1.1732050807568877
36,beverages,37.92349851877374,60.83235747472147,45.3742433030637,2023-02-22,2,2,0,56,9,2,1.1732050807568877
36,beverages,37.92349851877374,60.83235747472147,48.88857130072536,2023-02-23,3,2,0,110,16,14,1.1732050807568877
36,beverages,37.92349851877374,60.83235747472147,43.726518631580284,2023-02-24,4,2,0,154,7,5,1.1732050807568877
36,beverages,37.92349851877374,60.83235747472147,52.756130230584475,2023-02-25,5,2,1,40,16,1,1.1732050807568877
36,beverages,37.92349851877374,60.83235747472147,55.80767948764484,2023-02-26,6,2,1,161,14,8,1.1732050807568877
36,beverages,37.92349851877374,60.83235747472147,50.2640258194873,2023-02-27,0,2,0,147,9,2,1.1732050807568877
36,beverages,37.92349851877374,60.83235747472147,57.35346927457533,2023-02-28,1,2,0,182,2,12,1.1732050807568877
36,beverages,37.92349851877374,60.83235747472147,54.62131096561441,2023-03-01,2,3,0,59,8,11,1.2
36,beverages,37.92349851877374,60.83235747472147,59.79168032583516,2023-03-02,3,3,0,198,11,13,1.2
36,beverages,37.92349851877374,60.83235747472147,60.0098301582193,2023-03-03,4,3,0,103,18,10,1.2
36,beverages,37.92349851877374,60.83235747472147,47.651155074312435,2023-03-04,5,3,1,93,27,4,1.2
36,beverages,37.92349851877374,60.83235747472147,40.328491502202986,2023-03-05,6,3,1,38,11,14,1.2
36,beverages,37.92349851877374,60.83235747472147,43.071567035599095,2023-03-06,0,3,0,62,18,7,1.2
36,beverages,37.92349851877374,60.83235747472147,47.74371604377982,2023-03-07,1,3,0,42,18,7,1.2
36,beverages,37.92349851877374,60.83235747472147,54.084044389454405,2023-03-08,2,3,0,108,4,10,1.2
36,beverages,37.92349851877374,60.83235747472147,54.53818188353591,2023-03-09,3,3,0,40,19,1,1.2
36,beverages,37.92349851877374,60.83235747472147,48.72563659472192,2023-03-10,4,3,0,103,19,8,1.2
36,beverages,37.92349851877374,60.83235747472147,51.5797591258401,2023-03-11,5,3,1,63,7,11,1.2
36,beverages,37.92349851877374,60.83235747472147,58.78730417796244,2023-03-12,6,3,1,111,12,7,1.2
36,beverages,37.92349851877374,60.83235747472147,46.88082963319116,2023-03-13,0,3,0,176,19,8,1.2
36,beverages,37.92349851877374,60.83235747472147,56.053185522643865,2023-03-14,1,3,0,182,10,2,1.2
36,beverages,37.92349851877374,60.83235747472147,41.33724253317421,2023-03-15,2,3,0,53,14,4,1.2
36,beverages,37.92349851877374,60.83235747472147,46.6856181587707,2023-03-16,3,3,0,80,2,6,1.2
36,beverages,37.92349851877374,60.83235747472147,56.71050382385411,2023-03-17,4,3,0,142,14,6,1.2
36,beverages,37.92349851877374,60.83235747472147,54.82297239736557,2023-03-18,5,3,1,100,6,12,1.2
36,beverages,37.92349851877374,60.83235747472147,42.878282247487974,2023-03-19,6,3,1,156,17,8,1.2
36,beverages,37.92349851877374,60.83235747472147,46.671657129815394,2023-03-20,0,3,0,177,20,10,1.2
36,beverages,37.92349851877374,60.83235747472147,60.052148946626026,2023-03-21,1,3,0,84,21,2,1.2
36,beverages,37.92349851877374,60.83235747472147,50.344404185971,2023-03-22,2,3,0,45,21,6,1.2
36,beverages,37.92349851877374,60.83235747472147,45.174987348882205,2023-03-23,3,3,0,169,13,13,1.2
36,beverages,37.92349851877374,60.83235747472147,56.35740891705383,2023-03-24,4,3,0,117,26,1,1.2
36,beverages,37.92349851877374,60.83235747472147,52.41580617408393,2023-03-25,5,3,1,187,14,14,1.2
36,beverages,37.92349851877374,60.83235747472147,53.45584106241111,2023-03-26,6,3,1,59,9,11,1.2
36,beverages,37.92349851877374,60.83235747472147,43.510671030114345,2023-03-27,0,3,0,186,15,3,1.2
36,beverages,37.92349851877374,60.83235747472147,44.625560162792006,2023-03-28,1,3,0,75,20,14,1.2
36,beverages,37.92349851877374,60.83235747472147,49.468647138000264,2023-03-29,2,3,0,35,12,7,1.2
36,beverages,37.92349851877374,60.83235747472147,47.32294081524578,2023-03-30,3,3,0,102,15,2,1.2
36,beverages,37.92349851877374,60.83235747472147,43.395060462156046,2023-03-31,4,3,0,197,8,5,1.2
36,beverages,37.92349851877374,60.83235747472147,50.587624191885816,2023-04-01,5,4,1,91,7,14,1.1732050807568877
36,beverages,37.92349851877374,60.83235747472147,58.418216281451194,2023-04-02,6,4,1,152,10,10,1.1732050807568877
36,beverages,37.92349851877374,60.83235747472147,57.375979563179406,2023-04-03,0,4,0,157,26,1,1.1732050807568877
36,beverages,37.92349851877374,60.83235747472147,46.575879692439585,2023-04-04,1,4,0,86,8,14,1.1732050807568877
36,beverages,37.92349851877374,60.83235747472147,49.56288245827423,2023-04-05,2,4,0,169,20,9,1.1732050807568877
36,beverages,37.92349851877374,60.83235747472147,41.11865746254892,2023-04-06,3,4,0,99,17,3,1.1732050807568877
36,beverages,37.92349851877374,60.83235747472147,53.04462957728393,2023-04-07,4,4,0,24,11,14,1.1732050807568877
36,beverages,37.92349851877374,60.83235747472147,48.40662539778163,2023-04-08,5,4,1,180,21,5,1.1732050807568877
36,beverages,37.92349851877374,60.83235747472147,48.321696072309884,2023-04-09,6,4,1,176,13,9,1.1732050807568877
36,beverages,37.92349851877374,60.83235747472147,57.750313978436566,2023-04-10,0,4,0,90,12,7,1.1732050807568877
36,beverages,37.92349851877374,60.83235747472147,57.11582327373628,2023-04-11,1,4,0,129,14,5,1.1732050807568877
36,beverages,37.92349851877374,60.83235747472147,49.10791728500989,2023-04-12,2,4,0,38,16,5,1.1732050807568877
36,beverages,37.92349851877374,60.83235747472147,46.68813464301947,2023-04-13,3,4,0,98,4,3,1.1732050807568877
36,beverages,37.92349851877374,60.83235747472147,53.22880362538342,2023-04-14,4,4,0,185,32,1,1.1732050807568877
36,beverages,37.92349851877374,60.83235747472147,44.42099844462505,2023-04-15,5,4,1,39,23,4,1.1732050807568877
36,beverages,37.92349851877374,60.83235747472147,54.25374644361013,2023-04-16,6,4,1,165,15,9,1.1732050807568877
36,beverages,37.92349851877374,60.83235747472147,58.6392033613929,2023-04-17,0,4,0,60,16,6,1.1732050807568877
36,beverages,37.92349851877374,60.83235747472147,40.3632102597871,2023-04-18,1,4,0,90,18,6,1.1732050807568877
36,beverages,37.92349851877374,60.83235747472147,45.93958773105245,2023-04-19,2,4,0,46,16,9,1.1732050807568877
36,beverages,37.92349851877374,60.83235747472147,55.9483491158207,2023-04-20,3,4,0,190,8,1,1.1732050807568877
36,beverages,37.92349851877374,60.83235747472147,45.607444734909805,2023-04-21,4,4,0,73,8,3,1.1732050807568877
36,beverages,37.92349851877374,60.83235747472147,60.535984512442454,2023-04-22,5,4,1,76,19,14,1.1732050807568877
36,beverages,37.92349851877374,60.83235747472147,42.878326962931894,2023-04-23,6,4,1,126,21,10,1.1732050807568877
36,beverages,37.92349851877374,60.83235747472147,57.06698743150824,2023-04-24,0,4,0,118,17,10,1.1732050807568877
36,beverages,37.92349851877374,60.83235747472147,52.04970525771642,2023-04-25,1,4,0,192,10,11,1.1732050807568877
36,beverages,37.92349851877374,60.83235747472147,60.27346118427378,2023-04-26,2,4,0,134,13,13,1.1732050807568877
36,beverages,37.92349851877374,60.83235747472147,56.97908350678004,2023-04-27,3,4,0,71,16,7,1.1732050807568877
36,beverages,37.92349851877374,60.83235747472147,42.3358233374963,2023-04-28,4,4,0,67,21,6,1.1732050807568877
36,beverages,37.92349851877374,60.83235747472147,40.72393714102549,2023-04-29,5,4,1,179,13,11,1.1732050807568877
36,beverages,37.92349851877374,60.83235747472147,42.295447818329436,2023-04-30,6,4,1,124,17,4,1.1732050807568877
36,beverages,37.92349851877374,60.83235747472147,57.39088196621158,2023-05-01,0,5,0,176,4,10,1.1
36,beverages,37.92349851877374,60.83235747472147,48.24911982121232,2023-05-02,1,5,0,121,18,9,1.1
36,beverages,37.92349851877374,60.83235747472147,59.24076698728061,2023-05-03,2,5,0,181,16,5,1.1
36,beverages,37.92349851877374,60.83235747472147,59.52737509678592,2023-05-04,3,5,0,166,19,12,1.1
36,beverages,37.92349851877374,60.83235747472147,57.93122495377412,2023-05-05,4,5,0,136,12,11,1.1
36,beverages,37.92349851877374,60.83235747472147,57.46989069318499,2023-05-06,5,5,1,171,14,8,1.1
36,beverages,37.92349851877374,60.83235747472147,43.16393132962949,2023-05-07,6,5,1,77,22,5,1.1
36,beverages,37.92349851877374,60.83235747472147,49.96612731451296,2023-05-08,0,5,0,73,12,4,1.1
36,beverages,37.92349851877374,60.83235747472147,43.375654814942266,2023-05-09,1,5,0,118,7,10,1.1
36,beverages,37.92349851877374,60.83235747472147,51.48249119276101,2023-05-10,2,5,0,165,7,12,1.1
36,beverages,37.92349851877374,60.83235747472147,48.07929480498035,2023-05-11,3,5,0,127,4,13,1.1
36,beverages,37.92349851877374,60.83235747472147,55.56387842591203,2023-05-12,4,5,0,123,7,3,1.1
36,beverages,37.92349851877374,60.83235747472147,57.11062839833066,2023-05-13,5,5,1,119,19,5,1.1
36,beverages,37.92349851877374,60.83235747472147,47.38656045846451,2023-05-14,6,5,1,115,15,9,1.1
36,beverages,37.92349851877374,60.83235747472147,48.47159238179496,2023-05-15,0,5,0,188,18,9,1.1
36,beverages,37.92349851877374,60.83235747472147,57.630163180160324,2023-05-16,1,5,0,31,12,6,1.1
36,beverages,37.92349851877374,60.83235747472147,52.06255717856778,2023-05-17,2,5,0,115,12,2,1.1
36,beverages,37.92349851877374,60.83235747472147,44.87195973996798,2023-05-18,3,5,0,157,11,7,1.1
36,beverages,37.92349851877374,60.83235747472147,59.840128569917425,2023-05-19,4,5,0,199,6,6,1.1
36,beverages,37.92349851877374,60.83235747472147,48.53436142347709,2023-05-20,5,5,1,85,17,6,1.1
36,beverages,37.92349851877374,60.83235747472147,44.384431704396825,2023-05-21,6,5,1,198,12,5,1.1
36,beverages,37.92349851877374,60.83235747472147,53.97872374351418,2023-05-22,0,5,0,50,13,9,1.1
36,beverages,37.92349851877374,60.83235747472147,44.89655176453847,2023-05-23,1,5,0,120,8,9,1.1
36,beverages,37.92349851877374,60.83235747472147,48.19626144774549,2023-05-24,2,5,0,196,8,9,1.1
36,beverages,37.92349851877374,60.83235747472147,56.03685012784542,2023-05-25,3,5,0,117,17,6,1.1
36,beverages,37.92349851877374,60.83235747472147,60.146841049336885,2023-05-26,4,5,0,174,8,5,1.1
36,beverages,37.92349851877374,60.83235747472147,51.99691246735981,2023-05-27,5,5,1,81,10,11,1.1
36,beverages,37.92349851877374,60.83235747472147,57.61408752855739,2023-05-28,6,5,1,179,11,1,1.1
36,beverages,37.92349851877374,60.83235747472147,53.11415479873319,2023-05-29,0,5,0,114,7,1,1.1
36,beverages,37.92349851877374,60.83235747472147,53.05239361829237,2023-05-30,1,5,0,69,12,8,1.1
36,beverages,37.92349851877374,60.83235747472147,50.72878004983377,2023-05-31,2,5,0,60,16,9,1.1
36,beverages,37.92349851877374,60.83235747472147,52.78619007907649,2023-06-01,3,6,0,29,6,7,1.0
36,beverages,37.92349851877374,60.83235747472147,46.69964559942332,2023-06-02,4,6,0,23,10,7,1.0
36,beverages,37.92349851877374,60.83235747472147,58.08512703260473,2023-06-03,5,6,1,126,10,1,1.0
36,beverages,37.92349851877374,60.83235747472147,42.506827262471546,2023-06-04,6,6,1,106,10,7,1.0
36,beverages,37.92349851877374,60.83235747472147,41.10518948068907,2023-06-05,0,6,0,167,16,2,1.0
36,beverages,37.92349851877374,60.83235747472147,39.95260291051313,2023-06-06,1,6,0,127,18,7,1.0
36,beverages,37.92349851877374,60.83235747472147,53.25229567408,2023-06-07,2,6,0,130,6,9,1.0
36,beverages,37.92349851877374,60.83235747472147,41.13628591288785,2023-06-08,3,6,0,45,18,11,1.0
36,beverages,37.92349851877374,60.83235747472147,44.740645996261435,2023-06-09,4,6,0,154,9,3,1.0
36,beverages,37.92349851877374,60.83235747472147,45.28748076794851,2023-06-10,5,6,1,178,6,3,1.0
36,beverages,37.92349851877374,60.83235747472147,51.149764947779325,2023-06-11,6,6,1,135,10,8,1.0
36,beverages,37.92349851877374,60.83235747472147,54.647480091072495,2023-06-12,0,6,0,181,6,6,1.0
36,beverages,37.92349851877374,60.83235747472147,51.59488013107493,2023-06-13,1,6,0,56,7,10,1.0
36,beverages,37.92349851877374,60.83235747472147,56.04735107882087,2023-06-14,2,6,0,132,11,6,1.0
36,beverages,37.92349851877374,60.83235747472147,48.53896509541181,2023-06-15,3,6,0,94,16,6,1.0
36,beverages,37.92349851877374,60.83235747472147,40.052265535306,2023-06-16,4,6,0,133,21,5,1.0
36,beverages,37.92349851877374,60.83235747472147,51.364507121346335,2023-06-17,5,6,1,124,16,10,1.0
36,beverages,37.92349851877374,60.83235747472147,41.28232086075058,2023-06-18,6,6,1,180,9,1,1.0
36,beverages,37.92349851877374,60.83235747472147,46.26303854834464,2023-06-19,0,6,0,33,17,4,1.0
36,beverages,37.92349851877374,60.83235747472147,59.50531394434397,2023-06-20,1,6,0,25,4,10,1.0
36,beverages,37.92349851877374,60.83235747472147,53.340190867332204,2023-06-21,2,6,0,181,5,8,1.0
36,beverages,37.92349851877374,60.83235747472147,46.05514189836958,2023-06-22,3,6,0,140,8,14,1.0
36,beverages,37.92349851877374,60.83235747472147,53.316080964140795,2023-06-23,4,6,0,149,16,3,1.0
36,beverages,37.92349851877374,60.83235747472147,44.68089796259717,2023-06-24,5,6,1,78,40,1,1.0
36,beverages,37.92349851877374,60.83235747472147,50.54823177034261,2023-06-25,6,6,1,33,24,1,1.0
36,beverages,37.92349851877374,60.83235747472147,50.956174040551204,2023-06-26,0,6,0,45,9,14,1.0
36,beverages,37.92349851877374,60.83235747472147,54.036687136617495,2023-06-27,1,6,0,113,17,10,1.0
36,beverages,37.92349851877374,60.83235747472147,48.32588444868442,2023-06-28,2,6,0,159,9,6,1.0
36,beverages,37.92349851877374,60.83235747472147,40.49018558018032,2023-06-29,3,6,0,46,13,10,1.0
37,snacks,19.595642241681844,25.83895985802564,24.600061913847675,2023-01-01,6,1,1,159,19,13,1.1
37,snacks,19.595642241681844,25.83895985802564,25.141802794534783,2023-01-02,0,1,0,156,13,10,1.1
37,snacks,19.595642241681844,25.83895985802564,24.35746583253563,2023-01-03,1,1,0,199,14,9,1.1
37,snacks,19.595642241681844,25.83895985802564,21.20342684664366,2023-01-04,2,1,0,47,19,14,1.1
37,snacks,19.595642241681844,25.83895985802564,25.791260763740222,2023-01-05,3,1,0,161,10,4,1.1
37,snacks,19.595642241681844,25.83895985802564,21.676595365234476,2023-01-06,4,1,0,195,15,10,1.1
37,snacks,19.595642241681844,25.83895985802564,25.297488337074846,2023-01-07,5,1,1,56,21,8,1.1
37,snacks,19.595642241681844,25.83895985802564,20.583877314079775,2023-01-08,6,1,1,94,24,4,1.1
37,snacks,19.595642241681844,25.83895985802564,23.45524874608872,2023-01-09,0,1,0,28,6,10,1.1
37,snacks,19.595642241681844,25.83895985802564,23.610551558347737,2023-01-10,1,1,0,92,5,10,1.1
37,snacks,19.595642241681844,25.83895985802564,24.5995658370645,2023-01-11,2,1,0,148,12,4,1.1
37,snacks,19.595642241681844,25.83895985802564,25.588207981680018,2023-01-12,3,1,0,51,23,1,1.1
37,snacks,19.595642241681844,25.83895985802564,24.872686783750215,2023-01-13,4,1,0,129,24,3,1.1
37,snacks,19.595642241681844,25.83895985802564,23.13113244412065,2023-01-14,5,1,1,22,22,1,1.1
37,snacks,19.595642241681844,25.83895985802564,23.166136413793325,2023-01-15,6,1,1,168,26,9,1.1
37,snacks,19.595642241681844,25.83895985802564,22.312041722990184,2023-01-16,0,1,0,88,15,9,1.1
37,snacks,19.595642241681844,25.83895985802564,22.970273184501764,2023-01-17,1,1,0,83,13,12,1.1
37,snacks,19.595642241681844,25.83895985802564,24.365055558515845,2023-01-18,2,1,0,69,15,11,1.1
37,snacks,19.595642241681844,25.83895985802564,24.87260593906676,2023-01-19,3,1,0,53,15,10,1.1
37,snacks,19.595642241681844,25.83895985802564,22.409499794718258,2023-01-20,4,1,0,130,19,8,1.1
37,snacks,19.595642241681844,25.83895985802564,24.444958787883586,2023-01-21,5,1,1,52,9,6,1.1
37,snacks,19.595642241681844,25.83895985802564,24.411008492699814,2023-01-22,6,1,1,123,11,2,1.1
37,snacks,19.595642241681844,25.83895985802564,21.102301693596555,2023-01-23,0,1,0,20,17,9,1.1
37,snacks,19.595642241681844,25.83895985802564,22.278902711584728,2023-01-24,1,1,0,60,17,14,1.1
37,snacks,19.595642241681844,25.83895985802564,24.4402071095031,2023-01-25,2,1,0,186,15,1,1.1
37,snacks,19.595642241681844,25.83895985802564,20.95281853050096,2023-01-26,3,1,0,35,24,7,1.1
37,snacks,19.595642241681844,25.83895985802564,24.048597932852026,2023-01-27,4,1,0,81,16,8,1.1
37,snacks,19.595642241681844,25.83895985802564,22.891819811891086,2023-01-28,5,1,1,130,24,3,1.1
37,snacks,19.595642241681844,25.83895985802564,22.370196633307813,2023-01-29,6,1,1,36,14,4,1.1
37,snacks,19.595642241681844,25.83895985802564,25.65444564976142,2023-01-30,0,1,0,192,3,4,1.1
37,snacks,19.595642241681844,25.83895985802564,25.61481475938257,2023-01-31,1,1,0,73,7,3,1.1
37,snacks,19.595642241681844,25.83895985802564,23.86082599458205,2023-02-01,2,2,0,103,5,6,1.1732050807568877
37,snacks,19.595642241681844,25.83895985802564,20.900958798354136,2023-02-02,3,2,0,148,29,1,1.1732050807568877
37,snacks,19.595642241681844,25.83895985802564,25.557399250630947,2023-02-03,4,2,0,184,0,12,1.1732050807568877
37,snacks,19.595642241681844,25.83895985802564,20.98007555888045,2023-02-04,5,2,1,31,23,6,1.1732050807568877
37,snacks,19.595642241681844,25.83895985802564,22.43852186146978,2023-02-05,6,2,1,197,25,2,1.1732050807568877
37,snacks,19.595642241681844,25.83895985802564,23.794786649838933,2023-02-06,0,2,0,109,15,7,1.1732050807568877
37,snacks,19.595642241681844,25.83895985802564,23.21326076658807,2023-02-07,1,2,0,43,7,8,1.1732050807568877
37,snacks,19.595642241681844,25.83895985802564,21.625618858053215,2023-02-08,2,2,0,71,20,6,1.1732050807568877
37,snacks,19.595642241681844,25.83895985802564,22.308800971827807,2023-02-09,3,2,0,79,12,10,1.1732050807568877
37,snacks,19.595642241681844,25.83895985802564,21.905792281880057,2023-02-10,4,2,0,152,8,3,1.1732050807568877
37,snacks,19.595642241681844,25.83895985802564,25.800143775891367,2023-02-11,5,2,1,48,15,6,1.1732050807568877
37,snacks,19.595642241681844,25.83895985802564,24.51011604156837,2023-02-12,6,2,1,74,19,14,1.1732050807568877
37,snacks,19.595642241681844,25.83895985802564,22.78122448416671,2023-02-13,0,2,0,77,15,2,1.1732050807568877
37,snacks,19.595642241681844,25.83895985802564,21.63326702593265,2023-02-14,1,2,0,133,16,14,1.1732050807568877
37,snacks,19.595642241681844,25.83895985802564,24.52022313599221,2023-02-15,2,2,0,87,13,11,1.1732050807568877
37,snacks,19.595642241681844,25.83895985802564,21.042531025911973,2023-02-16,3,2,0,165,29,3,1.1732050807568877
37,snacks,19.595642241681844,25.83895985802564,21.44916580282752,2023-02-17,4,2,0,162,15,4,1.1732050807568877
37,snacks,19.595642241681844,25.83895985802564,25.525234364699255,2023-02-18,5,2,1,28,18,7,1.1732050807568877
37,snacks,19.595642241681844,25.83895985802564,22.758422839718907,2023-02-19,6,2,1,155,23,11,1.1732050807568877
37,snacks,19.595642241681844,25.83895985802564,21.381966268423483,2023-02-20,0,2,0,167,20,1,1.1732050807568877
37,snacks,19.595642241681844,25.83895985802564,23.18263953889649,2023-02-21,1,2,0,106,24,3,1.1732050807568877
37,snacks,19.595642241681844,25.83895985802564,22.220771869337618,2023-02-22,2,2,0,77,12,12,1.1732050807568877
37,snacks,19.595642241681844,25.83895985802564,23.927872783702306,2023-02-23,3,2,0,91,28,1,1.1732050807568877
37,snacks,19.595642241681844,25.83895985802564,22.81281994370738,2023-02-24,4,2,0,57,19,8,1.1732050807568877
37,snacks,19.595642241681844,25.83895985802564,24.8703465038498,2023-02-25,5,2,1,86,15,12,1.1732050807568877
37,snacks,19.595642241681844,25.83895985802564,22.256760075067536,2023-02-26,6,2,1,142,26,10,1.1732050807568877
37,snacks,19.595642241681844,25.83895985802564,25.47772019516434,2023-02-27,0,2,0,28,10,9,1.1732050807568877
37,snacks,19.595642241681844,25.83895985802564,23.48612407599861,2023-02-28,1,2,0,37,23,12,1.1732050807568877
37,snacks,19.595642241681844,25.83895985802564,23.922563748008535,2023-03-01,2,3,0,103,13,8,1.2
37,snacks,19.595642241681844,25.83895985802564,25.30525874498543,2023-03-02,3,3,0,164,8,3,1.2
37,snacks,19.595642241681844,25.83895985802564,25.768496153882886,2023-03-03,4,3,0,105,14,6,1.2
37,snacks,19.595642241681844,25.83895985802564,23.978712089238844,2023-03-04,5,3,1,177,9,10,1.2
37,snacks,19.595642241681844,25.83895985802564,20.96815362852388,2023-03-05,6,3,1,60,19,10,1.2
37,snacks,19.595642241681844,25.83895985802564,22.48785855931244,2023-03-06,0,3,0,61,14,7,1.2
37,snacks,19.595642241681844,25.83895985802564,24.26035404234774,2023-03-07,1,3,0,177,21,6,1.2
37,snacks,19.595642241681844,25.83895985802564,21.048189534080862,2023-03-08,2,3,0,58,22,11,1.2
37,snacks,19.595642241681844,25.83895985802564,21.30820741630485,2023-03-09,3,3,0,36,12,6,1.2
37,snacks,19.595642241681844,25.83895985802564,21.86399851675023,2023-03-10,4,3,0,175,16,9,1.2
37,snacks,19.595642241681844,25.83895985802564,21.872281222150185,2023-03-11,5,3,1,191,18,6,1.2
37,snacks,19.595642241681844,25.83895985802564,22.816033723505093,2023-03-12,6,3,1,145,19,10,1.2
37,snacks,19.595642241681844,25.83895985802564,25.702466468003138,2023-03-13,0,3,0,101,3,12,1.2
37,snacks,19.595642241681844,25.83895985802564,24.51536477720942,2023-03-14,1,3,0,94,11,14,1.2
37,snacks,19.595642241681844,25.83895985802564,22.01242806690644,2023-03-15,2,3,0,109,12,14,1.2
37,snacks,19.595642241681844,25.83895985802564,24.82071323310825,2023-03-16,3,3,0,186,20,13,1.2
37,snacks,19.595642241681844,25.83895985802564,22.904721870320095,2023-03-17,4,3,0,128,10,9,1.2
37,snacks,19.595642241681844,25.83895985802564,23.876760711946716,2023-03-18,5,3,1,83,16,8,1.2
37,snacks,19.595642241681844,25.83895985802564,22.645886292619483,2023-03-19,6,3,1,93,32,2,1.2
37,snacks,19.595642241681844,25.83895985802564,23.589973169556664,2023-03-20,0,3,0,71,15,4,1.2
37,snacks,19.595642241681844,25.83895985802564,21.862917762250436,2023-03-21,1,3,0,60,11,2,1.2
37,snacks,19.595642241681844,25.83895985802564,20.697603158167247,2023-03-22,2,3,0,85,11,12,1.2
37,snacks,19.595642241681844,25.83895985802564,25.06015607917043,2023-03-23,3,3,0,58,11,8,1.2
37,snacks,19.595642241681844,25.83895985802564,25.4106848306486,2023-03-24,4,3,0,144,20,2,1.2
37,snacks,19.595642241681844,25.83895985802564,23.327833229055322,2023-03-25,5,3,1,37,21,4,1.2
37,snacks,19.595642241681844,25.83895985802564,25.549653498172724,2023-03-26,6,3,1,188,11,6,1.2
37,snacks,19.595642241681844,25.83895985802564,23.80575537587194,2023-03-27,0,3,0,129,13,12,1.2
37,snacks,19.595642241681844,25.83895985802564,23.24561713918707,2023-03-28,1,3,0,184,5,3,1.2
37,snacks,19.595642241681844,25.83895985802564,23.92166996659187,2023-03-29,2,3,0,114,8,2,1.2
37,snacks,19.595642241681844,25.83895985802564,24.193229312059753,2023-03-30,3,3,0,21,12,7,1.2
37,snacks,19.595642241681844,25.83895985802564,25.094530325531338,2023-03-31,4,3,0,154,6,3,1.2
37,snacks,19.595642241681844,25.83895985802564,24.175321170217888,2023-04-01,5,4,1,139,16,6,1.1732050807568877
37,snacks,19.595642241681844,25.83895985802564,23.999089873680965,2023-04-02,6,4,1,148,15,5,1.1732050807568877
37,snacks,19.595642241681844,25.83895985802564,25.81487655034429,2023-04-03,0,4,0,48,10,11,1.1732050807568877
37,snacks,19.595642241681844,25.83895985802564,24.741469864607424,2023-04-04,1,4,0,64,6,13,1.1732050807568877
37,snacks,19.595642241681844,25.83895985802564,24.88613956555335,2023-04-05,2,4,0,32,8,12,1.1732050807568877
37,snacks,19.595642241681844,25.83895985802564,20.93456417134722,2023-04-06,3,4,0,165,29,3,1.1732050807568877
37,snacks,19.595642241681844,25.83895985802564,22.904259557347693,2023-04-07,4,4,0,102,15,11,1.1732050807568877
37,snacks,19.595642241681844,25.83895985802564,21.495151992005827,2023-04-08,5,4,1,72,23,9,1.1732050807568877
37,snacks,19.595642241681844,25.83895985802564,24.41604250129278,2023-04-09,6,4,1,192,17,5,1.1732050807568877
37,snacks,19.595642241681844,25.83895985802564,22.345575413169794,2023-04-10,0,4,0,56,11,8,1.1732050807568877
37,snacks,19.595642241681844,25.83895985802564,21.758260144698436,2023-04-11,1,4,0,77,24,13,1.1732050807568877
37,snacks,19.595642241681844,25.83895985802564,21.079861692470445,2023-04-12,2,4,0,109,9,7,1.1732050807568877
37,snacks,19.595642241681844,25.83895985802564,25.71703505121848,2023-04-13,3,4,0,146,17,9,1.1732050807568877
37,snacks,19.595642241681844,25.83895985802564,22.21356503077446,2023-04-14,4,4,0,82,19,4,1.1732050807568877
37,snacks,19.595642241681844,25.83895985802564,21.931187594528897,2023-04-15,5,4,1,181,16,1,1.1732050807568877
37,snacks,19.595642241681844,25.83895985802564,21.315370908744246,2023-04-16,6,4,1,110,12,12,1.1732050807568877
37,snacks,19.595642241681844,25.83895985802564,23.601012056215442,2023-04-17,0,4,0,110,5,8,1.1732050807568877
37,snacks,19.595642241681844,25.83895985802564,22.685124899955586,2023-04-18,1,4,0,138,12,8,1.1732050807568877
37,snacks,19.595642241681844,25.83895985802564,23.002878705961685,2023-04-19,2,4,0,155,11,7,1.1732050807568877
37,snacks,19.595642241681844,25.83895985802564,21.001807008631136,2023-04-20,3,4,0,115,16,7,1.1732050807568877
37,snacks,19.595642241681844,25.83895985802564,20.831611248828832,2023-04-21,4,4,0,46,40,1,1.1732050807568877
37,snacks,19.595642241681844,25.83895985802564,24.600060618983598,2023-04-22,5,4,1,87,16,9,1.1732050807568877
37,snacks,19.595642241681844,25.83895985802564,21.901471088827957,2023-04-23,6,4,1,187,24,8,1.1732050807568877
37,snacks,19.595642241681844,25.83895985802564,23.453291059777655,2023-04-24,0,4,0,198,8,4,1.1732050807568877
37,snacks,19.595642241681844,25.83895985802564,23.437448860527923,2023-04-25,1,4,0,95,16,10,1.1732050807568877
37,snacks,19.595642241681844,25.83895985802564,23.998282059690236,2023-04-26,2,4,0,114,15,6,1.1732050807568877
37,snacks,19.595642241681844,25.83895985802564,23.082205082480403,2023-04-27,3,4,0,184,7,13,1.1732050807568877
37,snacks,19.595642241681844,25.83895985802564,22.72716985033853,2023-04-28,4,4,0,188,14,8,1.1732050807568877
37,snacks,19.595642241681844,25.83895985802564,23.650791942450603,2023-04-29,5,4,1,155,6,14,1.1732050807568877
37,snacks,19.595642241681844,25.83895985802564,21.630806306956966,2023-04-30,6,4,1,160,10,13,1.1732050807568877
37,snacks,19.595642241681844,25.83895985802564,24.06171993719069,2023-05-01,0,5,0,55,15,9,1.1
37,snacks,19.595642241681844,25.83895985802564,24.290671172476028,2023-05-02,1,5,0,185,26,2,1.1
37,snacks,19.595642241681844,25.83895985802564,23.683014483601582,2023-05-03,2,5,0,147,14,12,1.1
37,snacks,19.595642241681844,25.83895985802564,24.034336265134815,2023-05-04,3,5,0,180,14,8,1.1
37,snacks,19.595642241681844,25.83895985802564,23.310162862142533,2023-05-05,4,5,0,171,12,9,1.1
37,snacks,19.595642241681844,25.83895985802564,20.58313539679911,2023-05-06,5,5,1,176,9,7,1.1
37,snacks,19.595642241681844,25.83895985802564,21.931862887193283,2023-05-07,6,5,1,129,15,11,1.1
37,snacks,19.595642241681844,25.83895985802564,25.798368487932677,2023-05-08,0,5,0,79,2,14,1.1
37,snacks,19.595642241681844,25.83895985802564,23.603285830262568,2023-05-09,1,5,0,21,21,14,1.1
37,snacks,19.595642241681844,25.83895985802564,23.987670861357365,2023-05-10,2,5,0,121,25,1,1.1
37,snacks,19.595642241681844,25.83895985802564,23.634685824272204,2023-05-11,3,5,0,124,18,5,1.1
37,snacks,19.595642241681844,25.83895985802564,21.63280069422438,2023-05-12,4,5,0,98,22,1,1.1
37,snacks,19.595642241681844,25.83895985802564,25.02934926464682,2023-05-13,5,5,1,61,12,2,1.1
37,snacks,19.595642241681844,25.83895985802564,21.95373175821791,2023-05-14,6,5,1,177,7,12,1.1
37,snacks,19.595642241681844,25.83895985802564,24.623081113221154,2023-05-15,0,5,0,74,21,3,1.1
37,snacks,19.595642241681844,25.83895985802564,24.41761884492457,2023-05-16,1,5,0,45,6,7,1.1
37,snacks,19.595642241681844,25.83895985802564,21.068672792592185,2023-05-17,2,5,0,31,6,13,1.1
37,snacks,19.595642241681844,25.83895985802564,22.754479347572172,2023-05-18,3,5,0,171,6,10,1.1
37,snacks,19.595642241681844,25.83895985802564,25.690312225110308,2023-05-19,4,5,0,131,16,12,1.1
37,snacks,19.595642241681844,25.83895985802564,24.72719500252633,2023-05-20,5,5,1,71,20,5,1.1
37,snacks,19.595642241681844,25.83895985802564,22.54255519887392,2023-05-21,6,5,1,39,23,14,1.1
37,snacks,19.595642241681844,25.83895985802564,20.973091127964526,2023-05-22,0,5,0,103,10,7,1.1
37,snacks,19.595642241681844,25.83895985802564,25.329810670770414,2023-05-23,1,5,0,96,8,12,1.1
37,snacks,19.595642241681844,25.83895985802564,21.268761448760156,2023-05-24,2,5,0,151,17,8,1.1
37,snacks,19.595642241681844,25.83895985802564,20.812107164870206,2023-05-25,3,5,0,25,17,14,1.1
37,snacks,19.595642241681844,25.83895985802564,25.3254053798958,2023-05-26,4,5,0,102,33,1,1.1
37,snacks,19.595642241681844,25.83895985802564,22.694740000592105,2023-05-27,5,5,1,133,17,12,1.1
37,snacks,19.595642241681844,25.83895985802564,22.44885722676947,2023-05-28,6,5,1,191,10,9,1.1
37,snacks,19.595642241681844,25.83895985802564,21.56848024371517,2023-05-29,0,5,0,36,23,2,1.1
37,snacks,19.595642241681844,25.83895985802564,21.48977470358989,2023-05-30,1,5,0,36,12,13,1.1
37,snacks,19.595642241681844,25.83895985802564,23.48891733895767,2023-05-31,2,5,0,103,10,7,1.1
37,snacks,19.595642241681844,25.83895985802564,21.394262364933283,2023-06-01,3,6,0,91,10,11,1.0
37,snacks,19.595642241681844,25.83895985802564,24.155963714273398,2023-06-02,4,6,0,57,9,11,1.0
37,snacks,19.595642241681844,25.83895985802564,21.350319331752473,2023-06-03,5,6,1,135,22,5,1.0
37,snacks,19.595642241681844,25.83895985802564,21.61414561351502,2023-06-04,6,6,1,130,13,8,1.0
37,snacks,19.595642241681844,25.83895985802564,20.828798716452887,2023-06-05,0,6,0,63,18,7,1.0
37,snacks,19.595642241681844,25.83895985802564,24.390406584479397,2023-06-06,1,6,0,136,21,2,1.0
37,snacks,19.595642241681844,25.83895985802564,23.72915521146932,2023-06-07,2,6,0,148,6,14,1.0
37,snacks,19.595642241681844,25.83895985802564,24.87007018418217,2023-06-08,3,6,0,93,19,14,1.0
37,snacks,19.595642241681844,25.83895985802564,23.853664125155422,2023-06-09,4,6,0,30,8,7,1.0
37,snacks,19.595642241681844,25.83895985802564,22.07711090572673,2023-06-10,5,6,1,142,14,7,1.0
37,snacks,19.595642241681844,25.83895985802564,22.26461035269533,2023-06-11,6,6,1,37,15,5,1.0
37,snacks,19.595642241681844,25.83895985802564,20.92765037385042,2023-06-12,0,6,0,52,16,11,1.0
37,snacks,19.595642241681844,25.83895985802564,22.16587604144723,2023-06-13,1,6,0,173,7,10,1.0
37,snacks,19.595642241681844,25.83895985802564,21.783492925252197,2023-06-14,2,6,0,173,10,2,1.0
37,snacks,19.595642241681844,25.83895985802564,24.63102532997588,2023-06-15,3,6,0,186,17,9,1.0
37,snacks,19.595642241681844,25.83895985802564,23.173232462961952,2023-06-16,4,6,0,52,9,6,1.0
37,snacks,19.595642241681844,25.83895985802564,21.076437098955275,2023-06-17,5,6,1,55,27,5,1.0
37,snacks,19.595642241681844,25.83895985802564,22.4938246042925,2023-06-18,6,6,1,30,22,2,1.0
37,snacks,19.595642241681844,25.83895985802564,22.11089937227313,2023-06-19,0,6,0,86,21,4,1.0
37,snacks,19.595642241681844,25.83895985802564,21.699205883254855,2023-06-20,1,6,0,141,15,6,1.0
37,snacks,19.595642241681844,25.83895985802564,25.349493802673102,2023-06-21,2,6,0,60,10,12,1.0
37,snacks,19.595642241681844,25.83895985802564,24.651315933782858,2023-06-22,3,6,0,114,12,12,1.0
37,snacks,19.595642241681844,25.83895985802564,21.42673860955361,2023-06-23,4,6,0,138,7,7,1.0
37,snacks,19.595642241681844,25.83895985802564,24.04186444985906,2023-06-24,5,6,1,46,13,7,1.0
37,snacks,19.595642241681844,25.83895985802564,20.6716181744499,2023-06-25,6,6,1,196,3,9,1.0
37,snacks,19.595642241681844,25.83895985802564,23.834246933577624,2023-06-26,0,6,0,186,17,3,1.0
37,snacks,19.595642241681844,25.83895985802564,22.280343768716673,2023-06-27,1,6,0,60,7,2,1.0
37,snacks,19.595642241681844,25.83895985802564,20.799813681439105,2023-06-28,2,6,0,145,14,10,1.0
37,snacks,19.595642241681844,25.83895985802564,21.0861190917505,2023-06-29,3,6,0,28,20,2,1.0
38,grocery,63.51989730518079,89.84083037622483,85.46677121465771,2023-01-01,6,1,1,189,8,10,1.1
38,grocery,63.51989730518079,89.84083037622483,75.94249387475139,2023-01-02,0,1,0,160,20,6,1.1
38,grocery,63.51989730518079,89.84083037622483,80.74979033769053,2023-01-03,1,1,0,82,9,2,1.1
38,grocery,63.51989730518079,89.84083037622483,80.51501693354089,2023-01-04,2,1,0,126,15,13,1.1
38,grocery,63.51989730518079,89.84083037622483,86.39252565933893,2023-01-05,3,1,0,76,13,13,1.1
38,grocery,63.51989730518079,89.84083037622483,78.5740065389148,2023-01-06,4,1,0,140,13,14,1.1
38,grocery,63.51989730518079,89.84083037622483,84.73398545586538,2023-01-07,5,1,1,106,25,1,1.1
38,grocery,63.51989730518079,89.84083037622483,75.94460521400326,2023-01-08,6,1,1,109,21,12,1.1
38,grocery,63.51989730518079,89.84083037622483,81.53161695896529,2023-01-09,0,1,0,110,10,9,1.1
38,grocery,63.51989730518079,89.84083037622483,82.53747068550999,2023-01-10,1,1,0,104,18,1,1.1
38,grocery,63.51989730518079,89.84083037622483,74.12946261941634,2023-01-11,2,1,0,165,15,4,1.1
38,grocery,63.51989730518079,89.84083037622483,69.96002454806285,2023-01-12,3,1,0,35,17,13,1.1
38,grocery,63.51989730518079,89.84083037622483,85.72790839158142,2023-01-13,4,1,0,21,5,12,1.1
38,grocery,63.51989730518079,89.84083037622483,69.71316201403405,2023-01-14,5,1,1,150,13,13,1.1
38,grocery,63.51989730518079,89.84083037622483,67.51834233339969,2023-01-15,6,1,1,78,27,12,1.1
38,grocery,63.51989730518079,89.84083037622483,84.2709371350733,2023-01-16,0,1,0,110,21,4,1.1
38,grocery,63.51989730518079,89.84083037622483,72.36133470061044,2023-01-17,1,1,0,66,9,2,1.1
38,grocery,63.51989730518079,89.84083037622483,82.72577553977763,2023-01-18,2,1,0,80,8,2,1.1
38,grocery,63.51989730518079,89.84083037622483,80.91747250424316,2023-01-19,3,1,0,191,8,8,1.1
38,grocery,63.51989730518079,89.84083037622483,73.98400608305344,2023-01-20,4,1,0,28,7,4,1.1
38,grocery,63.51989730518079,89.84083037622483,86.09534687446963,2023-01-21,5,1,1,41,10,4,1.1
38,grocery,63.51989730518079,89.84083037622483,81.15675701156805,2023-01-22,6,1,1,48,21,6,1.1
38,grocery,63.51989730518079,89.84083037622483,71.49087921028567,2023-01-23,0,1,0,67,21,2,1.1
38,grocery,63.51989730518079,89.84083037622483,87.62225686032883,2023-01-24,1,1,0,133,4,6,1.1
38,grocery,63.51989730518079,89.84083037622483,70.52238412657172,2023-01-25,2,1,0,104,16,9,1.1
38,grocery,63.51989730518079,89.84083037622483,77.22558114546725,2023-01-26,3,1,0,89,12,9,1.1
38,grocery,63.51989730518079,89.84083037622483,74.04721546115903,2023-01-27,4,1,0,81,9,13,1.1
38,grocery,63.51989730518079,89.84083037622483,88.57231231140194,2023-01-28,5,1,1,26,6,9,1.1
38,grocery,63.51989730518079,89.84083037622483,83.98532901469692,2023-01-29,6,1,1,83,3,12,1.1
38,grocery,63.51989730518079,89.84083037622483,78.06465849944078,2023-01-30,0,1,0,126,3,14,1.1
38,grocery,63.51989730518079,89.84083037622483,87.48440981139828,2023-01-31,1,1,0,112,19,2,1.1
38,grocery,63.51989730518079,89.84083037622483,70.15844110066374,2023-02-01,2,2,0,45,19,4,1.1732050807568877
38,grocery,63.51989730518079,89.84083037622483,88.73980355709097,2023-02-02,3,2,0,106,9,11,1.1732050807568877
38,grocery,63.51989730518079,89.84083037622483,71.29576906396784,2023-02-03,4,2,0,89,18,8,1.1732050807568877
38,grocery,63.51989730518079,89.84083037622483,89.67991089443268,2023-02-04,5,2,1,65,15,12,1.1732050807568877
38,grocery,63.51989730518079,89.84083037622483,88.59067072765835,2023-02-05,6,2,1,175,18,13,1.1732050807568877
38,grocery,63.51989730518079,89.84083037622483,82.77740612840216,2023-02-06,0,2,0,173,15,14,1.1732050807568877
38,grocery,63.51989730518079,89.84083037622483,83.85123999333507,2023-02-07,1,2,0,121,16,11,1.1732050807568877
38,grocery,63.51989730518079,89.84083037622483,79.07338215115891,2023-02-08,2,2,0,193,18,7,1.1732050807568877
38,grocery,63.51989730518079,89.84083037622483,89.44711668647804,2023-02-09,3,2,0,153,6,11,1.1732050807568877
38,grocery,63.51989730518079,89.84083037622483,72.78784473736162,2023-02-10,4,2,0,79,8,10,1.1732050807568877
38,grocery,63.51989730518079,89.84083037622483,80.13825380937361,2023-02-11,5,2,1,63,9,4,1.1732050807568877
38,grocery,63.51989730518079,89.84083037622483,73.81212636291785,2023-02-12,6,2,1,140,18,11,1.1732050807568877
38,grocery,63.51989730518079,89.84083037622483,89.35267121243496,2023-02-13,0,2,0,139,29,1,1.1732050807568877
38,grocery,63.51989730518079,89.84083037622483,73.76442766544194,2023-02-14,1,2,0,85,20,14,1.1732050807568877
38,grocery,63.51989730518079,89.84083037622483,73.632303586915,2023-02-15,2,2,0,34,14,2,1.1732050807568877
38,grocery,63.51989730518079,89.84083037622483,66.95769697822439,2023-02-16,3,2,0,84,16,8,1.1732050807568877
38,grocery,63.51989730518079,89.84083037622483,88.8426587879948,2023-02-17,4,2,0,179,12,9,1.1732050807568877
38,grocery,63.51989730518079,89.84083037622483,73.70440172415336,2023-02-18,5,2,1,122,25,4,1.1732050807568877
38,grocery,63.51989730518079,89.84083037622483,80.94321211024463,2023-02-19,6,2,1,41,22,8,1.1732050807568877
38,grocery,63.51989730518079,89.84083037622483,72.14608063442587,2023-02-20,0,2,0,191,24,3,1.1732050807568877
38,grocery,63.51989730518079,89.84083037622483,85.18724395319192,2023-02-21,1,2,0,160,7,2,1.1732050807568877
38,grocery,63.51989730518079,89.84083037622483,67.19787942259566,2023-02-22,2,2,0,195,38,1,1.1732050807568877
38,grocery,63.51989730518079,89.84083037622483,68.59483144002894,2023-02-23,3,2,0,81,7,1,1.1732050807568877
38,grocery,63.51989730518079,89.84083037622483,82.27901917331386,2023-02-24,4,2,0,156,9,12,1.1732050807568877
38,grocery,63.51989730518079,89.84083037622483,66.91235840815736,2023-02-25,5,2,1,198,22,10,1.1732050807568877
38,grocery,63.51989730518079,89.84083037622483,82.5753630124151,2023-02-26,6,2,1,111,6,3,1.1732050807568877
38,grocery,63.51989730518079,89.84083037622483,85.02046801742134,2023-02-27,0,2,0,69,8,14,1.1732050807568877
38,grocery,63.51989730518079,89.84083037622483,86.2899218900545,2023-02-28,1,2,0,93,15,9,1.1732050807568877
38,grocery,63.51989730518079,89.84083037622483,67.64765592655405,2023-03-01,2,3,0,20,20,4,1.2
38,grocery,63.51989730518079,89.84083037622483,76.92491800177794,2023-03-02,3,3,0,76,11,8,1.2
38,grocery,63.51989730518079,89.84083037622483,80.62147907390357,2023-03-03,4,3,0,129,13,8,1.2
38,grocery,63.51989730518079,89.84083037622483,85.72758651033963,2023-03-04,5,3,1,59,11,4,1.2
38,grocery,63.51989730518079,89.84083037622483,76.87607160628181,2023-03-05,6,3,1,132,28,8,1.2
38,grocery,63.51989730518079,89.84083037622483,83.41675380592872,2023-03-06,0,3,0,154,3,10,1.2
38,grocery,63.51989730518079,89.84083037622483,75.35136647343948,2023-03-07,1,3,0,80,9,9,1.2
38,grocery,63.51989730518079,89.84083037622483,81.13562924341602,2023-03-08,2,3,0,161,6,4,1.2
38,grocery,63.51989730518079,89.84083037622483,77.89091258296546,2023-03-09,3,3,0,135,17,13,1.2
38,grocery,63.51989730518079,89.84083037622483,84.67033130831415,2023-03-10,4,3,0,39,10,7,1.2
38,grocery,63.51989730518079,89.84083037622483,76.39775383971438,2023-03-11,5,3,1,29,6,11,1.2
38,grocery,63.51989730518079,89.84083037622483,80.12561904074737,2023-03-12,6,3,1,80,20,10,1.2
38,grocery,63.51989730518079,89.84083037622483,77.6501770386624,2023-03-13,0,3,0,164,11,5,1.2
38,grocery,63.51989730518079,89.84083037622483,68.3453344841371,2023-03-14,1,3,0,39,22,6,1.2
38,grocery,63.51989730518079,89.84083037622483,88.53392879259795,2023-03-15,2,3,0,53,13,4,1.2
38,grocery,63.51989730518079,89.84083037622483,71.73091463157537,2023-03-16,3,3,0,92,9,11,1.2
38,grocery,63.51989730518079,89.84083037622483,71.23994307265242,2023-03-17,4,3,0,96,18,7,1.2
38,grocery,63.51989730518079,89.84083037622483,67.45868440903625,2023-03-18,5,3,1,144,26,9,1.2
38,grocery,63.51989730518079,89.84083037622483,76.09254920085525,2023-03-19,6,3,1,77,15,13,1.2
38,grocery,63.51989730518079,89.84083037622483,89.694836165803,2023-03-20,0,3,0,90,13,11,1.2
38,grocery,63.51989730518079,89.84083037622483,86.70706824430104,2023-03-21,1,3,0,58,6,14,1.2
38,grocery,63.51989730518079,89.84083037622483,68.90484413833082,2023-03-22,2,3,0,38,17,12,1.2
38,grocery,63.51989730518079,89.84083037622483,67.91880677412284,2023-03-23,3,3,0,194,18,3,1.2
38,grocery,63.51989730518079,89.84083037622483,72.8660412968384,2023-03-24,4,3,0,120,6,11,1.2
38,grocery,63.51989730518079,89.84083037622483,81.79216433770048,2023-03-25,5,3,1,102,6,14,1.2
38,grocery,63.51989730518079,89.84083037622483,86.78656137034353,2023-03-26,6,3,1,191,13,14,1.2
38,grocery,63.51989730518079,89.84083037622483,84.94525432236908,2023-03-27,0,3,0,56,17,7,1.2
38,grocery,63.51989730518079,89.84083037622483,81.03657273359711,2023-03-28,1,3,0,153,5,13,1.2
38,grocery,63.51989730518079,89.84083037622483,72.75563165931825,2023-03-29,2,3,0,75,21,14,1.2
38,grocery,63.51989730518079,89.84083037622483,78.32198075239923,2023-03-30,3,3,0,124,21,3,1.2
38,grocery,63.51989730518079,89.84083037622483,83.11861695337221,2023-03-31,4,3,0,146,7,6,1.2
38,grocery,63.51989730518079,89.84083037622483,84.54131490983299,2023-04-01,5,4,1,168,19,10,1.1732050807568877
38,grocery,63.51989730518079,89.84083037622483,76.10911145391303,2023-04-02,6,4,1,61,11,1,1.1732050807568877
38,grocery,63.51989730518079,89.84083037622483,69.77195878082038,2023-04-03,0,4,0,103,25,1,1.1732050807568877
38,grocery,63.51989730518079,89.84083037622483,71.3182618899041,2023-04-04,1,4,0,74,11,3,1.1732050807568877
38,grocery,63.51989730518079,89.84083037622483,80.66869666736473,2023-04-05,2,4,0,130,7,10,1.1732050807568877
38,grocery,63.51989730518079,89.84083037622483,74.52149036771122,2023-04-06,3,4,0,47,9,9,1.1732050807568877
38,grocery,63.51989730518079,89.84083037622483,81.62478654474494,2023-04-07,4,4,0,86,17,10,1.1732050807568877
38,grocery,63.51989730518079,89.84083037622483,83.04008474884867,2023-04-08,5,4,1,67,22,11,1.1732050807568877
38,grocery,63.51989730518079,89.84083037622483,74.02371675531815,2023-04-09,6,4,1,196,28,12,1.1732050807568877
38,grocery,63.51989730518079,89.84083037622483,81.68377106770234,2023-04-10,0,4,0,173,19,4,1.1732050807568877
38,grocery,63.51989730518079,89.84083037622483,69.49713358398793,2023-04-11,1,4,0,173,21,3,1.1732050807568877
38,grocery,63.51989730518079,89.84083037622483,67.09200820286867,2023-04-12,2,4,0,186,13,6,1.1732050807568877
38,grocery,63.51989730518079,89.84083037622483,74.63987730032477,2023-04-13,3,4,0,144,15,4,1.1732050807568877
38,grocery,63.51989730518079,89.84083037622483,86.86641920635091,2023-04-14,4,4,0,128,11,6,1.1732050807568877
38,grocery,63.51989730518079,89.84083037622483,88.76450376081607,2023-04-15,5,4,1,96,24,4,1.1732050807568877
38,grocery,63.51989730518079,89.84083037622483,89.19793207230008,2023-04-16,6,4,1,25,16,2,1.1732050807568877
38,grocery,63.51989730518079,89.84083037622483,88.77945144526282,2023-04-17,0,4,0,59,12,12,1.1732050807568877
38,grocery,63.51989730518079,89.84083037622483,84.73360899594898,2023-04-18,1,4,0,49,4,4,1.1732050807568877
38,grocery,63.51989730518079,89.84083037622483,76.28341490090862,2023-04-19,2,4,0,92,18,8,1.1732050807568877
38,grocery,63.51989730518079,89.84083037622483,72.87774343088029,2023-04-20,3,4,0,174,24,2,1.1732050807568877
38,grocery,63.51989730518079,89.84083037622483,81.96787851762738,2023-04-21,4,4,0,40,9,10,1.1732050807568877
38,grocery,63.51989730518079,89.84083037622483,79.38163822452192,2023-04-22,5,4,1,53,14,10,1.1732050807568877
38,grocery,63.51989730518079,89.84083037622483,74.55907194392415,2023-04-23,6,4,1,62,32,3,1.1732050807568877
38,grocery,63.51989730518079,89.84083037622483,75.63146608072837,2023-04-24,0,4,0,60,14,2,1.1732050807568877
38,grocery,63.51989730518079,89.84083037622483,87.41090711594859,2023-04-25,1,4,0,180,21,9,1.1732050807568877
38,grocery,63.51989730518079,89.84083037622483,83.40501275832283,2023-04-26,2,4,0,132,24,3,1.1732050807568877
38,grocery,63.51989730518079,89.84083037622483,84.5220820509183,2023-04-27,3,4,0,78,16,13,1.1732050807568877
38,grocery,63.51989730518079,89.84083037622483,84.5631765800741,2023-04-28,4,4,0,123,31,1,1.1732050807568877
38,grocery,63.51989730518079,89.84083037622483,88.80870368238814,2023-04-29,5,4,1,128,15,13,1.1732050807568877
38,grocery,63.51989730518079,89.84083037622483,69.23864358065991,2023-04-30,6,4,1,178,13,6,1.1732050807568877
38,grocery,63.51989730518079,89.84083037622483,78.2717688303334,2023-05-01,0,5,0,136,14,7,1.1
38,grocery,63.51989730518079,89.84083037622483,77.88062206738238,2023-05-02,1,5,0,153,13,1,1.1
38,grocery,63.51989730518079,89.84083037622483,86.33897380425515,2023-05-03,2,5,0,196,5,3,1.1
38,grocery,63.51989730518079,89.84083037622483,75.73505481441664,2023-05-04,3,5,0,181,6,14,1.1
38,grocery,63.51989730518079,89.84083037622483,83.03389967797105,2023-05-05,4,5,0,39,11,4,1.1
38,grocery,63.51989730518079,89.84083037622483,78.54139758018229,2023-05-06,5,5,1,144,21,9,1.1
38,grocery,63.51989730518079,89.84083037622483,70.2651829946287,2023-05-07,6,5,1,39,10,3,1.1
38,grocery,63.51989730518079,89.84083037622483,84.96508317531753,2023-05-08,0,5,0,38,15,7,1.1
38,grocery,63.51989730518079,89.84083037622483,70.83551908846746,2023-05-09,1,5,0,154,16,5,1.1
38,grocery,63.51989730518079,89.84083037622483,66.85723439569729,2023-05-10,2,5,0,177,24,11,1.1
38,grocery,63.51989730518079,89.84083037622483,81.23605691631502,2023-05-11,3,5,0,194,24,3,1.1
38,grocery,63.51989730518079,89.84083037622483,79.02126701730492,2023-05-12,4,5,0,98,12,1,1.1
38,grocery,63.51989730518079,89.84083037622483,86.56349974786825,2023-05-13,5,5,1,120,5,5,1.1
38,grocery,63.51989730518079,89.84083037622483,73.01362407077278,2023-05-14,6,5,1,87,9,7,1.1
38,grocery,63.51989730518079,89.84083037622483,69.0839772982136,2023-05-15,0,5,0,46,18,11,1.1
38,grocery,63.51989730518079,89.84083037622483,75.18818458185814,2023-05-16,1,5,0,21,18,9,1.1
38,grocery,63.51989730518079,89.84083037622483,80.17040974552461,2023-05-17,2,5,0,57,31,1,1.1
38,grocery,63.51989730518079,89.84083037622483,72.78389087163862,2023-05-18,3,5,0,155,16,2,1.1
38,grocery,63.51989730518079,89.84083037622483,83.44151786636839,2023-05-19,4,5,0,53,5,5,1.1
38,grocery,63.51989730518079,89.84083037622483,89.12341279466793,2023-05-20,5,5,1,90,11,13,1.1
38,grocery,63.51989730518079,89.84083037622483,85.10966609058943,2023-05-21,6,5,1,52,18,11,1.1
38,grocery,63.51989730518079,89.84083037622483,75.84402177240369,2023-05-22,0,5,0,190,25,3,1.1
38,grocery,63.51989730518079,89.84083037622483,70.8320947456967,2023-05-23,1,5,0,92,9,9,1.1
38,grocery,63.51989730518079,89.84083037622483,68.49505549970777,2023-05-24,2,5,0,88,5,4,1.1
38,grocery,63.51989730518079,89.84083037622483,85.98219808061539,2023-05-25,3,5,0,26,7,5,1.1
38,grocery,63.51989730518079,89.84083037622483,71.3893962864536,2023-05-26,4,5,0,189,15,4,1.1
38,grocery,63.51989730518079,89.84083037622483,69.00791139295694,2023-05-27,5,5,1,32,10,13,1.1
38,grocery,63.51989730518079,89.84083037622483,77.85099229706458,2023-05-28,6,5,1,127,20,5,1.1
38,grocery,63.51989730518079,89.84083037622483,68.47644037245409,2023-05-29,0,5,0,149,5,11,1.1
38,grocery,63.51989730518079,89.84083037622483,89.10945962473753,2023-05-30,1,5,0,142,12,6,1.1
38,grocery,63.51989730518079,89.84083037622483,71.37572658131327,2023-05-31,2,5,0,103,19,2,1.1
38,grocery,63.51989730518079,89.84083037622483,77.36932179239349,2023-06-01,3,6,0,92,8,9,1.0
38,grocery,63.51989730518079,89.84083037622483,77.82582625510312,2023-06-02,4,6,0,25,11,7,1.0
38,grocery,63.51989730518079,89.84083037622483,82.5440461893475,2023-06-03,5,6,1,67,19,7,1.0
38,grocery,63.51989730518079,89.84083037622483,85.92972782693207,2023-06-04,6,6,1,162,9,6,1.0
38,grocery,63.51989730518079,89.84083037622483,84.36317779586633,2023-06-05,0,6,0,164,17,3,1.0
38,grocery,63.51989730518079,89.84083037622483,81.00590888135723,2023-06-06,1,6,0,172,11,8,1.0
38,grocery,63.51989730518079,89.84083037622483,86.26763998587475,2023-06-07,2,6,0,167,6,6,1.0
38,grocery,63.51989730518079,89.84083037622483,68.45400677115434,2023-06-08,3,6,0,117,4,7,1.0
38,grocery,63.51989730518079,89.84083037622483,82.638387642668,2023-06-09,4,6,0,71,15,5,1.0
38,grocery,63.51989730518079,89.84083037622483,88.68496834444655,2023-06-10,5,6,1,52,5,10,1.0
38,grocery,63.51989730518079,89.84083037622483,86.99505479793547,2023-06-11,6,6,1,145,20,6,1.0
38,grocery,63.51989730518079,89.84083037622483,86.61835842477065,2023-06-12,0,6,0,74,5,9,1.0
38,grocery,63.51989730518079,89.84083037622483,69.28976971031014,2023-06-13,1,6,0,171,6,11,1.0
38,grocery,63.51989730518079,89.84083037622483,85.68576692978404,2023-06-14,2,6,0,43,12,6,1.0
38,grocery,63.51989730518079,89.84083037622483,89.05341984240414,2023-06-15,3,6,0,166,4,12,1.0
38,grocery,63.51989730518079,89.84083037622483,81.75217862687437,2023-06-16,4,6,0,83,10,14,1.0
38,grocery,63.51989730518079,89.84083037622483,71.98112473645668,2023-06-17,5,6,1,79,6,13,1.0
38,grocery,63.51989730518079,89.84083037622483,83.64537026536237,2023-06-18,6,6,1,139,22,5,1.0
38,grocery,63.51989730518079,89.84083037622483,66.9264664362582,2023-06-19,0,6,0,68,19,14,1.0
38,grocery,63.51989730518079,89.84083037622483,89.39955261555487,2023-06-20,1,6,0,157,16,1,1.0
38,grocery,63.51989730518079,89.84083037622483,74.86648005565124,2023-06-21,2,6,0,150,20,8,1.0
38,grocery,63.51989730518079,89.84083037622483,81.41377658311669,2023-06-22,3,6,0,170,7,9,1.0
38,grocery,63.51989730518079,89.84083037622483,76.9531345944786,2023-06-23,4,6,0,97,11,8,1.0
38,grocery,63.51989730518079,89.84083037622483,86.1210546450619,2023-06-24,5,6,1,189,9,11,1.0
38,grocery,63.51989730518079,89.84083037622483,83.03743601273084,2023-06-25,6,6,1,58,17,2,1.0
38,grocery,63.51989730518079,89.84083037622483,67.13415391686706,2023-06-26,0,6,0,47,18,2,1.0
38,grocery,63.51989730518079,89.84083037622483,86.4582418210747,2023-06-27,1,6,0,94,18,11,1.0
38,grocery,63.51989730518079,89.84083037622483,66.70514303072108,2023-06-28,2,6,0,135,11,8,1.0
38,grocery,63.51989730518079,89.84083037622483,81.20501241321672,2023-06-29,3,6,0,196,14,14,1.0
39,dairy,98.81380464078235,136.99522441120513,120.99587800815085,2023-01-01,6,1,1,134,25,10,1.1
39,dairy,98.81380464078235,136.99522441120513,128.7956688618427,2023-01-02,0,1,0,141,23,3,1.1
39,dairy,98.81380464078235,136.99522441120513,131.88626309708303,2023-01-03,1,1,0,34,27,1,1.1
39,dairy,98.81380464078235,136.99522441120513,110.01428352462959,2023-01-04,2,1,0,22,6,11,1.1
39,dairy,98.81380464078235,136.99522441120513,107.59642927577983,2023-01-05,3,1,0,47,23,7,1.1
39,dairy,98.81380464078235,136.99522441120513,128.66880154912744,2023-01-06,4,1,0,110,14,10,1.1
39,dairy,98.81380464078235,136.99522441120513,125.88939086194542,2023-01-07,5,1,1,81,15,1,1.1
39,dairy,98.81380464078235,136.99522441120513,104.92572896359677,2023-01-08,6,1,1,191,20,11,1.1
39,dairy,98.81380464078235,136.99522441120513,108.10045453697929,2023-01-09,0,1,0,22,22,6,1.1
39,dairy,98.81380464078235,136.99522441120513,117.04848852599815,2023-01-10,1,1,0,67,8,11,1.1
39,dairy,98.81380464078235,136.99522441120513,125.07236416847371,2023-01-11,2,1,0,177,6,14,1.1
39,dairy,98.81380464078235,136.99522441120513,123.8190346693298,2023-01-12,3,1,0,100,15,9,1.1
39,dairy,98.81380464078235,136.99522441120513,117.60235375935399,2023-01-13,4,1,0,109,36,1,1.1
39,dairy,98.81380464078235,136.99522441120513,124.92558840650646,2023-01-14,5,1,1,143,21,9,1.1
39,dairy,98.81380464078235,136.99522441120513,106.61747100332029,2023-01-15,6,1,1,22,22,4,1.1
39,dairy,98.81380464078235,136.99522441120513,104.96534537142571,2023-01-16,0,1,0,123,13,3,1.1
39,dairy,98.81380464078235,136.99522441120513,108.86179352114608,2023-01-17,1,1,0,139,11,9,1.1
39,dairy,98.81380464078235,136.99522441120513,124.87300814982163,2023-01-18,2,1,0,197,7,7,1.1
39,dairy,98.81380464078235,136.99522441120513,134.31075431514356,2023-01-19,3,1,0,80,2,6,1.1
39,dairy,98.81380464078235,136.99522441120513,115.33956870180185,2023-01-20,4,1,0,81,4,12,1.1
39,dairy,98.81380464078235,136.99522441120513,117.55984319237653,2023-01-21,5,1,1,199,27,2,1.1
39,dairy,98.81380464078235,136.99522441120513,120.61974523964273,2023-01-22,6,1,1,197,13,14,1.1
39,dairy,98.81380464078235,136.99522441120513,114.31534069664174,2023-01-23,0,1,0,193,18,6,1.1
39,dairy,98.81380464078235,136.99522441120513,126.47167471124017,2023-01-24,1,1,0,148,11,13,1.1
39,dairy,98.81380464078235,136.99522441120513,125.69595734332975,2023-01-25,2,1,0,69,14,7,1.1
39,dairy,98.81380464078235,136.99522441120513,131.99048558956753,2023-01-26,3,1,0,47,4,7,1.1
39,dairy,98.81380464078235,136.99522441120513,118.11858669303636,2023-01-27,4,1,0,68,16,11,1.1
39,dairy,98.81380464078235,136.99522441120513,117.43712030878547,2023-01-28,5,1,1,80,15,11,1.1
39,dairy,98.81380464078235,136.99522441120513,125.3550935847348,2023-01-29,6,1,1,119,23,2,1.1
39,dairy,98.81380464078235,136.99522441120513,135.41946996343196,2023-01-30,0,1,0,53,2,12,1.1
39,dairy,98.81380464078235,136.99522441120513,128.9757861066832,2023-01-31,1,1,0,112,21,2,1.1
39,dairy,98.81380464078235,136.99522441120513,106.89108706258008,2023-02-01,2,2,0,167,18,5,1.1732050807568877
39,dairy,98.81380464078235,136.99522441120513,116.56330478634352,2023-02-02,3,2,0,118,16,8,1.1732050807568877
39,dairy,98.81380464078235,136.99522441120513,124.49726826933164,2023-02-03,4,2,0,158,7,4,1.1732050807568877
39,dairy,98.81380464078235,136.99522441120513,126.03608954177616,2023-02-04,5,2,1,119,16,4,1.1732050807568877
39,dairy,98.81380464078235,136.99522441120513,124.09646323352099,2023-02-05,6,2,1,168,24,8,1.1732050807568877
39,dairy,98.81380464078235,136.99522441120513,103.75934029442962,2023-02-06,0,2,0,57,4,7,1.1732050807568877
39,dairy,98.81380464078235,136.99522441120513,116.38534889266853,2023-02-07,1,2,0,114,21,10,1.1732050807568877
39,dairy,98.81380464078235,136.99522441120513,107.14813272549104,2023-02-08,2,2,0,70,28,5,1.1732050807568877
39,dairy,98.81380464078235,136.99522441120513,107.82115053451801,2023-02-09,3,2,0,145,22,2,1.1732050807568877
39,dairy,98.81380464078235,136.99522441120513,133.34616061623584,2023-02-10,4,2,0,49,25,3,1.1732050807568877
39,dairy,98.81380464078235,136.99522441120513,131.33418075612008,2023-02-11,5,2,1,93,8,4,1.1732050807568877
39,dairy,98.81380464078235,136.99522441120513,120.9222372810146,2023-02-12,6,2,1,76,18,1,1.1732050807568877
39,dairy,98.81380464078235,136.99522441120513,111.42068561105351,2023-02-13,0,2,0,173,11,6,1.1732050807568877
39,dairy,98.81380464078235,136.99522441120513,105.49840203025167,2023-02-14,1,2,0,109,16,4,1.1732050807568877
39,dairy,98.81380464078235,136.99522441120513,134.32745313006765,2023-02-15,2,2,0,152,9,5,1.1732050807568877
39,dairy,98.81380464078235,136.99522441120513,105.49745826908686,2023-02-16,3,2,0,49,34,1,1.1732050807568877
39,dairy,98.81380464078235,136.99522441120513,111.00262398828423,2023-02-17,4,2,0,58,26,3,1.1732050807568877
39,dairy,98.81380464078235,136.99522441120513,133.64141073251142,2023-02-18,5,2,1,195,19,5,1.1732050807568877
39,dairy,98.81380464078235,136.99522441120513,115.42113145523176,2023-02-19,6,2,1,159,24,4,1.1732050807568877
39,dairy,98.81380464078235,136.99522441120513,116.95263678142636,2023-02-20,0,2,0,111,6,7,1.1732050807568877
39,dairy,98.81380464078235,136.99522441120513,109.4749809024806,2023-02-21,1,2,0,80,7,7,1.1732050807568877
39,dairy,98.81380464078235,136.99522441120513,115.68110115238862,2023-02-22,2,2,0,20,12,5,1.1732050807568877
39,dairy,98.81380464078235,136.99522441120513,117.69577040325125,2023-02-23,3,2,0,38,10,10,1.1732050807568877
39,dairy,98.81380464078235,136.99522441120513,110.56302240347053,2023-02-24,4,2,0,57,8,2,1.1732050807568877
39,dairy,98.81380464078235,136.99522441120513,120.76467193283605,2023-02-25,5,2,1,182,12,14,1.1732050807568877
39,dairy,98.81380464078235,136.99522441120513,127.80426702459772,2023-02-26,6,2,1,164,29,2,1.1732050807568877
39,dairy,98.81380464078235,136.99522441120513,127.18268242115867,2023-02-27,0,2,0,156,24,1,1.1732050807568877
39,dairy,98.81380464078235,136.99522441120513,122.23629810871702,2023-02-28,1,2,0,180,7,6,1.1732050807568877
39,dairy,98.81380464078235,136.99522441120513,104.09538351967673,2023-03-01,2,3,0,100,7,10,1.2
39,dairy,98.81380464078235,136.99522441120513,114.193753437496,2023-03-02,3,3,0,64,25,13,1.2
39,dairy,98.81380464078235,136.99522441120513,115.70550126853924,2023-03-03,4,3,0,189,18,12,1.2
39,dairy,98.81380464078235,136.99522441120513,133.74648909188775,2023-03-04,5,3,1,91,12,4,1.2
39,dairy,98.81380464078235,136.99522441120513,120.22360244501283,2023-03-05,6,3,1,128,20,6,1.2
39,dairy,98.81380464078235,136.99522441120513,112.72183707954625,2023-03-06,0,3,0,31,11,11,1.2
39,dairy,98.81380464078235,136.99522441120513,123.87627423018888,2023-03-07,1,3,0,89,17,6,1.2
39,dairy,98.81380464078235,136.99522441120513,123.63460957135206,2023-03-08,2,3,0,170,12,1,1.2
39,dairy,98.81380464078235,136.99522441120513,109.54579987758675,2023-03-09,3,3,0,130,19,8,1.2
39,dairy,98.81380464078235,136.99522441120513,107.2854852538775,2023-03-10,4,3,0,113,5,13,1.2
39,dairy,98.81380464078235,136.99522441120513,109.27179938218201,2023-03-11,5,3,1,165,18,7,1.2
39,dairy,98.81380464078235,136.99522441120513,114.47925199658775,2023-03-12,6,3,1,199,12,11,1.2
39,dairy,98.81380464078235,136.99522441120513,105.32311330091318,2023-03-13,0,3,0,194,15,9,1.2
39,dairy,98.81380464078235,136.99522441120513,134.62777338495906,2023-03-14,1,3,0,120,14,3,1.2
39,dairy,98.81380464078235,136.99522441120513,129.85673379312098,2023-03-15,2,3,0,144,7,11,1.2
39,dairy,98.81380464078235,136.99522441120513,132.51220032552882,2023-03-16,3,3,0,102,17,6,1.2
39,dairy,98.81380464078235,136.99522441120513,125.3887399135838,2023-03-17,4,3,0,158,37,1,1.2
39,dairy,98.81380464078235,136.99522441120513,113.08319049766891,2023-03-18,5,3,1,103,26,6,1.2
39,dairy,98.81380464078235,136.99522441120513,120.9239528430742,2023-03-19,6,3,1,59,11,4,1.2
39,dairy,98.81380464078235,136.99522441120513,127.01155933383278,2023-03-20,0,3,0,136,21,7,1.2
39,dairy,98.81380464078235,136.99522441120513,114.30882086387665,2023-03-21,1,3,0,197,9,3,1.2
39,dairy,98.81380464078235,136.99522441120513,134.9585903915146,2023-03-22,2,3,0,147,8,7,1.2
39,dairy,98.81380464078235,136.99522441120513,122.11290416442557,2023-03-23,3,3,0,79,18,6,1.2
39,dairy,98.81380464078235,136.99522441120513,126.01249270859225,2023-03-24,4,3,0,77,35,1,1.2
39,dairy,98.81380464078235,136.99522441120513,115.4395076598978,2023-03-25,5,3,1,100,8,14,1.2
39,dairy,98.81380464078235,136.99522441120513,129.30349666255893,2023-03-26,6,3,1,116,20,10,1.2
39,dairy,98.81380464078235,136.99522441120513,117.60891554782594,2023-03-27,0,3,0,112,23,9,1.2
39,dairy,98.81380464078235,136.99522441120513,108.04858685829139,2023-03-28,1,3,0,79,25,2,1.2
39,dairy,98.81380464078235,136.99522441120513,134.02491738266144,2023-03-29,2,3,0,70,17,9,1.2
39,dairy,98.81380464078235,136.99522441120513,124.911066913321,2023-03-30,3,3,0,199,19,1,1.2
39,dairy,98.81380464078235,136.99522441120513,111.43360155061036,2023-03-31,4,3,0,189,18,6,1.2
39,dairy,98.81380464078235,136.99522441120513,108.07252196085062,2023-04-01,5,4,1,101,15,8,1.1732050807568877
39,dairy,98.81380464078235,136.99522441120513,106.35364226743441,2023-04-02,6,4,1,189,5,14,1.1732050807568877
39,dairy,98.81380464078235,136.99522441120513,117.01141603102853,2023-04-03,0,4,0,27,20,7,1.1732050807568877
39,dairy,98.81380464078235,136.99522441120513,111.09570389199061,2023-04-04,1,4,0,63,17,14,1.1732050807568877
39,dairy,98.81380464078235,136.99522441120513,125.25650907913396,2023-04-05,2,4,0,153,15,3,1.1732050807568877
39,dairy,98.81380464078235,136.99522441120513,104.05368490209293,2023-04-06,3,4,0,50,19,14,1.1732050807568877
39,dairy,98.81380464078235,136.99522441120513,129.29276897611595,2023-04-07,4,4,0,129,5,5,1.1732050807568877
39,dairy,98.81380464078235,136.99522441120513,119.58196881700243,2023-04-08,5,4,1,39,16,6,1.1732050807568877
39,dairy,98.81380464078235,136.99522441120513,104.83269142397418,2023-04-09,6,4,1,59,24,4,1.1732050807568877
39,dairy,98.81380464078235,136.99522441120513,105.7999161954612,2023-04-10,0,4,0,71,14,10,1.1732050807568877
39,dairy,98.81380464078235,136.99522441120513,114.48911517061823,2023-04-11,1,4,0,162,23,2,1.1732050807568877
39,dairy,98.81380464078235,136.99522441120513,134.4132124039576,2023-04-12,2,4,0,60,19,5,1.1732050807568877
39,dairy,98.81380464078235,136.99522441120513,104.69031526851752,2023-04-13,3,4,0,49,16,9,1.1732050807568877
39,dairy,98.81380464078235,136.99522441120513,121.34278584340984,2023-04-14,4,4,0,130,6,14,1.1732050807568877
39,dairy,98.81380464078235,136.99522441120513,126.4306067546859,2023-04-15,5,4,1,65,20,10,1.1732050807568877
39,dairy,98.81380464078235,136.99522441120513,122.20181218563283,2023-04-16,6,4,1,197,12,12,1.1732050807568877
39,dairy,98.81380464078235,136.99522441120513,125.78716237870469,2023-04-17,0,4,0,56,6,14,1.1732050807568877
39,dairy,98.81380464078235,136.99522441120513,113.94743325478291,2023-04-18,1,4,0,154,9,9,1.1732050807568877
39,dairy,98.81380464078235,136.99522441120513,125.78307772465202,2023-04-19,2,4,0,55,20,6,1.1732050807568877
39,dairy,98.81380464078235,136.99522441120513,130.1108270322756,2023-04-20,3,4,0,142,13,11,1.1732050807568877
39,dairy,98.81380464078235,136.99522441120513,116.71597149200389,2023-04-21,4,4,0,171,19,14,1.1732050807568877
39,dairy,98.81380464078235,136.99522441120513,123.3333928622666,2023-04-22,5,4,1,160,6,8,1.1732050807568877
39,dairy,98.81380464078235,136.99522441120513,116.47709111533743,2023-04-23,6,4,1,36,24,1,1.1732050807568877
39,dairy,98.81380464078235,136.99522441120513,129.3661910565537,2023-04-24,0,4,0,118,17,14,1.1732050807568877
39,dairy,98.81380464078235,136.99522441120513,125.88582560056574,2023-04-25,1,4,0,66,14,14,1.1732050807568877
39,dairy,98.81380464078235,136.99522441120513,121.87833404857369,2023-04-26,2,4,0,34,15,9,1.1732050807568877
39,dairy,98.81380464078235,136.99522441120513,110.03129983701004,2023-04-27,3,4,0,176,7,10,1.1732050807568877
39,dairy,98.81380464078235,136.99522441120513,116.48469716493203,2023-04-28,4,4,0,197,16,2,1.1732050807568877
39,dairy,98.81380464078235,136.99522441120513,106.02630438139519,2023-04-29,5,4,1,94,25,4,1.1732050807568877
39,dairy,98.81380464078235,136.99522441120513,117.23851622284853,2023-04-30,6,4,1,56,24,10,1.1732050807568877
39,dairy,98.81380464078235,136.99522441120513,129.28874102899968,2023-05-01,0,5,0,90,0,2,1.1
39,dairy,98.81380464078235,136.99522441120513,123.21004711123993,2023-05-02,1,5,0,32,9,14,1.1
39,dairy,98.81380464078235,136.99522441120513,109.0851011030224,2023-05-03,2,5,0,136,13,10,1.1
39,dairy,98.81380464078235,136.99522441120513,134.80597128528098,2023-05-04,3,5,0,31,4,13,1.1
39,dairy,98.81380464078235,136.99522441120513,120.479838967327,2023-05-05,4,5,0,35,25,5,1.1
39,dairy,98.81380464078235,136.99522441120513,131.08223826663493,2023-05-06,5,5,1,149,19,5,1.1
39,dairy,98.81380464078235,136.99522441120513,122.78405410336282,2023-05-07,6,5,1,152,12,2,1.1
39,dairy,98.81380464078235,136.99522441120513,127.21702416784605,2023-05-08,0,5,0,177,8,11,1.1
39,dairy,98.81380464078235,136.99522441120513,121.18929193926428,2023-05-09,1,5,0,124,17,14,1.1
39,dairy,98.81380464078235,136.99522441120513,108.09654162801178,2023-05-10,2,5,0,39,27,3,1.1
39,dairy,98.81380464078235,136.99522441120513,108.16499442966953,2023-05-11,3,5,0,145,13,3,1.1
39,dairy,98.81380464078235,136.99522441120513,132.6913955918865,2023-05-12,4,5,0,160,9,6,1.1
39,dairy,98.81380464078235,136.99522441120513,119.04008520545267,2023-05-13,5,5,1,48,10,6,1.1
39,dairy,98.81380464078235,136.99522441120513,104.49701480062342,2023-05-14,6,5,1,77,20,10,1.1
39,dairy,98.81380464078235,136.99522441120513,109.22140743660857,2023-05-15,0,5,0,34,34,1,1.1
39,dairy,98.81380464078235,136.99522441120513,106.44822948228071,2023-05-16,1,5,0,82,15,13,1.1
39,dairy,98.81380464078235,136.99522441120513,123.13752291369221,2023-05-17,2,5,0,41,14,11,1.1
39,dairy,98.81380464078235,136.99522441120513,120.09639309600493,2023-05-18,3,5,0,102,7,12,1.1
39,dairy,98.81380464078235,136.99522441120513,133.44518466928537,2023-05-19,4,5,0,148,11,2,1.1
39,dairy,98.81380464078235,136.99522441120513,111.3825262383906,2023-05-20,5,5,1,56,38,1,1.1
39,dairy,98.81380464078235,136.99522441120513,125.20041865449564,2023-05-21,6,5,1,64,9,4,1.1
39,dairy,98.81380464078235,136.99522441120513,121.96824370445816,2023-05-22,0,5,0,110,9,6,1.1
39,dairy,98.81380464078235,136.99522441120513,116.77466026890312,2023-05-23,1,5,0,98,8,9,1.1
39,dairy,98.81380464078235,136.99522441120513,135.01263808797955,2023-05-24,2,5,0,58,10,6,1.1
39,dairy,98.81380464078235,136.99522441120513,124.24349376776759,2023-05-25,3,5,0,73,15,10,1.1
39,dairy,98.81380464078235,136.99522441120513,108.74310599402956,2023-05-26,4,5,0,134,18,2,1.1
39,dairy,98.81380464078235,136.99522441120513,118.80373751136906,2023-05-27,5,5,1,165,6,6,1.1
39,dairy,98.81380464078235,136.99522441120513,108.258031824128,2023-05-28,6,5,1,176,19,9,1.1
39,dairy,98.81380464078235,136.99522441120513,120.30135995195695,2023-05-29,0,5,0,111,9,8,1.1
39,dairy,98.81380464078235,136.99522441120513,131.62334378112934,2023-05-30,1,5,0,84,18,6,1.1
39,dairy,98.81380464078235,136.99522441120513,125.56264430619775,2023-05-31,2,5,0,29,5,7,1.1
39,dairy,98.81380464078235,136.99522441120513,128.98668547215163,2023-06-01,3,6,0,144,21,13,1.0
39,dairy,98.81380464078235,136.99522441120513,116.97140964973784,2023-06-02,4,6,0,178,10,5,1.0
39,dairy,98.81380464078235,136.99522441120513,108.68185008703679,2023-06-03,5,6,1,39,10,11,1.0
39,dairy,98.81380464078235,136.99522441120513,130.39780843170377,2023-06-04,6,6,1,43,14,2,1.0
39,dairy,98.81380464078235,136.99522441120513,130.85542467754178,2023-06-05,0,6,0,197,6,6,1.0
39,dairy,98.81380464078235,136.99522441120513,122.25690283761404,2023-06-06,1,6,0,87,17,1,1.0
39,dairy,98.81380464078235,136.99522441120513,126.75752482566253,2023-06-07,2,6,0,150,16,7,1.0
39,dairy,98.81380464078235,136.99522441120513,115.9743526358091,2023-06-08,3,6,0,90,8,13,1.0
39,dairy,98.81380464078235,136.99522441120513,105.4211857865871,2023-06-09,4,6,0,117,8,5,1.0
39,dairy,98.81380464078235,136.99522441120513,119.59144065163909,2023-06-10,5,6,1,87,18,8,1.0
39,dairy,98.81380464078235,136.99522441120513,106.7776142299914,2023-06-11,6,6,1,172,11,7,1.0
39,dairy,98.81380464078235,136.99522441120513,108.79821624184626,2023-06-12,0,6,0,60,34,1,1.0
39,dairy,98.81380464078235,136.99522441120513,126.75645229938355,2023-06-13,1,6,0,83,17,6,1.0
39,dairy,98.81380464078235,136.99522441120513,133.04384558297275,2023-06-14,2,6,0,48,24,1,1.0
39,dairy,98.81380464078235,136.99522441120513,135.92977267561182,2023-06-15,3,6,0,77,16,6,1.0
39,dairy,98.81380464078235,136.99522441120513,116.1553527975516,2023-06-16,4,6,0,170,17,5,1.0
39,dairy,98.81380464078235,136.99522441120513,113.73039672823043,2023-06-17,5,6,1,93,17,11,1.0
39,dairy,98.81380464078235,136.99522441120513,113.10795829341768,2023-06-18,6,6,1,117,9,6,1.0
39,dairy,98.81380464078235,136.99522441120513,117.03658288172565,2023-06-19,0,6,0,109,9,12,1.0
39,dairy,98.81380464078235,136.99522441120513,122.76522097140186,2023-06-20,1,6,0,180,25,1,1.0
39,dairy,98.81380464078235,136.99522441120513,122.27637729904862,2023-06-21,2,6,0,141,12,8,1.0
39,dairy,98.81380464078235,136.99522441120513,114.82428908225444,2023-06-22,3,6,0,192,16,5,1.0
39,dairy,98.81380464078235,136.99522441120513,130.98250823958833,2023-06-23,4,6,0,163,6,10,1.0
39,dairy,98.81380464078235,136.99522441120513,108.94281371816776,2023-06-24,5,6,1,98,11,10,1.0
39,dairy,98.81380464078235,136.99522441120513,103.7578978102653,2023-06-25,6,6,1,20,6,12,1.0
39,dairy,98.81380464078235,136.99522441120513,109.4343067345298,2023-06-26,0,6,0,117,10,12,1.0
39,dairy,98.81380464078235,136.99522441120513,132.66053683232013,2023-06-27,1,6,0,48,12,6,1.0
39,dairy,98.81380464078235,136.99522441120513,115.33598593243516,2023-06-28,2,6,0,130,16,9,1.0
39,dairy,98.81380464078235,136.99522441120513,133.50281810580594,2023-06-29,3,6,0,138,8,11,1.0
40,grocery,39.1057818717926,47.79303250420053,42.60973061628863,2023-01-01,6,1,1,126,21,1,1.1
40,grocery,39.1057818717926,47.79303250420053,44.83099744053077,2023-01-02,0,1,0,142,9,4,1.1
40,grocery,39.1057818717926,47.79303250420053,41.896052522812916,2023-01-03,1,1,0,182,29,2,1.1
40,grocery,39.1057818717926,47.79303250420053,44.660300949828795,2023-01-04,2,1,0,174,9,3,1.1
40,grocery,39.1057818717926,47.79303250420053,42.08011027621459,2023-01-05,3,1,0,111,18,13,1.1
40,grocery,39.1057818717926,47.79303250420053,46.998376068776786,2023-01-06,4,1,0,144,5,6,1.1
40,grocery,39.1057818717926,47.79303250420053,43.107438558426885,2023-01-07,5,1,1,55,6,9,1.1
40,grocery,39.1057818717926,47.79303250420053,45.55138961397516,2023-01-08,6,1,1,54,11,3,1.1
40,grocery,39.1057818717926,47.79303250420053,47.268358684340754,2023-01-09,0,1,0,85,18,6,1.1
40,grocery,39.1057818717926,47.79303250420053,43.976126638464464,2023-01-10,1,1,0,29,7,14,1.1
40,grocery,39.1057818717926,47.79303250420053,43.98322975063193,2023-01-11,2,1,0,164,12,3,1.1
40,grocery,39.1057818717926,47.79303250420053,42.4956578406415,2023-01-12,3,1,0,158,16,12,1.1
40,grocery,39.1057818717926,47.79303250420053,45.46186528944536,2023-01-13,4,1,0,129,13,14,1.1
40,grocery,39.1057818717926,47.79303250420053,42.28700325882761,2023-01-14,5,1,1,94,11,2,1.1
40,grocery,39.1057818717926,47.79303250420053,42.23859384738541,2023-01-15,6,1,1,107,27,3,1.1
40,grocery,39.1057818717926,47.79303250420053,42.72672880495575,2023-01-16,0,1,0,51,12,10,1.1
40,grocery,39.1057818717926,47.79303250420053,44.889263023647,2023-01-17,1,1,0,190,20,5,1.1
40,grocery,39.1057818717926,47.79303250420053,46.612097801975,2023-01-18,2,1,0,116,17,12,1.1
40,grocery,39.1057818717926,47.79303250420053,44.52528289769254,2023-01-19,3,1,0,77,15,8,1.1
40,grocery,39.1057818717926,47.79303250420053,47.14992331992576,2023-01-20,4,1,0,77,7,8,1.1
40,grocery,39.1057818717926,47.79303250420053,47.497977739792226,2023-01-21,5,1,1,29,12,12,1.1
40,grocery,39.1057818717926,47.79303250420053,45.648821113602835,2023-01-22,6,1,1,184,28,4,1.1
40,grocery,39.1057818717926,47.79303250420053,47.54561728412302,2023-01-23,0,1,0,124,12,8,1.1
40,grocery,39.1057818717926,47.79303250420053,46.38703305846137,2023-01-24,1,1,0,124,11,13,1.1
40,grocery,39.1057818717926,47.79303250420053,46.020958705712204,2023-01-25,2,1,0,111,10,7,1.1
40,grocery,39.1057818717926,47.79303250420053,46.061753793040516,2023-01-26,3,1,0,118,22,8,1.1
40,grocery,39.1057818717926,47.79303250420053,43.155688419816585,2023-01-27,4,1,0,42,11,10,1.1
40,grocery,39.1057818717926,47.79303250420053,47.271987053323386,2023-01-28,5,1,1,65,16,11,1.1
40,grocery,39.1057818717926,47.79303250420053,43.99377184069588,2023-01-29,6,1,1,177,21,12,1.1
40,grocery,39.1057818717926,47.79303250420053,44.60014528981169,2023-01-30,0,1,0,106,17,2,1.1
40,grocery,39.1057818717926,47.79303250420053,44.58988490028124,2023-01-31,1,1,0,84,9,11,1.1
40,grocery,39.1057818717926,47.79303250420053,43.910979365448384,2023-02-01,2,2,0,174,16,8,1.1732050807568877
40,grocery,39.1057818717926,47.79303250420053,42.45848299777059,2023-02-02,3,2,0,81,13,5,1.1732050807568877
40,grocery,39.1057818717926,47.79303250420053,43.20671661817992,2023-02-03,4,2,0,198,13,3,1.1732050807568877
40,grocery,39.1057818717926,47.79303250420053,41.80613066810908,2023-02-04,5,2,1,141,32,7,1.1732050807568877
40,grocery,39.1057818717926,47.79303250420053,45.16015166447331,2023-02-05,6,2,1,169,24,2,1.1732050807568877
40,grocery,39.1057818717926,47.79303250420053,42.80679033601079,2023-02-06,0,2,0,154,14,4,1.1732050807568877
40,grocery,39.1057818717926,47.79303250420053,45.33678914517657,2023-02-07,1,2,0,114,13,4,1.1732050807568877
40,grocery,39.1057818717926,47.79303250420053,45.426269215638,2023-02-08,2,2,0,103,15,6,1.1732050807568877
40,grocery,39.1057818717926,47.79303250420053,41.975323952963336,2023-02-09,3,2,0,132,18,8,1.1732050807568877
40,grocery,39.1057818717926,47.79303250420053,45.707774853221125,2023-02-10,4,2,0,66,18,4,1.1732050807568877
40,grocery,39.1057818717926,47.79303250420053,42.53374618710275,2023-02-11,5,2,1,91,21,2,1.1732050807568877
40,grocery,39.1057818717926,47.79303250420053,45.17102586333984,2023-02-12,6,2,1,187,16,8,1.1732050807568877
40,grocery,39.1057818717926,47.79303250420053,46.08031385080502,2023-02-13,0,2,0,36,22,9,1.1732050807568877
40,grocery,39.1057818717926,47.79303250420053,42.16095101140813,2023-02-14,1,2,0,165,16,14,1.1732050807568877
40,grocery,39.1057818717926,47.79303250420053,42.4796088589148,2023-02-15,2,2,0,117,17,2,1.1732050807568877
40,grocery,39.1057818717926,47.79303250420053,44.317685308708086,2023-02-16,3,2,0,50,11,14,1.1732050807568877
40,grocery,39.1057818717926,47.79303250420053,47.4317214633582,2023-02-17,4,2,0,195,18,12,1.1732050807568877
40,grocery,39.1057818717926,47.79303250420053,45.176843734124255,2023-02-18,5,2,1,54,14,9,1.1732050807568877
40,grocery,39.1057818717926,47.79303250420053,43.6640663812381,2023-02-19,6,2,1,182,15,4,1.1732050807568877
40,grocery,39.1057818717926,47.79303250420053,41.94541965490652,2023-02-20,0,2,0,183,18,13,1.1732050807568877
40,grocery,39.1057818717926,47.79303250420053,41.64678319526315,2023-02-21,1,2,0,191,7,14,1.1732050807568877
40,grocery,39.1057818717926,47.79303250420053,44.64401229110351,2023-02-22,2,2,0,144,14,8,1.1732050807568877
40,grocery,39.1057818717926,47.79303250420053,47.697710762608935,2023-02-23,3,2,0,127,11,8,1.1732050807568877
40,grocery,39.1057818717926,47.79303250420053,41.18931614756221,2023-02-24,4,2,0,106,8,7,1.1732050807568877
40,grocery,39.1057818717926,47.79303250420053,42.71584515452092,2023-02-25,5,2,1,72,38,2,1.1732050807568877
40,grocery,39.1057818717926,47.79303250420053,45.151063932413905,2023-02-26,6,2,1,125,17,13,1.1732050807568877
40,grocery,39.1057818717926,47.79303250420053,42.25905132562174,2023-02-27,0,2,0,163,15,12,1.1732050807568877
40,grocery,39.1057818717926,47.79303250420053,42.19518167239305,2023-02-28,1,2,0,137,21,11,1.1732050807568877
40,grocery,39.1057818717926,47.79303250420053,41.855482112162214,2023-03-01,2,3,0,55,8,2,1.2
40,grocery,39.1057818717926,47.79303250420053,46.21780778933596,2023-03-02,3,3,0,144,21,10,1.2
40,grocery,39.1057818717926,47.79303250420053,41.714810773623846,2023-03-03,4,3,0,111,19,12,1.2
40,grocery,39.1057818717926,47.79303250420053,44.6814536539628,2023-03-04,5,3,1,130,25,12,1.2
40,grocery,39.1057818717926,47.79303250420053,41.11096911574041,2023-03-05,6,3,1,134,25,12,1.2
40,grocery,39.1057818717926,47.79303250420053,43.79013420056211,2023-03-06,0,3,0,76,21,2,1.2
40,grocery,39.1057818717926,47.79303250420053,44.445599685474555,2023-03-07,1,3,0,177,11,4,1.2
40,grocery,39.1057818717926,47.79303250420053,46.70533976364939,2023-03-08,2,3,0,53,14,12,1.2
40,grocery,39.1057818717926,47.79303250420053,42.57630412716263,2023-03-09,3,3,0,68,17,6,1.2
40,grocery,39.1057818717926,47.79303250420053,46.950125319133626,2023-03-10,4,3,0,70,16,6,1.2
40,grocery,39.1057818717926,47.79303250420053,46.74649562435027,2023-03-11,5,3,1,76,25,2,1.2
40,grocery,39.1057818717926,47.79303250420053,46.532078976365234,2023-03-12,6,3,1,106,22,13,1.2
40,grocery,39.1057818717926,47.79303250420053,41.28203194788237,2023-03-13,0,3,0,165,12,6,1.2
40,grocery,39.1057818717926,47.79303250420053,46.19119039253297,2023-03-14,1,3,0,191,4,6,1.2
40,grocery,39.1057818717926,47.79303250420053,45.96181249358706,2023-03-15,2,3,0,34,21,6,1.2
40,grocery,39.1057818717926,47.79303250420053,41.21617178022319,2023-03-16,3,3,0,60,11,10,1.2
40,grocery,39.1057818717926,47.79303250420053,42.97084739854776,2023-03-17,4,3,0,186,13,12,1.2
40,grocery,39.1057818717926,47.79303250420053,42.547956820351914,2023-03-18,5,3,1,81,24,10,1.2
40,grocery,39.1057818717926,47.79303250420053,45.71732123257049,2023-03-19,6,3,1,84,18,4,1.2
40,grocery,39.1057818717926,47.79303250420053,44.93015699033154,2023-03-20,0,3,0,197,12,2,1.2
40,grocery,39.1057818717926,47.79303250420053,42.50229552616807,2023-03-21,1,3,0,100,43,1,1.2
40,grocery,39.1057818717926,47.79303250420053,43.593888822243905,2023-03-22,2,3,0,37,24,3,1.2
40,grocery,39.1057818717926,47.79303250420053,42.262989687098965,2023-03-23,3,3,0,57,19,13,1.2
40,grocery,39.1057818717926,47.79303250420053,47.23849420800923,2023-03-24,4,3,0,183,9,9,1.2
40,grocery,39.1057818717926,47.79303250420053,42.49804913553896,2023-03-25,5,3,1,77,10,6,1.2
40,grocery,39.1057818717926,47.79303250420053,41.08407184755308,2023-03-26,6,3,1,150,24,9,1.2
40,grocery,39.1057818717926,47.79303250420053,45.57871936432687,2023-03-27,0,3,0,179,16,10,1.2
40,grocery,39.1057818717926,47.79303250420053,43.65768808047828,2023-03-28,1,3,0,192,12,14,1.2
40,grocery,39.1057818717926,47.79303250420053,41.94590561362188,2023-03-29,2,3,0,31,7,11,1.2
40,grocery,39.1057818717926,47.79303250420053,46.08343799243843,2023-03-30,3,3,0,190,11,2,1.2
40,grocery,39.1057818717926,47.79303250420053,43.58290000852364,2023-03-31,4,3,0,156,6,10,1.2
40,grocery,39.1057818717926,47.79303250420053,42.648702977541106,2023-04-01,5,4,1,29,21,10,1.1732050807568877
40,grocery,39.1057818717926,47.79303250420053,43.74560932226363,2023-04-02,6,4,1,24,11,13,1.1732050807568877
40,grocery,39.1057818717926,47.79303250420053,42.51408258624126,2023-04-03,0,4,0,84,7,12,1.1732050807568877
40,grocery,39.1057818717926,47.79303250420053,43.53224995609578,2023-04-04,1,4,0,83,23,14,1.1732050807568877
40,grocery,39.1057818717926,47.79303250420053,42.00524164138031,2023-04-05,2,4,0,158,11,3,1.1732050807568877
40,grocery,39.1057818717926,47.79303250420053,41.81223746666447,2023-04-06,3,4,0,148,14,2,1.1732050807568877
40,grocery,39.1057818717926,47.79303250420053,41.80875586180068,2023-04-07,4,4,0,160,9,11,1.1732050807568877
40,grocery,39.1057818717926,47.79303250420053,45.64942907595747,2023-04-08,5,4,1,58,23,12,1.1732050807568877
40,grocery,39.1057818717926,47.79303250420053,45.75804962564611,2023-04-09,6,4,1,174,27,2,1.1732050807568877
40,grocery,39.1057818717926,47.79303250420053,41.29208317022397,2023-04-10,0,4,0,181,20,2,1.1732050807568877
40,grocery,39.1057818717926,47.79303250420053,45.81190835241444,2023-04-11,1,4,0,181,12,1,1.1732050807568877
40,grocery,39.1057818717926,47.79303250420053,47.033330883535726,2023-04-12,2,4,0,101,15,11,1.1732050807568877
40,grocery,39.1057818717926,47.79303250420053,43.79122314860597,2023-04-13,3,4,0,181,16,11,1.1732050807568877
40,grocery,39.1057818717926,47.79303250420053,45.34281081023222,2023-04-14,4,4,0,58,22,7,1.1732050807568877
40,grocery,39.1057818717926,47.79303250420053,41.43211085009435,2023-04-15,5,4,1,74,9,6,1.1732050807568877
40,grocery,39.1057818717926,47.79303250420053,41.732857997093035,2023-04-16,6,4,1,191,18,12,1.1732050807568877
40,grocery,39.1057818717926,47.79303250420053,44.73173968715375,2023-04-17,0,4,0,157,7,14,1.1732050807568877
40,grocery,39.1057818717926,47.79303250420053,45.10641261503097,2023-04-18,1,4,0,164,8,10,1.1732050807568877
40,grocery,39.1057818717926,47.79303250420053,44.63911706266572,2023-04-19,2,4,0,82,7,11,1.1732050807568877
40,grocery,39.1057818717926,47.79303250420053,44.34403876744641,2023-04-20,3,4,0,106,21,2,1.1732050807568877
40,grocery,39.1057818717926,47.79303250420053,41.652551997816445,2023-04-21,4,4,0,61,10,11,1.1732050807568877
40,grocery,39.1057818717926,47.79303250420053,45.01778594073623,2023-04-22,5,4,1,136,24,8,1.1732050807568877
40,grocery,39.1057818717926,47.79303250420053,41.53386715749164,2023-04-23,6,4,1,102,39,2,1.1732050807568877
40,grocery,39.1057818717926,47.79303250420053,46.01223142959535,2023-04-24,0,4,0,59,5,11,1.1732050807568877
40,grocery,39.1057818717926,47.79303250420053,47.69475623630056,2023-04-25,1,4,0,168,22,13,1.1732050807568877
40,grocery,39.1057818717926,47.79303250420053,44.65602835173316,2023-04-26,2,4,0,194,16,7,1.1732050807568877
40,grocery,39.1057818717926,47.79303250420053,47.76824491626485,2023-04-27,3,4,0,198,8,13,1.1732050807568877
40,grocery,39.1057818717926,47.79303250420053,43.427852139716705,2023-04-28,4,4,0,182,16,14,1.1732050807568877
40,grocery,39.1057818717926,47.79303250420053,41.873707505313845,2023-04-29,5,4,1,96,13,11,1.1732050807568877
40,grocery,39.1057818717926,47.79303250420053,41.740672702703606,2023-04-30,6,4,1,147,31,6,1.1732050807568877
40,grocery,39.1057818717926,47.79303250420053,46.517638530612025,2023-05-01,0,5,0,134,20,7,1.1
40,grocery,39.1057818717926,47.79303250420053,44.89482340892471,2023-05-02,1,5,0,133,33,1,1.1
40,grocery,39.1057818717926,47.79303250420053,43.599638714223,2023-05-03,2,5,0,75,11,2,1.1
40,grocery,39.1057818717926,47.79303250420053,44.87426199274763,2023-05-04,3,5,0,33,18,10,1.1
40,grocery,39.1057818717926,47.79303250420053,47.36522331243543,2023-05-05,4,5,0,75,18,4,1.1
40,grocery,39.1057818717926,47.79303250420053,41.394191897658224,2023-05-06,5,5,1,158,16,4,1.1
40,grocery,39.1057818717926,47.79303250420053,46.849281588832675,2023-05-07,6,5,1,155,13,11,1.1
40,grocery,39.1057818717926,47.79303250420053,47.340826462270535,2023-05-08,0,5,0,174,6,9,1.1
40,grocery,39.1057818717926,47.79303250420053,44.957410511980676,2023-05-09,1,5,0,56,20,5,1.1
40,grocery,39.1057818717926,47.79303250420053,46.078562261613705,2023-05-10,2,5,0,180,4,10,1.1
40,grocery,39.1057818717926,47.79303250420053,41.29457736671784,2023-05-11,3,5,0,49,15,9,1.1
40,grocery,39.1057818717926,47.79303250420053,44.573000879832165,2023-05-12,4,5,0,63,3,8,1.1
40,grocery,39.1057818717926,47.79303250420053,41.870456223881575,2023-05-13,5,5,1,38,20,6,1.1
40,grocery,39.1057818717926,47.79303250420053,42.20066601504349,2023-05-14,6,5,1,38,11,2,1.1
40,grocery,39.1057818717926,47.79303250420053,46.83437782597146,2023-05-15,0,5,0,40,7,12,1.1
40,grocery,39.1057818717926,47.79303250420053,46.98641012005451,2023-05-16,1,5,0,51,15,12,1.1
40,grocery,39.1057818717926,47.79303250420053,47.781896454882535,2023-05-17,2,5,0,44,7,10,1.1
40,grocery,39.1057818717926,47.79303250420053,46.756282527111416,2023-05-18,3,5,0,110,10,13,1.1
40,grocery,39.1057818717926,47.79303250420053,42.0057641196832,2023-05-19,4,5,0,126,13,8,1.1
40,grocery,39.1057818717926,47.79303250420053,45.496344494223706,2023-05-20,5,5,1,62,6,10,1.1
40,grocery,39.1057818717926,47.79303250420053,42.40455572233122,2023-05-21,6,5,1,136,16,6,1.1
40,grocery,39.1057818717926,47.79303250420053,43.59590504345261,2023-05-22,0,5,0,178,12,1,1.1
40,grocery,39.1057818717926,47.79303250420053,47.49145098854546,2023-05-23,1,5,0,61,9,4,1.1
40,grocery,39.1057818717926,47.79303250420053,41.73898432336841,2023-05-24,2,5,0,166,20,5,1.1
40,grocery,39.1057818717926,47.79303250420053,45.3777807014754,2023-05-25,3,5,0,154,13,5,1.1
40,grocery,39.1057818717926,47.79303250420053,44.52187191652936,2023-05-26,4,5,0,120,15,7,1.1
40,grocery,39.1057818717926,47.79303250420053,42.3356712650822,2023-05-27,5,5,1,73,12,12,1.1
40,grocery,39.1057818717926,47.79303250420053,41.85900999140036,2023-05-28,6,5,1,114,22,13,1.1
40,grocery,39.1057818717926,47.79303250420053,43.334614146586894,2023-05-29,0,5,0,81,18,13,1.1
40,grocery,39.1057818717926,47.79303250420053,43.80846493019388,2023-05-30,1,5,0,96,17,11,1.1
40,grocery,39.1057818717926,47.79303250420053,41.19628113389814,2023-05-31,2,5,0,198,8,8,1.1
40,grocery,39.1057818717926,47.79303250420053,45.42493116914089,2023-06-01,3,6,0,86,9,7,1.0
40,grocery,39.1057818717926,47.79303250420053,42.702010967656,2023-06-02,4,6,0,184,19,9,1.0
40,grocery,39.1057818717926,47.79303250420053,46.008201299243375,2023-06-03,5,6,1,124,15,9,1.0
40,grocery,39.1057818717926,47.79303250420053,42.848284409827016,2023-06-04,6,6,1,37,16,6,1.0
40,grocery,39.1057818717926,47.79303250420053,43.03964436482598,2023-06-05,0,6,0,171,14,1,1.0
40,grocery,39.1057818717926,47.79303250420053,44.38311519472505,2023-06-06,1,6,0,82,16,4,1.0
40,grocery,39.1057818717926,47.79303250420053,47.04136333987803,2023-06-07,2,6,0,66,13,2,1.0
40,grocery,39.1057818717926,47.79303250420053,44.89310176156354,2023-06-08,3,6,0,178,24,2,1.0
40,grocery,39.1057818717926,47.79303250420053,41.13103423919423,2023-06-09,4,6,0,40,19,9,1.0
40,grocery,39.1057818717926,47.79303250420053,42.47934243953115,2023-06-10,5,6,1,171,20,11,1.0
40,grocery,39.1057818717926,47.79303250420053,42.82267437057121,2023-06-11,6,6,1,53,17,8,1.0
40,grocery,39.1057818717926,47.79303250420053,47.17297595369777,2023-06-12,0,6,0,134,16,4,1.0
40,grocery,39.1057818717926,47.79303250420053,42.65632485745583,2023-06-13,1,6,0,20,11,8,1.0
40,grocery,39.1057818717926,47.79303250420053,41.320114548294555,2023-06-14,2,6,0,64,14,1,1.0
40,grocery,39.1057818717926,47.79303250420053,42.01568062264027,2023-06-15,3,6,0,61,24,5,1.0
40,grocery,39.1057818717926,47.79303250420053,47.64691938542795,2023-06-16,4,6,0,181,6,10,1.0
40,grocery,39.1057818717926,47.79303250420053,45.232408083489354,2023-06-17,5,6,1,47,7,9,1.0
40,grocery,39.1057818717926,47.79303250420053,44.29004218386006,2023-06-18,6,6,1,186,20,13,1.0
40,grocery,39.1057818717926,47.79303250420053,47.54791275388427,2023-06-19,0,6,0,89,11,9,1.0
40,grocery,39.1057818717926,47.79303250420053,44.493081523944895,2023-06-20,1,6,0,30,15,6,1.0
40,grocery,39.1057818717926,47.79303250420053,47.70352087322493,2023-06-21,2,6,0,153,10,10,1.0
40,grocery,39.1057818717926,47.79303250420053,42.607909054790845,2023-06-22,3,6,0,170,5,14,1.0
40,grocery,39.1057818717926,47.79303250420053,46.46491129719105,2023-06-23,4,6,0,172,18,2,1.0
40,grocery,39.1057818717926,47.79303250420053,44.47585648574386,2023-06-24,5,6,1,88,5,14,1.0
40,grocery,39.1057818717926,47.79303250420053,43.69744778469035,2023-06-25,6,6,1,158,19,8,1.0
40,grocery,39.1057818717926,47.79303250420053,45.62753671825471,2023-06-26,0,6,0,121,17,10,1.0
40,grocery,39.1057818717926,47.79303250420053,42.6727473340075,2023-06-27,1,6,0,161,8,10,1.0
40,grocery,39.1057818717926,47.79303250420053,43.95307831703645,2023-06-28,2,6,0,28,14,5,1.0
40,grocery,39.1057818717926,47.79303250420053,45.519069967410765,2023-06-29,3,6,0,25,11,14,1.0
41,dairy,38.440901693054386,55.99635179664273,52.341836550328594,2023-01-01,6,1,1,152,10,13,1.1
41,dairy,38.440901693054386,55.99635179664273,45.68445573244543,2023-01-02,0,1,0,33,6,10,1.1
41,dairy,38.440901693054386,55.99635179664273,42.215807314861244,2023-01-03,1,1,0,91,13,7,1.1
41,dairy,38.440901693054386,55.99635179664273,42.01444683993685,2023-01-04,2,1,0,170,7,8,1.1
41,dairy,38.440901693054386,55.99635179664273,42.698855401189974,2023-01-05,3,1,0,101,21,4,1.1
41,dairy,38.440901693054386,55.99635179664273,51.63600141861546,2023-01-06,4,1,0,24,17,12,1.1
41,dairy,38.440901693054386,55.99635179664273,53.87695618790824,2023-01-07,5,1,1,124,7,13,1.1
41,dairy,38.440901693054386,55.99635179664273,49.77807705665818,2023-01-08,6,1,1,69,7,6,1.1
41,dairy,38.440901693054386,55.99635179664273,48.14785189065005,2023-01-09,0,1,0,152,4,7,1.1
41,dairy,38.440901693054386,55.99635179664273,54.351963815732375,2023-01-10,1,1,0,183,12,4,1.1
41,dairy,38.440901693054386,55.99635179664273,54.7502007167529,2023-01-11,2,1,0,193,13,14,1.1
41,dairy,38.440901693054386,55.99635179664273,41.01046080558437,2023-01-12,3,1,0,191,10,14,1.1
41,dairy,38.440901693054386,55.99635179664273,47.907787040855034,2023-01-13,4,1,0,131,18,10,1.1
41,dairy,38.440901693054386,55.99635179664273,41.35467620780329,2023-01-14,5,1,1,100,7,11,1.1
41,dairy,38.440901693054386,55.99635179664273,45.450719861954234,2023-01-15,6,1,1,193,9,7,1.1
41,dairy,38.440901693054386,55.99635179664273,49.04631801277642,2023-01-16,0,1,0,119,6,3,1.1
41,dairy,38.440901693054386,55.99635179664273,40.70085841468185,2023-01-17,1,1,0,55,8,10,1.1
41,dairy,38.440901693054386,55.99635179664273,46.02676178910252,2023-01-18,2,1,0,76,10,11,1.1
41,dairy,38.440901693054386,55.99635179664273,45.13021382496102,2023-01-19,3,1,0,197,16,12,1.1
41,dairy,38.440901693054386,55.99635179664273,55.980245359162296,2023-01-20,4,1,0,155,6,10,1.1
41,dairy,38.440901693054386,55.99635179664273,42.49750496791517,2023-01-21,5,1,1,119,22,2,1.1
41,dairy,38.440901693054386,55.99635179664273,50.81945013448169,2023-01-22,6,1,1,50,11,8,1.1
41,dairy,38.440901693054386,55.99635179664273,49.18900829064725,2023-01-23,0,1,0,177,5,9,1.1
41,dairy,38.440901693054386,55.99635179664273,49.84822697744946,2023-01-24,1,1,0,58,16,1,1.1
41,dairy,38.440901693054386,55.99635179664273,44.53028191174823,2023-01-25,2,1,0,24,14,12,1.1
41,dairy,38.440901693054386,55.99635179664273,55.842678672901805,2023-01-26,3,1,0,94,11,10,1.1
41,dairy,38.440901693054386,55.99635179664273,42.56717556541173,2023-01-27,4,1,0,119,22,10,1.1
41,dairy,38.440901693054386,55.99635179664273,55.979783487256164,2023-01-28,5,1,1,113,6,6,1.1
41,dairy,38.440901693054386,55.99635179664273,48.07323596966226,2023-01-29,6,1,1,84,9,10,1.1
41,dairy,38.440901693054386,55.99635179664273,43.43008786064708,2023-01-30,0,1,0,109,3,13,1.1
41,dairy,38.440901693054386,55.99635179664273,47.98577177240597,2023-01-31,1,1,0,181,13,13,1.1
41,dairy,38.440901693054386,55.99635179664273,50.88041236089027,2023-02-01,2,2,0,122,23,2,1.1732050807568877
41,dairy,38.440901693054386,55.99635179664273,54.91311050654183,2023-02-02,3,2,0,46,15,2,1.1732050807568877
41,dairy,38.440901693054386,55.99635179664273,43.596854752401896,2023-02-03,4,2,0,28,9,14,1.1732050807568877
41,dairy,38.440901693054386,55.99635179664273,48.80675116852709,2023-02-04,5,2,1,178,22,6,1.1732050807568877
41,dairy,38.440901693054386,55.99635179664273,42.071387457499206,2023-02-05,6,2,1,55,27,3,1.1732050807568877
41,dairy,38.440901693054386,55.99635179664273,46.74407104828584,2023-02-06,0,2,0,121,6,13,1.1732050807568877
41,dairy,38.440901693054386,55.99635179664273,47.34541308358909,2023-02-07,1,2,0,128,3,8,1.1732050807568877
41,dairy,38.440901693054386,55.99635179664273,41.84697906010197,2023-02-08,2,2,0,154,23,9,1.1732050807568877
41,dairy,38.440901693054386,55.99635179664273,42.5230578923196,2023-02-09,3,2,0,138,9,8,1.1732050807568877
41,dairy,38.440901693054386,55.99635179664273,42.02567556719666,2023-02-10,4,2,0,163,25,10,1.1732050807568877
41,dairy,38.440901693054386,55.99635179664273,43.569111524909836,2023-02-11,5,2,1,50,14,14,1.1732050807568877
41,dairy,38.440901693054386,55.99635179664273,45.32948574094727,2023-02-12,6,2,1,106,10,10,1.1732050807568877
41,dairy,38.440901693054386,55.99635179664273,52.61574659087776,2023-02-13,0,2,0,36,14,7,1.1732050807568877
41,dairy,38.440901693054386,55.99635179664273,45.0178051519059,2023-02-14,1,2,0,127,8,5,1.1732050807568877
41,dairy,38.440901693054386,55.99635179664273,49.376075408458846,2023-02-15,2,2,0,169,8,6,1.1732050807568877
41,dairy,38.440901693054386,55.99635179664273,51.213503696554355,2023-02-16,3,2,0,175,24,1,1.1732050807568877
41,dairy,38.440901693054386,55.99635179664273,50.336334285771585,2023-02-17,4,2,0,59,19,13,1.1732050807568877
41,dairy,38.440901693054386,55.99635179664273,54.98196478310443,2023-02-18,5,2,1,127,13,9,1.1732050807568877
41,dairy,38.440901693054386,55.99635179664273,42.26748018317813,2023-02-19,6,2,1,124,6,7,1.1732050807568877
41,dairy,38.440901693054386,55.99635179664273,49.659292347268334,2023-02-20,0,2,0,197,7,7,1.1732050807568877
41,dairy,38.440901693054386,55.99635179664273,45.23605231602582,2023-02-21,1,2,0,198,13,6,1.1732050807568877
41,dairy,38.440901693054386,55.99635179664273,55.73436956929443,2023-02-22,2,2,0,142,15,10,1.1732050807568877
41,dairy,38.440901693054386,55.99635179664273,45.12466533139185,2023-02-23,3,2,0,86,20,11,1.1732050807568877
41,dairy,38.440901693054386,55.99635179664273,50.92109148196638,2023-02-24,4,2,0,95,15,2,1.1732050807568877
41,dairy,38.440901693054386,55.99635179664273,54.01410544900626,2023-02-25,5,2,1,76,17,10,1.1732050807568877
41,dairy,38.440901693054386,55.99635179664273,45.554145955537464,2023-02-26,6,2,1,140,21,9,1.1732050807568877
41,dairy,38.440901693054386,55.99635179664273,46.52219617739884,2023-02-27,0,2,0,146,19,9,1.1732050807568877
41,dairy,38.440901693054386,55.99635179664273,44.88214575620247,2023-02-28,1,2,0,129,20,5,1.1732050807568877
41,dairy,38.440901693054386,55.99635179664273,45.40759166918312,2023-03-01,2,3,0,137,15,9,1.2
41,dairy,38.440901693054386,55.99635179664273,54.710001784325236,2023-03-02,3,3,0,155,32,1,1.2
41,dairy,38.440901693054386,55.99635179664273,52.94058360319848,2023-03-03,4,3,0,136,14,1,1.2
41,dairy,38.440901693054386,55.99635179664273,54.251250851285654,2023-03-04,5,3,1,176,14,12,1.2
41,dairy,38.440901693054386,55.99635179664273,42.614898235652426,2023-03-05,6,3,1,166,19,5,1.2
41,dairy,38.440901693054386,55.99635179664273,42.156958064194136,2023-03-06,0,3,0,24,11,9,1.2
41,dairy,38.440901693054386,55.99635179664273,44.70478668008509,2023-03-07,1,3,0,106,13,14,1.2
41,dairy,38.440901693054386,55.99635179664273,40.384870561943416,2023-03-08,2,3,0,27,26,5,1.2
41,dairy,38.440901693054386,55.99635179664273,48.423071021283086,2023-03-09,3,3,0,153,3,6,1.2
41,dairy,38.440901693054386,55.99635179664273,43.068269896241105,2023-03-10,4,3,0,177,21,8,1.2
41,dairy,38.440901693054386,55.99635179664273,43.81238819691249,2023-03-11,5,3,1,153,13,11,1.2
41,dairy,38.440901693054386,55.99635179664273,45.108995748286496,2023-03-12,6,3,1,184,11,4,1.2
41,dairy,38.440901693054386,55.99635179664273,47.020198984053856,2023-03-13,0,3,0,61,21,10,1.2
41,dairy,38.440901693054386,55.99635179664273,47.77772000202961,2023-03-14,1,3,0,52,16,11,1.2
41,dairy,38.440901693054386,55.99635179664273,52.196346810803576,2023-03-15,2,3,0,98,15,7,1.2
41,dairy,38.440901693054386,55.99635179664273,48.75427445322592,2023-03-16,3,3,0,47,20,13,1.2
41,dairy,38.440901693054386,55.99635179664273,53.09180594912907,2023-03-17,4,3,0,129,26,1,1.2
41,dairy,38.440901693054386,55.99635179664273,43.279107127542254,2023-03-18,5,3,1,28,20,8,1.2
41,dairy,38.440901693054386,55.99635179664273,53.82167400652442,2023-03-19,6,3,1,198,23,12,1.2
41,dairy,38.440901693054386,55.99635179664273,52.38306472171063,2023-03-20,0,3,0,199,22,3,1.2
41,dairy,38.440901693054386,55.99635179664273,40.409332008243176,2023-03-21,1,3,0,147,23,5,1.2
41,dairy,38.440901693054386,55.99635179664273,42.54154397161486,2023-03-22,2,3,0,125,10,5,1.2
41,dairy,38.440901693054386,55.99635179664273,49.21907620740149,2023-03-23,3,3,0,176,5,12,1.2
41,dairy,38.440901693054386,55.99635179664273,51.36853349695873,2023-03-24,4,3,0,99,33,1,1.2
41,dairy,38.440901693054386,55.99635179664273,54.6528817624699,2023-03-25,5,3,1,106,14,5,1.2
41,dairy,38.440901693054386,55.99635179664273,40.410385218114264,2023-03-26,6,3,1,191,8,9,1.2
41,dairy,38.440901693054386,55.99635179664273,52.74624791582278,2023-03-27,0,3,0,187,21,2,1.2
41,dairy,38.440901693054386,55.99635179664273,54.843894766665485,2023-03-28,1,3,0,72,19,9,1.2
41,dairy,38.440901693054386,55.99635179664273,41.584155914217824,2023-03-29,2,3,0,31,19,10,1.2
41,dairy,38.440901693054386,55.99635179664273,55.16523912226463,2023-03-30,3,3,0,154,18,1,1.2
41,dairy,38.440901693054386,55.99635179664273,43.126458319550565,2023-03-31,4,3,0,104,19,2,1.2
41,dairy,38.440901693054386,55.99635179664273,50.52682389043442,2023-04-01,5,4,1,157,25,6,1.1732050807568877
41,dairy,38.440901693054386,55.99635179664273,46.19389547829811,2023-04-02,6,4,1,147,30,3,1.1732050807568877
41,dairy,38.440901693054386,55.99635179664273,45.530228540762934,2023-04-03,0,4,0,153,11,11,1.1732050807568877
41,dairy,38.440901693054386,55.99635179664273,55.58083638185121,2023-04-04,1,4,0,142,6,4,1.1732050807568877
41,dairy,38.440901693054386,55.99635179664273,55.04963601348393,2023-04-05,2,4,0,129,4,10,1.1732050807568877
41,dairy,38.440901693054386,55.99635179664273,54.779221559062904,2023-04-06,3,4,0,94,8,8,1.1732050807568877
41,dairy,38.440901693054386,55.99635179664273,50.13317158247317,2023-04-07,4,4,0,161,11,6,1.1732050807568877
41,dairy,38.440901693054386,55.99635179664273,44.01783245359991,2023-04-08,5,4,1,64,31,1,1.1732050807568877
41,dairy,38.440901693054386,55.99635179664273,51.342941056779026,2023-04-09,6,4,1,189,6,10,1.1732050807568877
41,dairy,38.440901693054386,55.99635179664273,43.81331280111392,2023-04-10,0,4,0,75,20,7,1.1732050807568877
41,dairy,38.440901693054386,55.99635179664273,45.05327804120181,2023-04-11,1,4,0,69,11,4,1.1732050807568877
41,dairy,38.440901693054386,55.99635179664273,44.98117989701188,2023-04-12,2,4,0,130,24,9,1.1732050807568877
41,dairy,38.440901693054386,55.99635179664273,52.1755377245853,2023-04-13,3,4,0,125,19,10,1.1732050807568877
41,dairy,38.440901693054386,55.99635179664273,45.83392211346963,2023-04-14,4,4,0,78,6,9,1.1732050807568877
41,dairy,38.440901693054386,55.99635179664273,43.45325569882174,2023-04-15,5,4,1,57,21,6,1.1732050807568877
41,dairy,38.440901693054386,55.99635179664273,50.7560231264879,2023-04-16,6,4,1,129,24,4,1.1732050807568877
41,dairy,38.440901693054386,55.99635179664273,42.88567374763615,2023-04-17,0,4,0,152,17,10,1.1732050807568877
41,dairy,38.440901693054386,55.99635179664273,41.959055079587486,2023-04-18,1,4,0,135,27,9,1.1732050807568877
41,dairy,38.440901693054386,55.99635179664273,54.00103729782438,2023-04-19,2,4,0,125,10,3,1.1732050807568877
41,dairy,38.440901693054386,55.99635179664273,44.34675401570496,2023-04-20,3,4,0,178,13,4,1.1732050807568877
41,dairy,38.440901693054386,55.99635179664273,42.333710101860135,2023-04-21,4,4,0,41,20,6,1.1732050807568877
41,dairy,38.440901693054386,55.99635179664273,50.94245685986337,2023-04-22,5,4,1,20,20,8,1.1732050807568877
41,dairy,38.440901693054386,55.99635179664273,45.78942806152446,2023-04-23,6,4,1,131,11,9,1.1732050807568877
41,dairy,38.440901693054386,55.99635179664273,46.46471562928953,2023-04-24,0,4,0,110,27,2,1.1732050807568877
41,dairy,38.440901693054386,55.99635179664273,51.20441034883609,2023-04-25,1,4,0,118,5,5,1.1732050807568877
41,dairy,38.440901693054386,55.99635179664273,54.95040074537731,2023-04-26,2,4,0,146,7,10,1.1732050807568877
41,dairy,38.440901693054386,55.99635179664273,42.33851048776772,2023-04-27,3,4,0,122,18,11,1.1732050807568877
41,dairy,38.440901693054386,55.99635179664273,52.86543155993663,2023-04-28,4,4,0,85,10,3,1.1732050807568877
41,dairy,38.440901693054386,55.99635179664273,46.00657925389012,2023-04-29,5,4,1,145,11,14,1.1732050807568877
41,dairy,38.440901693054386,55.99635179664273,41.51865525729798,2023-04-30,6,4,1,160,23,12,1.1732050807568877
41,dairy,38.440901693054386,55.99635179664273,52.551391364494705,2023-05-01,0,5,0,72,5,13,1.1
41,dairy,38.440901693054386,55.99635179664273,53.29058819864972,2023-05-02,1,5,0,76,9,14,1.1
41,dairy,38.440901693054386,55.99635179664273,43.036337463325516,2023-05-03,2,5,0,149,38,1,1.1
41,dairy,38.440901693054386,55.99635179664273,54.66480427791505,2023-05-04,3,5,0,138,9,2,1.1
41,dairy,38.440901693054386,55.99635179664273,46.514927133149,2023-05-05,4,5,0,164,7,8,1.1
41,dairy,38.440901693054386,55.99635179664273,53.48756532531493,2023-05-06,5,5,1,32,13,14,1.1
41,dairy,38.440901693054386,55.99635179664273,53.15239839563385,2023-05-07,6,5,1,188,10,5,1.1
41,dairy,38.440901693054386,55.99635179664273,51.46318596229678,2023-05-08,0,5,0,30,4,14,1.1
41,dairy,38.440901693054386,55.99635179664273,41.178722009266515,2023-05-09,1,5,0,104,5,6,1.1
41,dairy,38.440901693054386,55.99635179664273,54.082796353947344,2023-05-10,2,5,0,119,5,6,1.1
41,dairy,38.440901693054386,55.99635179664273,47.35989245639905,2023-05-11,3,5,0,159,23,1,1.1
41,dairy,38.440901693054386,55.99635179664273,50.48954874816476,2023-05-12,4,5,0,129,8,9,1.1
41,dairy,38.440901693054386,55.99635179664273,41.439818460559295,2023-05-13,5,5,1,53,33,1,1.1
41,dairy,38.440901693054386,55.99635179664273,50.56940385791788,2023-05-14,6,5,1,126,20,1,1.1
41,dairy,38.440901693054386,55.99635179664273,50.62688862445831,2023-05-15,0,5,0,42,15,5,1.1
41,dairy,38.440901693054386,55.99635179664273,54.06401506282083,2023-05-16,1,5,0,21,18,3,1.1
41,dairy,38.440901693054386,55.99635179664273,48.11135228576277,2023-05-17,2,5,0,164,9,6,1.1
41,dairy,38.440901693054386,55.99635179664273,43.26217954030848,2023-05-18,3,5,0,89,16,9,1.1
41,dairy,38.440901693054386,55.99635179664273,51.58630040444657,2023-05-19,4,5,0,141,11,7,1.1
41,dairy,38.440901693054386,55.99635179664273,49.617006938978406,2023-05-20,5,5,1,103,5,5,1.1
41,dairy,38.440901693054386,55.99635179664273,42.9695608505511,2023-05-21,6,5,1,196,10,3,1.1
41,dairy,38.440901693054386,55.99635179664273,47.312586352833584,2023-05-22,0,5,0,45,22,4,1.1
41,dairy,38.440901693054386,55.99635179664273,52.62872065708817,2023-05-23,1,5,0,109,8,4,1.1
41,dairy,38.440901693054386,55.99635179664273,47.25531352536206,2023-05-24,2,5,0,111,9,1,1.1
41,dairy,38.440901693054386,55.99635179664273,53.90854450783996,2023-05-25,3,5,0,27,17,7,1.1
41,dairy,38.440901693054386,55.99635179664273,51.99114394964657,2023-05-26,4,5,0,46,8,8,1.1
41,dairy,38.440901693054386,55.99635179664273,41.34656079484806,2023-05-27,5,5,1,159,21,6,1.1
41,dairy,38.440901693054386,55.99635179664273,40.40454888838466,2023-05-28,6,5,1,197,11,8,1.1
41,dairy,38.440901693054386,55.99635179664273,53.09371174915066,2023-05-29,0,5,0,161,8,14,1.1
41,dairy,38.440901693054386,55.99635179664273,41.43359527455243,2023-05-30,1,5,0,134,11,14,1.1
41,dairy,38.440901693054386,55.99635179664273,44.42202334651448,2023-05-31,2,5,0,105,18,10,1.1
41,dairy,38.440901693054386,55.99635179664273,50.083181256699206,2023-06-01,3,6,0,116,10,3,1.0
41,dairy,38.440901693054386,55.99635179664273,40.69450082289012,2023-06-02,4,6,0,66,10,14,1.0
41,dairy,38.440901693054386,55.99635179664273,55.932742065171965,2023-06-03,5,6,1,32,17,10,1.0
41,dairy,38.440901693054386,55.99635179664273,51.244677289119906,2023-06-04,6,6,1,97,19,11,1.0
41,dairy,38.440901693054386,55.99635179664273,42.002250219385985,2023-06-05,0,6,0,191,9,9,1.0
41,dairy,38.440901693054386,55.99635179664273,51.63800221084221,2023-06-06,1,6,0,178,15,7,1.0
41,dairy,38.440901693054386,55.99635179664273,40.80974465383595,2023-06-07,2,6,0,128,9,8,1.0
41,dairy,38.440901693054386,55.99635179664273,45.118671852075174,2023-06-08,3,6,0,29,10,6,1.0
41,dairy,38.440901693054386,55.99635179664273,42.82896971251139,2023-06-09,4,6,0,169,19,3,1.0
41,dairy,38.440901693054386,55.99635179664273,40.79372872800912,2023-06-10,5,6,1,121,27,1,1.0
41,dairy,38.440901693054386,55.99635179664273,46.43883404352639,2023-06-11,6,6,1,123,17,9,1.0
41,dairy,38.440901693054386,55.99635179664273,45.18351878620672,2023-06-12,0,6,0,178,9,6,1.0
41,dairy,38.440901693054386,55.99635179664273,43.82202556566542,2023-06-13,1,6,0,103,8,8,1.0
41,dairy,38.440901693054386,55.99635179664273,54.78283147466469,2023-06-14,2,6,0,50,13,4,1.0
41,dairy,38.440901693054386,55.99635179664273,42.52739399888955,2023-06-15,3,6,0,105,6,14,1.0
41,dairy,38.440901693054386,55.99635179664273,54.53688432538138,2023-06-16,4,6,0,49,12,5,1.0
41,dairy,38.440901693054386,55.99635179664273,54.12285014211764,2023-06-17,5,6,1,54,13,4,1.0
41,dairy,38.440901693054386,55.99635179664273,42.51151025407577,2023-06-18,6,6,1,31,24,5,1.0
41,dairy,38.440901693054386,55.99635179664273,42.16078095496602,2023-06-19,0,6,0,177,16,4,1.0
41,dairy,38.440901693054386,55.99635179664273,51.022577922108695,2023-06-20,1,6,0,116,12,8,1.0
41,dairy,38.440901693054386,55.99635179664273,50.153937829517986,2023-06-21,2,6,0,139,12,11,1.0
41,dairy,38.440901693054386,55.99635179664273,52.74354980927869,2023-06-22,3,6,0,62,12,7,1.0
41,dairy,38.440901693054386,55.99635179664273,48.557380734288465,2023-06-23,4,6,0,107,14,1,1.0
41,dairy,38.440901693054386,55.99635179664273,50.60136390671503,2023-06-24,5,6,1,53,8,10,1.0
41,dairy,38.440901693054386,55.99635179664273,43.83667421855618,2023-06-25,6,6,1,43,18,12,1.0
41,dairy,38.440901693054386,55.99635179664273,48.16274504667468,2023-06-26,0,6,0,29,10,6,1.0
41,dairy,38.440901693054386,55.99635179664273,54.14200165877635,2023-06-27,1,6,0,32,19,13,1.0
41,dairy,38.440901693054386,55.99635179664273,49.712596070035715,2023-06-28,2,6,0,39,5,10,1.0
41,dairy,38.440901693054386,55.99635179664273,46.045586650774624,2023-06-29,3,6,0,191,9,8,1.0
42,snacks,63.61969913733015,98.48240533125886,96.05902908809082,2023-01-01,6,1,1,96,16,10,1.1
42,snacks,63.61969913733015,98.48240533125886,73.61266511436874,2023-01-02,0,1,0,70,21,4,1.1
42,snacks,63.61969913733015,98.48240533125886,79.047822726065,2023-01-03,1,1,0,47,13,12,1.1
42,snacks,63.61969913733015,98.48240533125886,92.03501895494605,2023-01-04,2,1,0,123,8,7,1.1
42,snacks,63.61969913733015,98.48240533125886,87.63521771907628,2023-01-05,3,1,0,66,6,14,1.1
42,snacks,63.61969913733015,98.48240533125886,92.92615296975976,2023-01-06,4,1,0,90,10,3,1.1
42,snacks,63.61969913733015,98.48240533125886,72.2998268774016,2023-01-07,5,1,1,135,5,12,1.1
42,snacks,63.61969913733015,98.48240533125886,92.2814334502176,2023-01-08,6,1,1,108,17,2,1.1
42,snacks,63.61969913733015,98.48240533125886,97.97147372322176,2023-01-09,0,1,0,172,8,12,1.1
42,snacks,63.61969913733015,98.48240533125886,71.42490838180431,2023-01-10,1,1,0,99,15,11,1.1
42,snacks,63.61969913733015,98.48240533125886,94.24635494726388,2023-01-11,2,1,0,132,13,11,1.1
42,snacks,63.61969913733015,98.48240533125886,81.87325326958074,2023-01-12,3,1,0,177,11,6,1.1
42,snacks,63.61969913733015,98.48240533125886,88.32383438335691,2023-01-13,4,1,0,150,7,6,1.1
42,snacks,63.61969913733015,98.48240533125886,76.64745985095016,2023-01-14,5,1,1,116,16,8,1.1
42,snacks,63.61969913733015,98.48240533125886,84.45683638412876,2023-01-15,6,1,1,21,21,12,1.1
42,snacks,63.61969913733015,98.48240533125886,91.18938313253551,2023-01-16,0,1,0,132,6,2,1.1
42,snacks,63.61969913733015,98.48240533125886,78.40024922176659,2023-01-17,1,1,0,178,8,5,1.1
42,snacks,63.61969913733015,98.48240533125886,86.15359065319983,2023-01-18,2,1,0,76,12,5,1.1
42,snacks,63.61969913733015,98.48240533125886,96.99039489478997,2023-01-19,3,1,0,159,16,14,1.1
42,snacks,63.61969913733015,98.48240533125886,90.96986765961317,2023-01-20,4,1,0,165,16,13,1.1
42,snacks,63.61969913733015,98.48240533125886,74.58392544517582,2023-01-21,5,1,1,113,11,10,1.1
42,snacks,63.61969913733015,98.48240533125886,90.87198447050271,2023-01-22,6,1,1,158,10,11,1.1
42,snacks,63.61969913733015,98.48240533125886,88.57529717617675,2023-01-23,0,1,0,117,16,4,1.1
42,snacks,63.61969913733015,98.48240533125886,80.50580881919348,2023-01-24,1,1,0,31,6,9,1.1
42,snacks,63.61969913733015,98.48240533125886,84.10584863175742,2023-01-25,2,1,0,20,14,7,1.1
42,snacks,63.61969913733015,98.48240533125886,93.46301501586248,2023-01-26,3,1,0,100,1,10,1.1
42,snacks,63.61969913733015,98.48240533125886,78.48345093788136,2023-01-27,4,1,0,71,16,4,1.1
42,snacks,63.61969913733015,98.48240533125886,86.52047838638201,2023-01-28,5,1,1,27,22,3,1.1
42,snacks,63.61969913733015,98.48240533125886,97.52790917470102,2023-01-29,6,1,1,97,13,12,1.1
42,snacks,63.61969913733015,98.48240533125886,75.34990019323511,2023-01-30,0,1,0,94,5,10,1.1
42,snacks,63.61969913733015,98.48240533125886,72.44695036014097,2023-01-31,1,1,0,42,9,7,1.1
42,snacks,63.61969913733015,98.48240533125886,93.25451699580003,2023-02-01,2,2,0,57,13,8,1.1732050807568877
42,snacks,63.61969913733015,98.48240533125886,73.58956271904871,2023-02-02,3,2,0,164,24,3,1.1732050807568877
42,snacks,63.61969913733015,98.48240533125886,73.81570741846406,2023-02-03,4,2,0,145,10,5,1.1732050807568877
42,snacks,63.61969913733015,98.48240533125886,89.89322705271714,2023-02-04,5,2,1,122,21,9,1.1732050807568877
42,snacks,63.61969913733015,98.48240533125886,82.26344162026902,2023-02-05,6,2,1,114,16,13,1.1732050807568877
42,snacks,63.61969913733015,98.48240533125886,80.45974110444321,2023-02-06,0,2,0,32,4,5,1.1732050807568877
42,snacks,63.61969913733015,98.48240533125886,91.4732239616937,2023-02-07,1,2,0,37,31,1,1.1732050807568877
42,snacks,63.61969913733015,98.48240533125886,93.97756205662864,2023-02-08,2,2,0,182,19,14,1.1732050807568877
42,snacks,63.61969913733015,98.48240533125886,83.93169641468293,2023-02-09,3,2,0,151,22,4,1.1732050807568877
42,snacks,63.61969913733015,98.48240533125886,82.87827073925993,2023-02-10,4,2,0,101,11,4,1.1732050807568877
42,snacks,63.61969913733015,98.48240533125886,72.51998969675698,2023-02-11,5,2,1,185,18,5,1.1732050807568877
42,snacks,63.61969913733015,98.48240533125886,85.59295985575365,2023-02-12,6,2,1,23,11,7,1.1732050807568877
42,snacks,63.61969913733015,98.48240533125886,83.54671343586986,2023-02-13,0,2,0,79,11,4,1.1732050807568877
42,snacks,63.61969913733015,98.48240533125886,83.78361994797004,2023-02-14,1,2,0,116,3,5,1.1732050807568877
42,snacks,63.61969913733015,98.48240533125886,95.74018590882494,2023-02-15,2,2,0,66,15,7,1.1732050807568877
42,snacks,63.61969913733015,98.48240533125886,71.46488311673745,2023-02-16,3,2,0,149,10,12,1.1732050807568877
42,snacks,63.61969913733015,98.48240533125886,77.3502481047914,2023-02-17,4,2,0,128,24,4,1.1732050807568877
42,snacks,63.61969913733015,98.48240533125886,77.42770448403371,2023-02-18,5,2,1,101,21,5,1.1732050807568877
42,snacks,63.61969913733015,98.48240533125886,81.93141133586329,2023-02-19,6,2,1,49,13,8,1.1732050807568877
42,snacks,63.61969913733015,98.48240533125886,84.80546002259837,2023-02-20,0,2,0,155,10,6,1.1732050807568877
42,snacks,63.61969913733015,98.48240533125886,90.34461274918979,2023-02-21,1,2,0,159,9,6,1.1732050807568877
42,snacks,63.61969913733015,98.48240533125886,75.49912494477438,2023-02-22,2,2,0,93,22,3,1.1732050807568877
42,snacks,63.61969913733015,98.48240533125886,73.54939709925483,2023-02-23,3,2,0,147,18,2,1.1732050807568877
42,snacks,63.61969913733015,98.48240533125886,69.23396628865817,2023-02-24,4,2,0,103,6,4,1.1732050807568877
42,snacks,63.61969913733015,98.48240533125886,78.92374422172298,2023-02-25,5,2,1,29,24,7,1.1732050807568877
42,snacks,63.61969913733015,98.48240533125886,75.81221960296108,2023-02-26,6,2,1,32,10,8,1.1732050807568877
42,snacks,63.61969913733015,98.48240533125886,95.34282561212497,2023-02-27,0,2,0,102,6,5,1.1732050807568877
42,snacks,63.61969913733015,98.48240533125886,83.18078126549021,2023-02-28,1,2,0,176,8,7,1.1732050807568877
42,snacks,63.61969913733015,98.48240533125886,67.96517188392019,2023-03-01,2,3,0,94,9,8,1.2
42,snacks,63.61969913733015,98.48240533125886,67.75580927677733,2023-03-02,3,3,0,130,17,4,1.2
42,snacks,63.61969913733015,98.48240533125886,81.56278317854542,2023-03-03,4,3,0,119,14,5,1.2
42,snacks,63.61969913733015,98.48240533125886,75.35216673347911,2023-03-04,5,3,1,103,26,6,1.2
42,snacks,63.61969913733015,98.48240533125886,74.51669148262212,2023-03-05,6,3,1,174,11,14,1.2
42,snacks,63.61969913733015,98.48240533125886,98.2987847890336,2023-03-06,0,3,0,94,17,7,1.2
42,snacks,63.61969913733015,98.48240533125886,75.24005610663632,2023-03-07,1,3,0,97,10,8,1.2
42,snacks,63.61969913733015,98.48240533125886,83.86067559856323,2023-03-08,2,3,0,197,9,9,1.2
42,snacks,63.61969913733015,98.48240533125886,96.43775377157847,2023-03-09,3,3,0,191,17,6,1.2
42,snacks,63.61969913733015,98.48240533125886,84.78947026963253,2023-03-10,4,3,0,31,12,13,1.2
42,snacks,63.61969913733015,98.48240533125886,87.68481447131091,2023-03-11,5,3,1,155,11,14,1.2
42,snacks,63.61969913733015,98.48240533125886,89.57062206302578,2023-03-12,6,3,1,46,20,3,1.2
42,snacks,63.61969913733015,98.48240533125886,73.50917652649886,2023-03-13,0,3,0,26,10,11,1.2
42,snacks,63.61969913733015,98.48240533125886,84.07685887351724,2023-03-14,1,3,0,150,14,5,1.2
42,snacks,63.61969913733015,98.48240533125886,87.92934535562765,2023-03-15,2,3,0,28,14,13,1.2
42,snacks,63.61969913733015,98.48240533125886,68.20235346682263,2023-03-16,3,3,0,162,16,7,1.2
42,snacks,63.61969913733015,98.48240533125886,96.76499782543664,2023-03-17,4,3,0,148,18,2,1.2
42,snacks,63.61969913733015,98.48240533125886,66.8357881829231,2023-03-18,5,3,1,118,26,13,1.2
42,snacks,63.61969913733015,98.48240533125886,70.1824549494097,2023-03-19,6,3,1,115,13,4,1.2
42,snacks,63.61969913733015,98.48240533125886,94.490052876953,2023-03-20,0,3,0,56,16,10,1.2
42,snacks,63.61969913733015,98.48240533125886,91.19270420691407,2023-03-21,1,3,0,126,16,2,1.2
42,snacks,63.61969913733015,98.48240533125886,77.28897156549127,2023-03-22,2,3,0,127,24,5,1.2
42,snacks,63.61969913733015,98.48240533125886,79.34923546979937,2023-03-23,3,3,0,130,16,12,1.2
42,snacks,63.61969913733015,98.48240533125886,75.4794157194453,2023-03-24,4,3,0,135,20,5,1.2
42,snacks,63.61969913733015,98.48240533125886,89.17861038856714,2023-03-25,5,3,1,37,22,1,1.2
42,snacks,63.61969913733015,98.48240533125886,96.92934875307236,2023-03-26,6,3,1,79,23,2,1.2
42,snacks,63.61969913733015,98.48240533125886,80.07411899604608,2023-03-27,0,3,0,152,20,3,1.2
42,snacks,63.61969913733015,98.48240533125886,74.69325665234899,2023-03-28,1,3,0,179,17,5,1.2
42,snacks,63.61969913733015,98.48240533125886,75.78270256297431,2023-03-29,2,3,0,146,32,1,1.2
42,snacks,63.61969913733015,98.48240533125886,70.76805719303842,2023-03-30,3,3,0,113,20,10,1.2
42,snacks,63.61969913733015,98.48240533125886,86.78014715650876,2023-03-31,4,3,0,159,14,8,1.2
42,snacks,63.61969913733015,98.48240533125886,98.26189011337944,2023-04-01,5,4,1,163,26,1,1.1732050807568877
42,snacks,63.61969913733015,98.48240533125886,80.1875928505212,2023-04-02,6,4,1,188,24,5,1.1732050807568877
42,snacks,63.61969913733015,98.48240533125886,89.5418436989224,2023-04-03,0,4,0,60,25,2,1.1732050807568877
42,snacks,63.61969913733015,98.48240533125886,73.79728720681014,2023-04-04,1,4,0,179,15,13,1.1732050807568877
42,snacks,63.61969913733015,98.48240533125886,90.04433043849056,2023-04-05,2,4,0,89,10,6,1.1732050807568877
42,snacks,63.61969913733015,98.48240533125886,78.2722557449213,2023-04-06,3,4,0,35,11,4,1.1732050807568877
42,snacks,63.61969913733015,98.48240533125886,94.8107845216991,2023-04-07,4,4,0,158,1,12,1.1732050807568877
42,snacks,63.61969913733015,98.48240533125886,68.98358260214815,2023-04-08,5,4,1,39,30,2,1.1732050807568877
42,snacks,63.61969913733015,98.48240533125886,94.12949133066667,2023-04-09,6,4,1,89,20,1,1.1732050807568877
42,snacks,63.61969913733015,98.48240533125886,87.70482778771135,2023-04-10,0,4,0,99,11,2,1.1732050807568877
42,snacks,63.61969913733015,98.48240533125886,78.31295434201473,2023-04-11,1,4,0,66,10,8,1.1732050807568877
42,snacks,63.61969913733015,98.48240533125886,72.49253645168406,2023-04-12,2,4,0,37,21,10,1.1732050807568877
42,snacks,63.61969913733015,98.48240533125886,73.00269480951388,2023-04-13,3,4,0,125,20,9,1.1732050807568877
42,snacks,63.61969913733015,98.48240533125886,87.74950955887103,2023-04-14,4,4,0,175,1,11,1.1732050807568877
42,snacks,63.61969913733015,98.48240533125886,80.56333697045594,2023-04-15,5,4,1,54,17,4,1.1732050807568877
42,snacks,63.61969913733015,98.48240533125886,86.19814553836204,2023-04-16,6,4,1,156,19,7,1.1732050807568877
42,snacks,63.61969913733015,98.48240533125886,79.15901535398298,2023-04-17,0,4,0,85,16,11,1.1732050807568877
42,snacks,63.61969913733015,98.48240533125886,82.90262454815782,2023-04-18,1,4,0,62,22,3,1.1732050807568877
42,snacks,63.61969913733015,98.48240533125886,78.18016382315717,2023-04-19,2,4,0,177,9,10,1.1732050807568877
42,snacks,63.61969913733015,98.48240533125886,83.52918128885338,2023-04-20,3,4,0,86,11,13,1.1732050807568877
42,snacks,63.61969913733015,98.48240533125886,78.11164925264376,2023-04-21,4,4,0,159,7,4,1.1732050807568877
42,snacks,63.61969913733015,98.48240533125886,97.95953600755725,2023-04-22,5,4,1,139,6,5,1.1732050807568877
42,snacks,63.61969913733015,98.48240533125886,84.58537761719987,2023-04-23,6,4,1,147,20,12,1.1732050807568877
42,snacks,63.61969913733015,98.48240533125886,71.4061646954941,2023-04-24,0,4,0,176,12,7,1.1732050807568877
42,snacks,63.61969913733015,98.48240533125886,89.61662571506167,2023-04-25,1,4,0,97,6,9,1.1732050807568877
42,snacks,63.61969913733015,98.48240533125886,73.25634992620836,2023-04-26,2,4,0,96,10,2,1.1732050807568877
42,snacks,63.61969913733015,98.48240533125886,98.34705643881595,2023-04-27,3,4,0,79,15,7,1.1732050807568877
42,snacks,63.61969913733015,98.48240533125886,72.3759246527926,2023-04-28,4,4,0,125,17,9,1.1732050807568877
42,snacks,63.61969913733015,98.48240533125886,76.02946677771833,2023-04-29,5,4,1,111,20,13,1.1732050807568877
42,snacks,63.61969913733015,98.48240533125886,95.89937559297962,2023-04-30,6,4,1,33,18,3,1.1732050807568877
42,snacks,63.61969913733015,98.48240533125886,77.89571919270688,2023-05-01,0,5,0,130,4,8,1.1
42,snacks,63.61969913733015,98.48240533125886,84.74158246761436,2023-05-02,1,5,0,68,18,5,1.1
42,snacks,63.61969913733015,98.48240533125886,71.12607545352691,2023-05-03,2,5,0,185,4,12,1.1
42,snacks,63.61969913733015,98.48240533125886,97.78054893728714,2023-05-04,3,5,0,30,7,11,1.1
42,snacks,63.61969913733015,98.48240533125886,76.39315137361494,2023-05-05,4,5,0,29,25,1,1.1
42,snacks,63.61969913733015,98.48240533125886,90.50812491565057,2023-05-06,5,5,1,111,30,1,1.1
42,snacks,63.61969913733015,98.48240533125886,92.43693424389042,2023-05-07,6,5,1,172,7,10,1.1
42,snacks,63.61969913733015,98.48240533125886,70.71585087096565,2023-05-08,0,5,0,150,10,14,1.1
42,snacks,63.61969913733015,98.48240533125886,94.21980927085652,2023-05-09,1,5,0,42,18,8,1.1
42,snacks,63.61969913733015,98.48240533125886,69.92679132028303,2023-05-10,2,5,0,82,9,4,1.1
42,snacks,63.61969913733015,98.48240533125886,81.48902618316814,2023-05-11,3,5,0,93,7,13,1.1
42,snacks,63.61969913733015,98.48240533125886,74.0973885562696,2023-05-12,4,5,0,108,4,6,1.1
42,snacks,63.61969913733015,98.48240533125886,88.36366947649108,2023-05-13,5,5,1,43,10,13,1.1
42,snacks,63.61969913733015,98.48240533125886,68.71142086855784,2023-05-14,6,5,1,199,38,1,1.1
42,snacks,63.61969913733015,98.48240533125886,69.78016557311894,2023-05-15,0,5,0,173,18,10,1.1
42,snacks,63.61969913733015,98.48240533125886,92.97254720102073,2023-05-16,1,5,0,117,7,6,1.1
42,snacks,63.61969913733015,98.48240533125886,94.81389261071007,2023-05-17,2,5,0,125,16,4,1.1
42,snacks,63.61969913733015,98.48240533125886,85.34388401323277,2023-05-18,3,5,0,186,15,5,1.1
42,snacks,63.61969913733015,98.48240533125886,95.38950244220757,2023-05-19,4,5,0,49,13,12,1.1
42,snacks,63.61969913733015,98.48240533125886,91.5977312678811,2023-05-20,5,5,1,122,14,7,1.1
42,snacks,63.61969913733015,98.48240533125886,68.878260908115,2023-05-21,6,5,1,60,15,12,1.1
42,snacks,63.61969913733015,98.48240533125886,70.77645237996273,2023-05-22,0,5,0,83,10,6,1.1
42,snacks,63.61969913733015,98.48240533125886,74.22847972497756,2023-05-23,1,5,0,138,11,14,1.1
42,snacks,63.61969913733015,98.48240533125886,86.98123848923781,2023-05-24,2,5,0,65,18,6,1.1
42,snacks,63.61969913733015,98.48240533125886,86.82498259502717,2023-05-25,3,5,0,160,16,14,1.1
42,snacks,63.61969913733015,98.48240533125886,71.38716776020878,2023-05-26,4,5,0,47,14,8,1.1
42,snacks,63.61969913733015,98.48240533125886,91.24623490465984,2023-05-27,5,5,1,171,9,3,1.1
42,snacks,63.61969913733015,98.48240533125886,71.80097918654835,2023-05-28,6,5,1,34,32,1,1.1
42,snacks,63.61969913733015,98.48240533125886,85.37162390027841,2023-05-29,0,5,0,164,19,3,1.1
42,snacks,63.61969913733015,98.48240533125886,87.29342072170193,2023-05-30,1,5,0,121,4,13,1.1
42,snacks,63.61969913733015,98.48240533125886,96.16199756508549,2023-05-31,2,5,0,159,11,7,1.1
42,snacks,63.61969913733015,98.48240533125886,70.32596928750641,2023-06-01,3,6,0,166,8,5,1.0
42,snacks,63.61969913733015,98.48240533125886,98.33288683989755,2023-06-02,4,6,0,81,9,2,1.0
42,snacks,63.61969913733015,98.48240533125886,80.34887422017357,2023-06-03,5,6,1,182,22,13,1.0
42,snacks,63.61969913733015,98.48240533125886,88.48414947836523,2023-06-04,6,6,1,115,13,13,1.0
42,snacks,63.61969913733015,98.48240533125886,76.91397937832552,2023-06-05,0,6,0,125,5,6,1.0
42,snacks,63.61969913733015,98.48240533125886,80.65670721167429,2023-06-06,1,6,0,67,5,4,1.0
42,snacks,63.61969913733015,98.48240533125886,92.34581372108825,2023-06-07,2,6,0,84,7,13,1.0
42,snacks,63.61969913733015,98.48240533125886,95.4655052367278,2023-06-08,3,6,0,68,6,6,1.0
42,snacks,63.61969913733015,98.48240533125886,84.67583976513063,2023-06-09,4,6,0,136,14,10,1.0
42,snacks,63.61969913733015,98.48240533125886,67.6491071111758,2023-06-10,5,6,1,26,10,14,1.0
42,snacks,63.61969913733015,98.48240533125886,77.01762326933788,2023-06-11,6,6,1,100,10,10,1.0
42,snacks,63.61969913733015,98.48240533125886,98.42385396380253,2023-06-12,0,6,0,121,8,13,1.0
42,snacks,63.61969913733015,98.48240533125886,81.60815034789844,2023-06-13,1,6,0,179,16,12,1.0
42,snacks,63.61969913733015,98.48240533125886,93.21429268992009,2023-06-14,2,6,0,100,13,7,1.0
42,snacks,63.61969913733015,98.48240533125886,95.71951988491058,2023-06-15,3,6,0,137,10,13,1.0
42,snacks,63.61969913733015,98.48240533125886,97.03927399262693,2023-06-16,4,6,0,75,6,5,1.0
42,snacks,63.61969913733015,98.48240533125886,79.28226990328136,2023-06-17,5,6,1,131,26,1,1.0
42,snacks,63.61969913733015,98.48240533125886,67.61591704266365,2023-06-18,6,6,1,27,10,4,1.0
42,snacks,63.61969913733015,98.48240533125886,79.26857806572083,2023-06-19,0,6,0,36,17,7,1.0
42,snacks,63.61969913733015,98.48240533125886,82.77222913692475,2023-06-20,1,6,0,88,6,9,1.0
42,snacks,63.61969913733015,98.48240533125886,85.4429803103393,2023-06-21,2,6,0,187,10,4,1.0
42,snacks,63.61969913733015,98.48240533125886,75.23131947355962,2023-06-22,3,6,0,69,23,2,1.0
42,snacks,63.61969913733015,98.48240533125886,98.03613298871558,2023-06-23,4,6,0,168,0,6,1.0
42,snacks,63.61969913733015,98.48240533125886,94.85874226246017,2023-06-24,5,6,1,175,9,7,1.0
42,snacks,63.61969913733015,98.48240533125886,70.27765202112894,2023-06-25,6,6,1,35,13,7,1.0
42,snacks,63.61969913733015,98.48240533125886,67.5642372447869,2023-06-26,0,6,0,97,6,7,1.0
42,snacks,63.61969913733015,98.48240533125886,92.48134646846331,2023-06-27,1,6,0,157,13,11,1.0
42,snacks,63.61969913733015,98.48240533125886,96.55687005888886,2023-06-28,2,6,0,158,12,3,1.0
42,snacks,63.61969913733015,98.48240533125886,84.09802286484502,2023-06-29,3,6,0,185,9,8,1.0
43,grocery,19.190216889122166,24.203345079493168,21.34095883897299,2023-01-01,6,1,1,111,19,10,1.1
43,grocery,19.190216889122166,24.203345079493168,23.057802887884783,2023-01-02,0,1,0,103,12,6,1.1
43,grocery,19.190216889122166,24.203345079493168,23.5442982785506,2023-01-03,1,1,0,70,6,12,1.1
43,grocery,19.190216889122166,24.203345079493168,22.785381810893828,2023-01-04,2,1,0,130,19,2,1.1
43,grocery,19.190216889122166,24.203345079493168,21.716610113067944,2023-01-05,3,1,0,50,15,9,1.1
43,grocery,19.190216889122166,24.203345079493168,24.187552545437818,2023-01-06,4,1,0,115,12,6,1.1
43,grocery,19.190216889122166,24.203345079493168,22.29823980263494,2023-01-07,5,1,1,168,6,6,1.1
43,grocery,19.190216889122166,24.203345079493168,22.48313920351911,2023-01-08,6,1,1,21,17,8,1.1
43,grocery,19.190216889122166,24.203345079493168,21.365719539574684,2023-01-09,0,1,0,172,13,13,1.1
43,grocery,19.190216889122166,24.203345079493168,20.5222280773351,2023-01-10,1,1,0,139,20,2,1.1
43,grocery,19.190216889122166,24.203345079493168,23.865273700036457,2023-01-11,2,1,0,188,19,3,1.1
43,grocery,19.190216889122166,24.203345079493168,22.084728927730616,2023-01-12,3,1,0,128,11,6,1.1
43,grocery,19.190216889122166,24.203345079493168,20.33923509572098,2023-01-13,4,1,0,157,20,9,1.1
43,grocery,19.190216889122166,24.203345079493168,22.38514281320585,2023-01-14,5,1,1,140,8,12,1.1
43,grocery,19.190216889122166,24.203345079493168,22.421591209846234,2023-01-15,6,1,1,55,11,9,1.1
43,grocery,19.190216889122166,24.203345079493168,22.767238503517877,2023-01-16,0,1,0,87,37,1,1.1
43,grocery,19.190216889122166,24.203345079493168,22.96264461470528,2023-01-17,1,1,0,183,10,4,1.1
43,grocery,19.190216889122166,24.203345079493168,21.98602320549202,2023-01-18,2,1,0,63,8,7,1.1
43,grocery,19.190216889122166,24.203345079493168,21.873977939919016,2023-01-19,3,1,0,137,17,4,1.1
43,grocery,19.190216889122166,24.203345079493168,22.79342786909885,2023-01-20,4,1,0,22,16,12,1.1
43,grocery,19.190216889122166,24.203345079493168,24.11572396968181,2023-01-21,5,1,1,58,14,7,1.1
43,grocery,19.190216889122166,24.203345079493168,20.994016408673595,2023-01-22,6,1,1,48,19,14,1.1
43,grocery,19.190216889122166,24.203345079493168,22.63195994707023,2023-01-23,0,1,0,175,9,13,1.1
43,grocery,19.190216889122166,24.203345079493168,21.519899800825595,2023-01-24,1,1,0,109,16,14,1.1
43,grocery,19.190216889122166,24.203345079493168,24.10127392096504,2023-01-25,2,1,0,168,26,4,1.1
43,grocery,19.190216889122166,24.203345079493168,20.977981725377596,2023-01-26,3,1,0,81,14,6,1.1
43,grocery,19.190216889122166,24.203345079493168,22.384284170147847,2023-01-27,4,1,0,75,8,5,1.1
43,grocery,19.190216889122166,24.203345079493168,20.861526241149118,2023-01-28,5,1,1,87,21,7,1.1
43,grocery,19.190216889122166,24.203345079493168,20.762925634434964,2023-01-29,6,1,1,100,13,13,1.1
43,grocery,19.190216889122166,24.203345079493168,23.471651686402687,2023-01-30,0,1,0,154,16,11,1.1
43,grocery,19.190216889122166,24.203345079493168,20.44599483196595,2023-01-31,1,1,0,180,13,3,1.1
43,grocery,19.190216889122166,24.203345079493168,22.74068872376207,2023-02-01,2,2,0,36,8,2,1.1732050807568877
43,grocery,19.190216889122166,24.203345079493168,24.190855884737378,2023-02-02,3,2,0,153,9,11,1.1732050807568877
43,grocery,19.190216889122166,24.203345079493168,20.409473371197976,2023-02-03,4,2,0,110,9,8,1.1732050807568877
43,grocery,19.190216889122166,24.203345079493168,20.340082780078486,2023-02-04,5,2,1,80,26,6,1.1732050807568877
43,grocery,19.190216889122166,24.203345079493168,20.788885632406163,2023-02-05,6,2,1,67,12,9,1.1732050807568877
43,grocery,19.190216889122166,24.203345079493168,22.74088157816236,2023-02-06,0,2,0,82,19,11,1.1732050807568877
43,grocery,19.190216889122166,24.203345079493168,23.094017838336914,2023-02-07,1,2,0,192,21,1,1.1732050807568877
43,grocery,19.190216889122166,24.203345079493168,21.20683997154664,2023-02-08,2,2,0,144,21,1,1.1732050807568877
43,grocery,19.190216889122166,24.203345079493168,22.872032005679067,2023-02-09,3,2,0,80,12,1,1.1732050807568877
43,grocery,19.190216889122166,24.203345079493168,21.20028490140272,2023-02-10,4,2,0,153,22,12,1.1732050807568877
43,grocery,19.190216889122166,24.203345079493168,22.79303100607399,2023-02-11,5,2,1,54,25,4,1.1732050807568877
43,grocery,19.190216889122166,24.203345079493168,23.8353615217958,2023-02-12,6,2,1,96,18,11,1.1732050807568877
43,grocery,19.190216889122166,24.203345079493168,21.15553165525965,2023-02-13,0,2,0,141,17,10,1.1732050807568877
43,grocery,19.190216889122166,24.203345079493168,20.178279604298993,2023-02-14,1,2,0,154,22,9,1.1732050807568877
43,grocery,19.190216889122166,24.203345079493168,22.779874072066285,2023-02-15,2,2,0,45,17,13,1.1732050807568877
43,grocery,19.190216889122166,24.203345079493168,20.26321986952243,2023-02-16,3,2,0,90,14,11,1.1732050807568877
43,grocery,19.190216889122166,24.203345079493168,22.131592790940086,2023-02-17,4,2,0,73,8,11,1.1732050807568877
43,grocery,19.190216889122166,24.203345079493168,20.864663396519735,2023-02-18,5,2,1,198,26,9,1.1732050807568877
43,grocery,19.190216889122166,24.203345079493168,22.012111526437792,2023-02-19,6,2,1,78,28,7,1.1732050807568877
43,grocery,19.190216889122166,24.203345079493168,20.315382217370058,2023-02-20,0,2,0,24,16,7,1.1732050807568877
43,grocery,19.190216889122166,24.203345079493168,21.936648662760998,2023-02-21,1,2,0,22,21,2,1.1732050807568877
43,grocery,19.190216889122166,24.203345079493168,23.93157503091464,2023-02-22,2,2,0,154,6,5,1.1732050807568877
43,grocery,19.190216889122166,24.203345079493168,21.650445688815207,2023-02-23,3,2,0,189,15,4,1.1732050807568877
43,grocery,19.190216889122166,24.203345079493168,23.374301803878517,2023-02-24,4,2,0,94,17,2,1.1732050807568877
43,grocery,19.190216889122166,24.203345079493168,20.602470760045847,2023-02-25,5,2,1,112,25,1,1.1732050807568877
43,grocery,19.190216889122166,24.203345079493168,20.483553765361957,2023-02-26,6,2,1,126,14,13,1.1732050807568877
43,grocery,19.190216889122166,24.203345079493168,21.34495691684073,2023-02-27,0,2,0,137,20,4,1.1732050807568877
43,grocery,19.190216889122166,24.203345079493168,22.48676238452627,2023-02-28,1,2,0,176,20,13,1.1732050807568877
43,grocery,19.190216889122166,24.203345079493168,23.669865172601625,2023-03-01,2,3,0,61,14,6,1.2
43,grocery,19.190216889122166,24.203345079493168,24.018903624498556,2023-03-02,3,3,0,24,10,1,1.2
43,grocery,19.190216889122166,24.203345079493168,23.885272377908557,2023-03-03,4,3,0,80,15,8,1.2
43,grocery,19.190216889122166,24.203345079493168,23.17618755798061,2023-03-04,5,3,1,118,22,13,1.2
43,grocery,19.190216889122166,24.203345079493168,21.250392335120882,2023-03-05,6,3,1,161,22,10,1.2
43,grocery,19.190216889122166,24.203345079493168,20.415526099772233,2023-03-06,0,3,0,59,11,14,1.2
43,grocery,19.190216889122166,24.203345079493168,23.060759571517742,2023-03-07,1,3,0,157,27,6,1.2
43,grocery,19.190216889122166,24.203345079493168,21.691392762296907,2023-03-08,2,3,0,159,8,5,1.2
43,grocery,19.190216889122166,24.203345079493168,21.501918792901552,2023-03-09,3,3,0,48,8,10,1.2
43,grocery,19.190216889122166,24.203345079493168,23.952472039142332,2023-03-10,4,3,0,183,12,9,1.2
43,grocery,19.190216889122166,24.203345079493168,21.95807113078341,2023-03-11,5,3,1,61,46,1,1.2
43,grocery,19.190216889122166,24.203345079493168,23.634068466183507,2023-03-12,6,3,1,62,11,8,1.2
43,grocery,19.190216889122166,24.203345079493168,23.092259329467197,2023-03-13,0,3,0,195,16,4,1.2
43,grocery,19.190216889122166,24.203345079493168,21.53467863814457,2023-03-14,1,3,0,61,18,10,1.2
43,grocery,19.190216889122166,24.203345079493168,20.410023542509247,2023-03-15,2,3,0,190,14,6,1.2
43,grocery,19.190216889122166,24.203345079493168,20.211546940527683,2023-03-16,3,3,0,62,20,3,1.2
43,grocery,19.190216889122166,24.203345079493168,22.6668725594127,2023-03-17,4,3,0,106,22,3,1.2
43,grocery,19.190216889122166,24.203345079493168,24.128821887488424,2023-03-18,5,3,1,95,24,6,1.2
43,grocery,19.190216889122166,24.203345079493168,22.943932933180193,2023-03-19,6,3,1,75,9,7,1.2
43,grocery,19.190216889122166,24.203345079493168,20.674397849269873,2023-03-20,0,3,0,91,11,5,1.2
43,grocery,19.190216889122166,24.203345079493168,21.505292634782045,2023-03-21,1,3,0,144,24,6,1.2
43,grocery,19.190216889122166,24.203345079493168,21.219984292089883,2023-03-22,2,3,0,54,12,12,1.2
43,grocery,19.190216889122166,24.203345079493168,22.464557329427116,2023-03-23,3,3,0,120,16,8,1.2
43,grocery,19.190216889122166,24.203345079493168,22.115690566338795,2023-03-24,4,3,0,63,26,1,1.2
43,grocery,19.190216889122166,24.203345079493168,21.00462812706383,2023-03-25,5,3,1,133,17,12,1.2
43,grocery,19.190216889122166,24.203345079493168,20.559719783704764,2023-03-26,6,3,1,146,12,8,1.2
43,grocery,19.190216889122166,24.203345079493168,23.86435346166086,2023-03-27,0,3,0,182,6,9,1.2
43,grocery,19.190216889122166,24.203345079493168,20.338465398077965,2023-03-28,1,3,0,139,10,9,1.2
43,grocery,19.190216889122166,24.203345079493168,20.90230312912358,2023-03-29,2,3,0,104,16,10,1.2
43,grocery,19.190216889122166,24.203345079493168,22.888165772957414,2023-03-30,3,3,0,110,13,4,1.2
43,grocery,19.190216889122166,24.203345079493168,21.90549214205286,2023-03-31,4,3,0,178,9,11,1.2
43,grocery,19.190216889122166,24.203345079493168,21.027221721788926,2023-04-01,5,4,1,136,19,1,1.1732050807568877
43,grocery,19.190216889122166,24.203345079493168,23.051679267968204,2023-04-02,6,4,1,30,15,6,1.1732050807568877
43,grocery,19.190216889122166,24.203345079493168,22.252387058757495,2023-04-03,0,4,0,179,22,11,1.1732050807568877
43,grocery,19.190216889122166,24.203345079493168,23.273176904148418,2023-04-04,1,4,0,163,13,14,1.1732050807568877
43,grocery,19.190216889122166,24.203345079493168,21.211618513288304,2023-04-05,2,4,0,24,5,10,1.1732050807568877
43,grocery,19.190216889122166,24.203345079493168,24.042586829589144,2023-04-06,3,4,0,138,18,14,1.1732050807568877
43,grocery,19.190216889122166,24.203345079493168,22.612382230730507,2023-04-07,4,4,0,98,22,2,1.1732050807568877
43,grocery,19.190216889122166,24.203345079493168,23.584286607038813,2023-04-08,5,4,1,27,21,7,1.1732050807568877
43,grocery,19.190216889122166,24.203345079493168,20.56873430879663,2023-04-09,6,4,1,142,22,8,1.1732050807568877
43,grocery,19.190216889122166,24.203345079493168,20.422325902394515,2023-04-10,0,4,0,163,17,10,1.1732050807568877
43,grocery,19.190216889122166,24.203345079493168,21.03427511849064,2023-04-11,1,4,0,190,24,10,1.1732050807568877
43,grocery,19.190216889122166,24.203345079493168,22.196494054332703,2023-04-12,2,4,0,99,26,8,1.1732050807568877
43,grocery,19.190216889122166,24.203345079493168,21.678100271730077,2023-04-13,3,4,0,190,13,5,1.1732050807568877
43,grocery,19.190216889122166,24.203345079493168,22.450836116357642,2023-04-14,4,4,0,89,18,14,1.1732050807568877
43,grocery,19.190216889122166,24.203345079493168,21.250136868524553,2023-04-15,5,4,1,44,14,9,1.1732050807568877
43,grocery,19.190216889122166,24.203345079493168,20.315969716208553,2023-04-16,6,4,1,90,27,1,1.1732050807568877
43,grocery,19.190216889122166,24.203345079493168,23.850963566263886,2023-04-17,0,4,0,37,12,11,1.1732050807568877
43,grocery,19.190216889122166,24.203345079493168,20.470540722529627,2023-04-18,1,4,0,22,8,11,1.1732050807568877
43,grocery,19.190216889122166,24.203345079493168,22.18173354587316,2023-04-19,2,4,0,138,4,8,1.1732050807568877
43,grocery,19.190216889122166,24.203345079493168,21.589060523818013,2023-04-20,3,4,0,181,10,14,1.1732050807568877
43,grocery,19.190216889122166,24.203345079493168,20.522490795220392,2023-04-21,4,4,0,145,37,1,1.1732050807568877
43,grocery,19.190216889122166,24.203345079493168,21.394329405459292,2023-04-22,5,4,1,155,10,9,1.1732050807568877
43,grocery,19.190216889122166,24.203345079493168,22.602346218685483,2023-04-23,6,4,1,82,14,11,1.1732050807568877
43,grocery,19.190216889122166,24.203345079493168,20.650979435085446,2023-04-24,0,4,0,75,31,2,1.1732050807568877
43,grocery,19.190216889122166,24.203345079493168,22.825387309613063,2023-04-25,1,4,0,145,5,9,1.1732050807568877
43,grocery,19.190216889122166,24.203345079493168,22.336626692085748,2023-04-26,2,4,0,97,8,7,1.1732050807568877
43,grocery,19.190216889122166,24.203345079493168,22.966335837085225,2023-04-27,3,4,0,20,13,9,1.1732050807568877
43,grocery,19.190216889122166,24.203345079493168,21.916481306754903,2023-04-28,4,4,0,189,14,5,1.1732050807568877
43,grocery,19.190216889122166,24.203345079493168,23.1952295024697,2023-04-29,5,4,1,29,17,10,1.1732050807568877
43,grocery,19.190216889122166,24.203345079493168,20.315086330876788,2023-04-30,6,4,1,108,9,13,1.1732050807568877
43,grocery,19.190216889122166,24.203345079493168,20.75370010465655,2023-05-01,0,5,0,107,17,1,1.1
43,grocery,19.190216889122166,24.203345079493168,21.034279269988243,2023-05-02,1,5,0,180,10,3,1.1
43,grocery,19.190216889122166,24.203345079493168,23.64694573956507,2023-05-03,2,5,0,43,19,9,1.1
43,grocery,19.190216889122166,24.203345079493168,22.44102460553809,2023-05-04,3,5,0,91,13,3,1.1
43,grocery,19.190216889122166,24.203345079493168,22.441893143129597,2023-05-05,4,5,0,134,15,1,1.1
43,grocery,19.190216889122166,24.203345079493168,24.108800644744814,2023-05-06,5,5,1,187,12,3,1.1
43,grocery,19.190216889122166,24.203345079493168,21.531924287900942,2023-05-07,6,5,1,63,4,8,1.1
43,grocery,19.190216889122166,24.203345079493168,23.493629010005144,2023-05-08,0,5,0,140,21,2,1.1
43,grocery,19.190216889122166,24.203345079493168,21.70534512025483,2023-05-09,1,5,0,124,15,11,1.1
43,grocery,19.190216889122166,24.203345079493168,22.27394323412681,2023-05-10,2,5,0,35,6,14,1.1
43,grocery,19.190216889122166,24.203345079493168,22.470299437937186,2023-05-11,3,5,0,149,31,1,1.1
43,grocery,19.190216889122166,24.203345079493168,20.17408048973388,2023-05-12,4,5,0,43,25,3,1.1
43,grocery,19.190216889122166,24.203345079493168,24.19915731747929,2023-05-13,5,5,1,28,26,6,1.1
43,grocery,19.190216889122166,24.203345079493168,22.742758104451344,2023-05-14,6,5,1,30,25,7,1.1
43,grocery,19.190216889122166,24.203345079493168,23.966416965361542,2023-05-15,0,5,0,194,19,14,1.1
43,grocery,19.190216889122166,24.203345079493168,20.906979412217,2023-05-16,1,5,0,76,19,12,1.1
43,grocery,19.190216889122166,24.203345079493168,21.137105634626675,2023-05-17,2,5,0,161,18,6,1.1
43,grocery,19.190216889122166,24.203345079493168,21.53472223311002,2023-05-18,3,5,0,119,14,8,1.1
43,grocery,19.190216889122166,24.203345079493168,22.735600783281168,2023-05-19,4,5,0,43,16,1,1.1
43,grocery,19.190216889122166,24.203345079493168,21.628435630385564,2023-05-20,5,5,1,52,11,14,1.1
43,grocery,19.190216889122166,24.203345079493168,23.694086788938712,2023-05-21,6,5,1,48,16,11,1.1
43,grocery,19.190216889122166,24.203345079493168,21.474841038038353,2023-05-22,0,5,0,155,16,12,1.1
43,grocery,19.190216889122166,24.203345079493168,20.810519448594377,2023-05-23,1,5,0,177,16,13,1.1
43,grocery,19.190216889122166,24.203345079493168,21.252349900034282,2023-05-24,2,5,0,85,15,9,1.1
43,grocery,19.190216889122166,24.203345079493168,21.0614717042668,2023-05-25,3,5,0,163,13,5,1.1
43,grocery,19.190216889122166,24.203345079493168,20.728150453958232,2023-05-26,4,5,0,121,18,8,1.1
43,grocery,19.190216889122166,24.203345079493168,21.259062693491714,2023-05-27,5,5,1,104,19,11,1.1
43,grocery,19.190216889122166,24.203345079493168,24.08217094283174,2023-05-28,6,5,1,94,16,4,1.1
43,grocery,19.190216889122166,24.203345079493168,23.739001531059596,2023-05-29,0,5,0,76,13,5,1.1
43,grocery,19.190216889122166,24.203345079493168,23.28070764034466,2023-05-30,1,5,0,189,17,11,1.1
43,grocery,19.190216889122166,24.203345079493168,22.218835350752187,2023-05-31,2,5,0,39,11,10,1.1
43,grocery,19.190216889122166,24.203345079493168,23.846326363467906,2023-06-01,3,6,0,44,7,7,1.0
43,grocery,19.190216889122166,24.203345079493168,20.564583170406863,2023-06-02,4,6,0,29,6,14,1.0
43,grocery,19.190216889122166,24.203345079493168,21.431304983226187,2023-06-03,5,6,1,165,18,11,1.0
43,grocery,19.190216889122166,24.203345079493168,23.081677232949637,2023-06-04,6,6,1,113,22,4,1.0
43,grocery,19.190216889122166,24.203345079493168,22.88672882718933,2023-06-05,0,6,0,159,12,12,1.0
43,grocery,19.190216889122166,24.203345079493168,24.14926464771332,2023-06-06,1,6,0,134,13,5,1.0
43,grocery,19.190216889122166,24.203345079493168,21.36811697855738,2023-06-07,2,6,0,96,13,13,1.0
43,grocery,19.190216889122166,24.203345079493168,20.78068142471734,2023-06-08,3,6,0,71,15,2,1.0
43,grocery,19.190216889122166,24.203345079493168,21.14472166860074,2023-06-09,4,6,0,38,10,7,1.0
43,grocery,19.190216889122166,24.203345079493168,21.15364215066006,2023-06-10,5,6,1,106,9,2,1.0
43,grocery,19.190216889122166,24.203345079493168,21.865943863695755,2023-06-11,6,6,1,53,9,2,1.0
43,grocery,19.190216889122166,24.203345079493168,21.60532201511264,2023-06-12,0,6,0,168,9,2,1.0
43,grocery,19.190216889122166,24.203345079493168,22.59135711052105,2023-06-13,1,6,0,21,8,9,1.0
43,grocery,19.190216889122166,24.203345079493168,20.468092983868907,2023-06-14,2,6,0,41,19,4,1.0
43,grocery,19.190216889122166,24.203345079493168,24.185437272086993,2023-06-15,3,6,0,25,9,4,1.0
43,grocery,19.190216889122166,24.203345079493168,22.186784203770486,2023-06-16,4,6,0,178,6,11,1.0
43,grocery,19.190216889122166,24.203345079493168,23.853623332979762,2023-06-17,5,6,1,121,18,5,1.0
43,grocery,19.190216889122166,24.203345079493168,20.435333673162525,2023-06-18,6,6,1,99,23,2,1.0
43,grocery,19.190216889122166,24.203345079493168,23.9874466699775,2023-06-19,0,6,0,154,7,14,1.0
43,grocery,19.190216889122166,24.203345079493168,24.151463459130063,2023-06-20,1,6,0,32,12,3,1.0
43,grocery,19.190216889122166,24.203345079493168,20.87115831597476,2023-06-21,2,6,0,199,31,1,1.0
43,grocery,19.190216889122166,24.203345079493168,21.391623227414637,2023-06-22,3,6,0,199,19,8,1.0
43,grocery,19.190216889122166,24.203345079493168,21.50997516647081,2023-06-23,4,6,0,121,7,2,1.0
43,grocery,19.190216889122166,24.203345079493168,21.826107507522966,2023-06-24,5,6,1,37,15,11,1.0
43,grocery,19.190216889122166,24.203345079493168,20.935295127786897,2023-06-25,6,6,1,111,14,8,1.0
43,grocery,19.190216889122166,24.203345079493168,22.179111653211315,2023-06-26,0,6,0,199,3,8,1.0
43,grocery,19.190216889122166,24.203345079493168,20.99579670755993,2023-06-27,1,6,0,57,10,5,1.0
43,grocery,19.190216889122166,24.203345079493168,21.206782061628115,2023-06-28,2,6,0,49,9,4,1.0
43,grocery,19.190216889122166,24.203345079493168,24.048231647182558,2023-06-29,3,6,0,174,8,2,1.0
44,beverages,75.09189937255998,103.60596420957143,93.83476449800129,2023-01-01,6,1,1,25,18,6,1.1
44,beverages,75.09189937255998,103.60596420957143,97.00360336668973,2023-01-02,0,1,0,110,16,3,1.1
44,beverages,75.09189937255998,103.60596420957143,96.05618480988365,2023-01-03,1,1,0,55,16,6,1.1
44,beverages,75.09189937255998,103.60596420957143,85.80912802348708,2023-01-04,2,1,0,124,13,12,1.1
44,beverages,75.09189937255998,103.60596420957143,81.80925650507528,2023-01-05,3,1,0,195,27,3,1.1
44,beverages,75.09189937255998,103.60596420957143,83.88479236320865,2023-01-06,4,1,0,51,9,6,1.1
44,beverages,75.09189937255998,103.60596420957143,88.49256090966696,2023-01-07,5,1,1,89,23,5,1.1
44,beverages,75.09189937255998,103.60596420957143,91.18600004167848,2023-01-08,6,1,1,90,11,13,1.1
44,beverages,75.09189937255998,103.60596420957143,87.65284275650929,2023-01-09,0,1,0,119,18,14,1.1
44,beverages,75.09189937255998,103.60596420957143,101.12278619573382,2023-01-10,1,1,0,53,20,1,1.1
44,beverages,75.09189937255998,103.60596420957143,93.74684577174311,2023-01-11,2,1,0,87,23,2,1.1
44,beverages,75.09189937255998,103.60596420957143,90.76264409139466,2023-01-12,3,1,0,43,16,11,1.1
44,beverages,75.09189937255998,103.60596420957143,100.39074752073212,2023-01-13,4,1,0,57,17,13,1.1
44,beverages,75.09189937255998,103.60596420957143,85.24329192797961,2023-01-14,5,1,1,133,22,7,1.1
44,beverages,75.09189937255998,103.60596420957143,88.30890046667649,2023-01-15,6,1,1,50,13,8,1.1
44,beverages,75.09189937255998,103.60596420957143,94.81599430613055,2023-01-16,0,1,0,105,10,11,1.1
44,beverages,75.09189937255998,103.60596420957143,95.87116798949914,2023-01-17,1,1,0,53,10,11,1.1
44,beverages,75.09189937255998,103.60596420957143,86.66315302724564,2023-01-18,2,1,0,196,16,8,1.1
44,beverages,75.09189937255998,103.60596420957143,81.49228474221353,2023-01-19,3,1,0,48,18,6,1.1
44,beverages,75.09189937255998,103.60596420957143,92.75557589709814,2023-01-20,4,1,0,47,10,9,1.1
44,beverages,75.09189937255998,103.60596420957143,96.049598609744,2023-01-21,5,1,1,167,19,9,1.1
44,beverages,75.09189937255998,103.60596420957143,83.39865351743887,2023-01-22,6,1,1,22,21,4,1.1
44,beverages,75.09189937255998,103.60596420957143,92.64261729720533,2023-01-23,0,1,0,22,18,11,1.1
44,beverages,75.09189937255998,103.60596420957143,99.37097349311162,2023-01-24,1,1,0,98,5,7,1.1
44,beverages,75.09189937255998,103.60596420957143,81.42528861529001,2023-01-25,2,1,0,42,16,14,1.1
44,beverages,75.09189937255998,103.60596420957143,79.17045587942008,2023-01-26,3,1,0,114,18,3,1.1
44,beverages,75.09189937255998,103.60596420957143,93.45029987684146,2023-01-27,4,1,0,160,8,13,1.1
44,beverages,75.09189937255998,103.60596420957143,83.17720351939403,2023-01-28,5,1,1,66,18,3,1.1
44,beverages,75.09189937255998,103.60596420957143,98.20749977082625,2023-01-29,6,1,1,116,18,3,1.1
44,beverages,75.09189937255998,103.60596420957143,91.66596249640263,2023-01-30,0,1,0,57,30,1,1.1
44,beverages,75.09189937255998,103.60596420957143,99.57399212391086,2023-01-31,1,1,0,52,11,13,1.1
44,beverages,75.09189937255998,103.60596420957143,98.19502090228877,2023-02-01,2,2,0,140,8,9,1.1732050807568877
44,beverages,75.09189937255998,103.60596420957143,94.92903730919747,2023-02-02,3,2,0,112,13,13,1.1732050807568877
44,beverages,75.09189937255998,103.60596420957143,84.59272419837644,2023-02-03,4,2,0,24,23,1,1.1732050807568877
44,beverages,75.09189937255998,103.60596420957143,99.50677716881337,2023-02-04,5,2,1,55,10,3,1.1732050807568877
44,beverages,75.09189937255998,103.60596420957143,88.47738642122916,2023-02-05,6,2,1,153,37,1,1.1732050807568877
44,beverages,75.09189937255998,103.60596420957143,103.16513905742593,2023-02-06,0,2,0,20,5,9,1.1732050807568877
44,beverages,75.09189937255998,103.60596420957143,85.31818655896748,2023-02-07,1,2,0,144,12,10,1.1732050807568877
44,beverages,75.09189937255998,103.60596420957143,88.80601309000006,2023-02-08,2,2,0,50,18,3,1.1732050807568877
44,beverages,75.09189937255998,103.60596420957143,96.6019514127274,2023-02-09,3,2,0,48,18,7,1.1732050807568877
44,beverages,75.09189937255998,103.60596420957143,81.5963812966133,2023-02-10,4,2,0,68,7,3,1.1732050807568877
44,beverages,75.09189937255998,103.60596420957143,89.74426625782337,2023-02-11,5,2,1,134,11,7,1.1732050807568877
44,beverages,75.09189937255998,103.60596420957143,81.26452388431161,2023-02-12,6,2,1,39,24,14,1.1732050807568877
44,beverages,75.09189937255998,103.60596420957143,85.19977984224643,2023-02-13,0,2,0,164,12,8,1.1732050807568877
44,beverages,75.09189937255998,103.60596420957143,93.47818896834649,2023-02-14,1,2,0,63,10,2,1.1732050807568877
44,beverages,75.09189937255998,103.60596420957143,103.33162939472415,2023-02-15,2,2,0,160,13,4,1.1732050807568877
44,beverages,75.09189937255998,103.60596420957143,97.15120441015783,2023-02-16,3,2,0,67,7,8,1.1732050807568877
44,beverages,75.09189937255998,103.60596420957143,96.29364814966677,2023-02-17,4,2,0,197,9,4,1.1732050807568877
44,beverages,75.09189937255998,103.60596420957143,88.27638054590372,2023-02-18,5,2,1,186,12,5,1.1732050807568877
44,beverages,75.09189937255998,103.60596420957143,90.38599805072597,2023-02-19,6,2,1,157,29,2,1.1732050807568877
44,beverages,75.09189937255998,103.60596420957143,90.99248440055717,2023-02-20,0,2,0,118,13,7,1.1732050807568877
44,beverages,75.09189937255998,103.60596420957143,80.87491656839985,2023-02-21,1,2,0,167,18,3,1.1732050807568877
44,beverages,75.09189937255998,103.60596420957143,82.5659591128056,2023-02-22,2,2,0,116,13,5,1.1732050807568877
44,beverages,75.09189937255998,103.60596420957143,99.03590236238286,2023-02-23,3,2,0,187,7,11,1.1732050807568877
44,beverages,75.09189937255998,103.60596420957143,89.21993099636235,2023-02-24,4,2,0,74,11,11,1.1732050807568877
44,beverages,75.09189937255998,103.60596420957143,103.11873479614684,2023-02-25,5,2,1,23,12,4,1.1732050807568877
44,beverages,75.09189937255998,103.60596420957143,82.46379308129984,2023-02-26,6,2,1,72,26,7,1.1732050807568877
44,beverages,75.09189937255998,103.60596420957143,98.35444151170597,2023-02-27,0,2,0,157,27,1,1.1732050807568877
44,beverages,75.09189937255998,103.60596420957143,89.11372525536956,2023-02-28,1,2,0,193,13,10,1.1732050807568877
44,beverages,75.09189937255998,103.60596420957143,89.65079476792329,2023-03-01,2,3,0,47,22,12,1.2
44,beverages,75.09189937255998,103.60596420957143,80.64106202515154,2023-03-02,3,3,0,67,7,10,1.2
44,beverages,75.09189937255998,103.60596420957143,103.25942233300478,2023-03-03,4,3,0,139,22,1,1.2
44,beverages,75.09189937255998,103.60596420957143,94.7229912756782,2023-03-04,5,3,1,169,13,8,1.2
44,beverages,75.09189937255998,103.60596420957143,99.2308106967539,2023-03-05,6,3,1,98,16,11,1.2
44,beverages,75.09189937255998,103.60596420957143,90.62482413876265,2023-03-06,0,3,0,101,18,11,1.2
44,beverages,75.09189937255998,103.60596420957143,81.81694779066784,2023-03-07,1,3,0,37,13,11,1.2
44,beverages,75.09189937255998,103.60596420957143,86.29980731613242,2023-03-08,2,3,0,162,13,11,1.2
44,beverages,75.09189937255998,103.60596420957143,94.29451938464636,2023-03-09,3,3,0,62,29,1,1.2
44,beverages,75.09189937255998,103.60596420957143,87.37842964301765,2023-03-10,4,3,0,52,28,3,1.2
44,beverages,75.09189937255998,103.60596420957143,86.78567813089437,2023-03-11,5,3,1,192,18,4,1.2
44,beverages,75.09189937255998,103.60596420957143,98.23710992717903,2023-03-12,6,3,1,117,17,13,1.2
44,beverages,75.09189937255998,103.60596420957143,81.45348346012432,2023-03-13,0,3,0,159,22,9,1.2
44,beverages,75.09189937255998,103.60596420957143,101.01704930650709,2023-03-14,1,3,0,195,17,2,1.2
44,beverages,75.09189937255998,103.60596420957143,87.18523143866011,2023-03-15,2,3,0,47,9,1,1.2
44,beverages,75.09189937255998,103.60596420957143,91.22810853143031,2023-03-16,3,3,0,166,16,2,1.2
44,beverages,75.09189937255998,103.60596420957143,96.24020044854333,2023-03-17,4,3,0,169,11,7,1.2
44,beverages,75.09189937255998,103.60596420957143,101.6029899794329,2023-03-18,5,3,1,168,12,8,1.2
44,beverages,75.09189937255998,103.60596420957143,83.89969611135517,2023-03-19,6,3,1,114,27,8,1.2
44,beverages,75.09189937255998,103.60596420957143,79.64121490362447,2023-03-20,0,3,0,106,15,14,1.2
44,beverages,75.09189937255998,103.60596420957143,82.13734955767274,2023-03-21,1,3,0,130,18,8,1.2
44,beverages,75.09189937255998,103.60596420957143,91.67713439898347,2023-03-22,2,3,0,41,16,4,1.2
44,beverages,75.09189937255998,103.60596420957143,102.12834638034947,2023-03-23,3,3,0,90,15,8,1.2
44,beverages,75.09189937255998,103.60596420957143,82.34668623732873,2023-03-24,4,3,0,136,21,5,1.2
44,beverages,75.09189937255998,103.60596420957143,83.86768959106588,2023-03-25,5,3,1,24,17,3,1.2
44,beverages,75.09189937255998,103.60596420957143,90.76785542515417,2023-03-26,6,3,1,46,25,13,1.2
44,beverages,75.09189937255998,103.60596420957143,87.18843657938557,2023-03-27,0,3,0,34,19,5,1.2
44,beverages,75.09189937255998,103.60596420957143,85.17751876790925,2023-03-28,1,3,0,67,27,6,1.2
44,beverages,75.09189937255998,103.60596420957143,93.81573494464716,2023-03-29,2,3,0,177,22,12,1.2
44,beverages,75.09189937255998,103.60596420957143,93.9470829491868,2023-03-30,3,3,0,71,10,6,1.2
44,beverages,75.09189937255998,103.60596420957143,82.77170483071933,2023-03-31,4,3,0,64,13,4,1.2
44,beverages,75.09189937255998,103.60596420957143,87.67923191786339,2023-04-01,5,4,1,38,38,1,1.1732050807568877
44,beverages,75.09189937255998,103.60596420957143,97.02449278472822,2023-04-02,6,4,1,94,16,8,1.1732050807568877
44,beverages,75.09189937255998,103.60596420957143,90.80706420031507,2023-04-03,0,4,0,95,29,2,1.1732050807568877
44,beverages,75.09189937255998,103.60596420957143,97.54302754289083,2023-04-04,1,4,0,71,22,2,1.1732050807568877
44,beverages,75.09189937255998,103.60596420957143,84.00106502244485,2023-04-05,2,4,0,119,20,4,1.1732050807568877
44,beverages,75.09189937255998,103.60596420957143,102.36309060037233,2023-04-06,3,4,0,120,17,7,1.1732050807568877
44,beverages,75.09189937255998,103.60596420957143,94.81984271931239,2023-04-07,4,4,0,92,34,1,1.1732050807568877
44,beverages,75.09189937255998,103.60596420957143,95.15256645606262,2023-04-08,5,4,1,138,18,13,1.1732050807568877
44,beverages,75.09189937255998,103.60596420957143,87.45050626712403,2023-04-09,6,4,1,89,22,3,1.1732050807568877
44,beverages,75.09189937255998,103.60596420957143,100.79237117845067,2023-04-10,0,4,0,80,6,8,1.1732050807568877
44,beverages,75.09189937255998,103.60596420957143,92.74372456791805,2023-04-11,1,4,0,26,11,11,1.1732050807568877
44,beverages,75.09189937255998,103.60596420957143,89.59688688181362,2023-04-12,2,4,0,88,14,9,1.1732050807568877
44,beverages,75.09189937255998,103.60596420957143,96.53720356898933,2023-04-13,3,4,0,104,8,14,1.1732050807568877
44,beverages,75.09189937255998,103.60596420957143,99.17702090227827,2023-04-14,4,4,0,43,8,3,1.1732050807568877
44,beverages,75.09189937255998,103.60596420957143,83.5486536537564,2023-04-15,5,4,1,126,15,1,1.1732050807568877
44,beverages,75.09189937255998,103.60596420957143,97.3808395687286,2023-04-16,6,4,1,116,10,10,1.1732050807568877
44,beverages,75.09189937255998,103.60596420957143,91.99589761000067,2023-04-17,0,4,0,114,12,8,1.1732050807568877
44,beverages,75.09189937255998,103.60596420957143,84.62179259265892,2023-04-18,1,4,0,55,20,6,1.1732050807568877
44,beverages,75.09189937255998,103.60596420957143,92.94580831600456,2023-04-19,2,4,0,41,12,8,1.1732050807568877
44,beverages,75.09189937255998,103.60596420957143,84.60133975809643,2023-04-20,3,4,0,108,16,10,1.1732050807568877
44,beverages,75.09189937255998,103.60596420957143,85.61304732039486,2023-04-21,4,4,0,129,17,3,1.1732050807568877
44,beverages,75.09189937255998,103.60596420957143,92.25489261593745,2023-04-22,5,4,1,46,27,5,1.1732050807568877
44,beverages,75.09189937255998,103.60596420957143,89.02166546295642,2023-04-23,6,4,1,162,14,9,1.1732050807568877
44,beverages,75.09189937255998,103.60596420957143,82.85095307383327,2023-04-24,0,4,0,68,15,14,1.1732050807568877
44,beverages,75.09189937255998,103.60596420957143,89.16886236878305,2023-04-25,1,4,0,149,21,11,1.1732050807568877
44,beverages,75.09189937255998,103.60596420957143,82.35006711070496,2023-04-26,2,4,0,38,11,3,1.1732050807568877
44,beverages,75.09189937255998,103.60596420957143,93.28588760750175,2023-04-27,3,4,0,132,13,5,1.1732050807568877
44,beverages,75.09189937255998,103.60596420957143,89.12100524866965,2023-04-28,4,4,0,169,12,8,1.1732050807568877
44,beverages,75.09189937255998,103.60596420957143,91.35883546299945,2023-04-29,5,4,1,63,23,8,1.1732050807568877
44,beverages,75.09189937255998,103.60596420957143,96.01603423306038,2023-04-30,6,4,1,163,19,13,1.1732050807568877
44,beverages,75.09189937255998,103.60596420957143,84.88202542800622,2023-05-01,0,5,0,33,10,13,1.1
44,beverages,75.09189937255998,103.60596420957143,98.37663898480027,2023-05-02,1,5,0,149,31,1,1.1
44,beverages,75.09189937255998,103.60596420957143,81.01927959082636,2023-05-03,2,5,0,31,13,13,1.1
44,beverages,75.09189937255998,103.60596420957143,80.56411620642906,2023-05-04,3,5,0,113,20,7,1.1
44,beverages,75.09189937255998,103.60596420957143,79.87684780795053,2023-05-05,4,5,0,195,16,5,1.1
44,beverages,75.09189937255998,103.60596420957143,101.63435764437978,2023-05-06,5,5,1,141,15,13,1.1
44,beverages,75.09189937255998,103.60596420957143,84.00441180356322,2023-05-07,6,5,1,66,14,12,1.1
44,beverages,75.09189937255998,103.60596420957143,85.16750083669605,2023-05-08,0,5,0,156,7,8,1.1
44,beverages,75.09189937255998,103.60596420957143,98.04501160700545,2023-05-09,1,5,0,115,1,10,1.1
44,beverages,75.09189937255998,103.60596420957143,83.24400408353448,2023-05-10,2,5,0,35,17,13,1.1
44,beverages,75.09189937255998,103.60596420957143,80.52628786168911,2023-05-11,3,5,0,114,8,4,1.1
44,beverages,75.09189937255998,103.60596420957143,95.6180077934913,2023-05-12,4,5,0,123,14,10,1.1
44,beverages,75.09189937255998,103.60596420957143,99.41088753718174,2023-05-13,5,5,1,162,10,13,1.1
44,beverages,75.09189937255998,103.60596420957143,102.07826857990183,2023-05-14,6,5,1,127,9,3,1.1
44,beverages,75.09189937255998,103.60596420957143,100.32974195795228,2023-05-15,0,5,0,167,11,10,1.1
44,beverages,75.09189937255998,103.60596420957143,95.64650900404025,2023-05-16,1,5,0,33,32,1,1.1
44,beverages,75.09189937255998,103.60596420957143,80.40805213505709,2023-05-17,2,5,0,70,6,14,1.1
44,beverages,75.09189937255998,103.60596420957143,85.65591384207748,2023-05-18,3,5,0,171,15,10,1.1
44,beverages,75.09189937255998,103.60596420957143,87.1725039397479,2023-05-19,4,5,0,78,13,12,1.1
44,beverages,75.09189937255998,103.60596420957143,89.60576634590122,2023-05-20,5,5,1,128,5,10,1.1
44,beverages,75.09189937255998,103.60596420957143,83.89327768420576,2023-05-21,6,5,1,126,17,11,1.1
44,beverages,75.09189937255998,103.60596420957143,79.30090668175507,2023-05-22,0,5,0,103,23,5,1.1
44,beverages,75.09189937255998,103.60596420957143,96.25888847408109,2023-05-23,1,5,0,157,12,13,1.1
44,beverages,75.09189937255998,103.60596420957143,84.45477529233271,2023-05-24,2,5,0,49,9,6,1.1
44,beverages,75.09189937255998,103.60596420957143,79.79464825501064,2023-05-25,3,5,0,120,23,9,1.1
44,beverages,75.09189937255998,103.60596420957143,82.84735152469423,2023-05-26,4,5,0,132,14,4,1.1
44,beverages,75.09189937255998,103.60596420957143,97.27414512183695,2023-05-27,5,5,1,154,12,8,1.1
44,beverages,75.09189937255998,103.60596420957143,102.90626472571326,2023-05-28,6,5,1,157,10,5,1.1
44,beverages,75.09189937255998,103.60596420957143,83.39937442118351,2023-05-29,0,5,0,121,10,10,1.1
44,beverages,75.09189937255998,103.60596420957143,83.0128338058299,2023-05-30,1,5,0,110,8,4,1.1
44,beverages,75.09189937255998,103.60596420957143,98.88642278360854,2023-05-31,2,5,0,30,13,13,1.1
44,beverages,75.09189937255998,103.60596420957143,97.66043418074979,2023-06-01,3,6,0,94,28,1,1.0
44,beverages,75.09189937255998,103.60596420957143,101.34405964872505,2023-06-02,4,6,0,126,9,14,1.0
44,beverages,75.09189937255998,103.60596420957143,98.61103466139392,2023-06-03,5,6,1,111,11,14,1.0
44,beverages,75.09189937255998,103.60596420957143,89.86814651660653,2023-06-04,6,6,1,171,18,9,1.0
44,beverages,75.09189937255998,103.60596420957143,98.24028526814332,2023-06-05,0,6,0,168,17,12,1.0
44,beverages,75.09189937255998,103.60596420957143,78.9910875588378,2023-06-06,1,6,0,188,17,4,1.0
44,beverages,75.09189937255998,103.60596420957143,86.53591985521625,2023-06-07,2,6,0,114,10,4,1.0
44,beverages,75.09189937255998,103.60596420957143,87.06763046584709,2023-06-08,3,6,0,139,3,10,1.0
44,beverages,75.09189937255998,103.60596420957143,80.7570519446618,2023-06-09,4,6,0,121,30,1,1.0
44,beverages,75.09189937255998,103.60596420957143,99.94980804902961,2023-06-10,5,6,1,118,12,7,1.0
44,beverages,75.09189937255998,103.60596420957143,98.16387236241344,2023-06-11,6,6,1,78,19,5,1.0
44,beverages,75.09189937255998,103.60596420957143,84.48544860986566,2023-06-12,0,6,0,33,5,1,1.0
44,beverages,75.09189937255998,103.60596420957143,80.27020995788303,2023-06-13,1,6,0,172,10,9,1.0
44,beverages,75.09189937255998,103.60596420957143,83.90708644565265,2023-06-14,2,6,0,64,7,5,1.0
44,beverages,75.09189937255998,103.60596420957143,80.93402937832663,2023-06-15,3,6,0,130,18,12,1.0
44,beverages,75.09189937255998,103.60596420957143,99.34746410835261,2023-06-16,4,6,0,58,12,10,1.0
44,beverages,75.09189937255998,103.60596420957143,101.11976063334487,2023-06-17,5,6,1,23,8,14,1.0
44,beverages,75.09189937255998,103.60596420957143,92.57338198285828,2023-06-18,6,6,1,81,4,5,1.0
44,beverages,75.09189937255998,103.60596420957143,81.18665158261877,2023-06-19,0,6,0,98,12,4,1.0
44,beverages,75.09189937255998,103.60596420957143,97.44151713205882,2023-06-20,1,6,0,123,6,7,1.0
44,beverages,75.09189937255998,103.60596420957143,94.94842260105466,2023-06-21,2,6,0,158,29,1,1.0
44,beverages,75.09189937255998,103.60596420957143,84.69571826728863,2023-06-22,3,6,0,123,10,11,1.0
44,beverages,75.09189937255998,103.60596420957143,100.76487014347948,2023-06-23,4,6,0,199,12,10,1.0
44,beverages,75.09189937255998,103.60596420957143,95.51603787257326,2023-06-24,5,6,1,30,20,8,1.0
44,beverages,75.09189937255998,103.60596420957143,89.51730494530378,2023-06-25,6,6,1,35,16,2,1.0
44,beverages,75.09189937255998,103.60596420957143,86.47572064538356,2023-06-26,0,6,0,77,13,9,1.0
44,beverages,75.09189937255998,103.60596420957143,100.76519779591497,2023-06-27,1,6,0,88,12,2,1.0
44,beverages,75.09189937255998,103.60596420957143,102.333504009329,2023-06-28,2,6,0,53,10,6,1.0
44,beverages,75.09189937255998,103.60596420957143,86.21730712910916,2023-06-29,3,6,0,69,5,11,1.0
45,grocery,28.548624091154895,45.84363832860231,30.673883179464934,2023-01-01,6,1,1,35,13,11,1.1
45,grocery,28.548624091154895,45.84363832860231,44.99376635650843,2023-01-02,0,1,0,63,17,14,1.1
45,grocery,28.548624091154895,45.84363832860231,39.11295609887255,2023-01-03,1,1,0,141,4,8,1.1
45,grocery,28.548624091154895,45.84363832860231,31.021686452063598,2023-01-04,2,1,0,125,28,2,1.1
45,grocery,28.548624091154895,45.84363832860231,38.80166254129563,2023-01-05,3,1,0,47,14,10,1.1
45,grocery,28.548624091154895,45.84363832860231,42.62043661010265,2023-01-06,4,1,0,179,18,3,1.1
45,grocery,28.548624091154895,45.84363832860231,41.55689748277006,2023-01-07,5,1,1,30,20,7,1.1
45,grocery,28.548624091154895,45.84363832860231,38.80031947868883,2023-01-08,6,1,1,80,9,12,1.1
45,grocery,28.548624091154895,45.84363832860231,36.18962318889512,2023-01-09,0,1,0,72,9,5,1.1
45,grocery,28.548624091154895,45.84363832860231,38.684735791038776,2023-01-10,1,1,0,60,9,3,1.1
45,grocery,28.548624091154895,45.84363832860231,31.708267700363074,2023-01-11,2,1,0,119,7,5,1.1
45,grocery,28.548624091154895,45.84363832860231,42.10084596691904,2023-01-12,3,1,0,111,12,7,1.1
45,grocery,28.548624091154895,45.84363832860231,44.062444024718715,2023-01-13,4,1,0,171,21,3,1.1
45,grocery,28.548624091154895,45.84363832860231,41.49291416029722,2023-01-14,5,1,1,154,22,8,1.1
45,grocery,28.548624091154895,45.84363832860231,32.75892728761447,2023-01-15,6,1,1,98,11,7,1.1
45,grocery,28.548624091154895,45.84363832860231,44.40460937832338,2023-01-16,0,1,0,87,8,5,1.1
45,grocery,28.548624091154895,45.84363832860231,38.79204401262357,2023-01-17,1,1,0,40,13,12,1.1
45,grocery,28.548624091154895,45.84363832860231,35.1897952279978,2023-01-18,2,1,0,78,20,8,1.1
45,grocery,28.548624091154895,45.84363832860231,41.82924775197456,2023-01-19,3,1,0,65,8,5,1.1
45,grocery,28.548624091154895,45.84363832860231,35.65808013174958,2023-01-20,4,1,0,125,17,2,1.1
45,grocery,28.548624091154895,45.84363832860231,40.43440696723202,2023-01-21,5,1,1,97,9,4,1.1
45,grocery,28.548624091154895,45.84363832860231,44.48826377568193,2023-01-22,6,1,1,182,19,6,1.1
45,grocery,28.548624091154895,45.84363832860231,31.065273945306735,2023-01-23,0,1,0,182,29,2,1.1
45,grocery,28.548624091154895,45.84363832860231,43.57544115755229,2023-01-24,1,1,0,88,6,2,1.1
45,grocery,28.548624091154895,45.84363832860231,35.10803046738858,2023-01-25,2,1,0,177,19,3,1.1
45,grocery,28.548624091154895,45.84363832860231,36.2186446937581,2023-01-26,3,1,0,171,23,3,1.1
45,grocery,28.548624091154895,45.84363832860231,41.46125481940557,2023-01-27,4,1,0,81,17,11,1.1
45,grocery,28.548624091154895,45.84363832860231,40.001524418481516,2023-01-28,5,1,1,74,3,4,1.1
45,grocery,28.548624091154895,45.84363832860231,43.745371255882716,2023-01-29,6,1,1,170,16,13,1.1
45,grocery,28.548624091154895,45.84363832860231,32.28481948440188,2023-01-30,0,1,0,88,15,5,1.1
45,grocery,28.548624091154895,45.84363832860231,44.20861336872935,2023-01-31,1,1,0,147,16,12,1.1
45,grocery,28.548624091154895,45.84363832860231,36.86288787463561,2023-02-01,2,2,0,43,18,7,1.1732050807568877
45,grocery,28.548624091154895,45.84363832860231,35.55654907762488,2023-02-02,3,2,0,87,11,12,1.1732050807568877
45,grocery,28.548624091154895,45.84363832860231,42.12479687217525,2023-02-03,4,2,0,186,13,4,1.1732050807568877
45,grocery,28.548624091154895,45.84363832860231,42.728036802110665,2023-02-04,5,2,1,97,6,8,1.1732050807568877
45,grocery,28.548624091154895,45.84363832860231,35.51417492448889,2023-02-05,6,2,1,183,9,6,1.1732050807568877
45,grocery,28.548624091154895,45.84363832860231,32.722728490489864,2023-02-06,0,2,0,124,16,6,1.1732050807568877
45,grocery,28.548624091154895,45.84363832860231,33.96016541491392,2023-02-07,1,2,0,125,16,13,1.1732050807568877
45,grocery,28.548624091154895,45.84363832860231,43.64653390716181,2023-02-08,2,2,0,46,6,8,1.1732050807568877
45,grocery,28.548624091154895,45.84363832860231,30.20821675138089,2023-02-09,3,2,0,83,13,4,1.1732050807568877
45,grocery,28.548624091154895,45.84363832860231,42.128067439138576,2023-02-10,4,2,0,117,30,1,1.1732050807568877
45,grocery,28.548624091154895,45.84363832860231,45.01213256793761,2023-02-11,5,2,1,168,3,5,1.1732050807568877
45,grocery,28.548624091154895,45.84363832860231,37.751961583001396,2023-02-12,6,2,1,25,16,13,1.1732050807568877
45,grocery,28.548624091154895,45.84363832860231,40.21111198430054,2023-02-13,0,2,0,173,20,10,1.1732050807568877
45,grocery,28.548624091154895,45.84363832860231,35.23413747988286,2023-02-14,1,2,0,122,9,3,1.1732050807568877
45,grocery,28.548624091154895,45.84363832860231,32.087517334574095,2023-02-15,2,2,0,197,17,13,1.1732050807568877
45,grocery,28.548624091154895,45.84363832860231,40.45697646534508,2023-02-16,3,2,0,173,18,12,1.1732050807568877
45,grocery,28.548624091154895,45.84363832860231,30.843980382004055,2023-02-17,4,2,0,40,12,8,1.1732050807568877
45,grocery,28.548624091154895,45.84363832860231,37.70986679945336,2023-02-18,5,2,1,111,18,4,1.1732050807568877
45,grocery,28.548624091154895,45.84363832860231,44.87991742834477,2023-02-19,6,2,1,147,6,10,1.1732050807568877
45,grocery,28.548624091154895,45.84363832860231,38.927700649058025,2023-02-20,0,2,0,155,8,5,1.1732050807568877
45,grocery,28.548624091154895,45.84363832860231,42.345398277320136,2023-02-21,1,2,0,54,7,12,1.1732050807568877
45,grocery,28.548624091154895,45.84363832860231,44.50858864274562,2023-02-22,2,2,0,119,16,5,1.1732050807568877
45,grocery,28.548624091154895,45.84363832860231,34.80982603045862,2023-02-23,3,2,0,138,23,12,1.1732050807568877
45,grocery,28.548624091154895,45.84363832860231,42.13448185115897,2023-02-24,4,2,0,62,25,2,1.1732050807568877
45,grocery,28.548624091154895,45.84363832860231,43.31978265377383,2023-02-25,5,2,1,197,7,5,1.1732050807568877
45,grocery,28.548624091154895,45.84363832860231,39.239862353092214,2023-02-26,6,2,1,45,13,9,1.1732050807568877
45,grocery,28.548624091154895,45.84363832860231,37.31879650703266,2023-02-27,0,2,0,100,11,5,1.1732050807568877
45,grocery,28.548624091154895,45.84363832860231,40.4553258047595,2023-02-28,1,2,0,135,15,7,1.1732050807568877
45,grocery,28.548624091154895,45.84363832860231,37.65695364946373,2023-03-01,2,3,0,138,14,10,1.2
45,grocery,28.548624091154895,45.84363832860231,40.640583177832,2023-03-02,3,3,0,148,16,14,1.2
45,grocery,28.548624091154895,45.84363832860231,43.567235571215164,2023-03-03,4,3,0,122,5,7,1.2
45,grocery,28.548624091154895,45.84363832860231,43.705806369078154,2023-03-04,5,3,1,160,16,6,1.2
45,grocery,28.548624091154895,45.84363832860231,32.03537547849928,2023-03-05,6,3,1,68,9,9,1.2
45,grocery,28.548624091154895,45.84363832860231,39.53563052896757,2023-03-06,0,3,0,189,12,12,1.2
45,grocery,28.548624091154895,45.84363832860231,40.525784340568485,2023-03-07,1,3,0,47,26,1,1.2
45,grocery,28.548624091154895,45.84363832860231,35.151634194272994,2023-03-08,2,3,0,73,15,8,1.2
45,grocery,28.548624091154895,45.84363832860231,38.51986940026117,2023-03-09,3,3,0,95,5,4,1.2
45,grocery,28.548624091154895,45.84363832860231,41.681695277626154,2023-03-10,4,3,0,121,6,8,1.2
45,grocery,28.548624091154895,45.84363832860231,31.785917809357716,2023-03-11,5,3,1,21,21,1,1.2
45,grocery,28.548624091154895,45.84363832860231,35.616772809258954,2023-03-12,6,3,1,63,32,2,1.2
45,grocery,28.548624091154895,45.84363832860231,41.443051948314434,2023-03-13,0,3,0,106,26,1,1.2
45,grocery,28.548624091154895,45.84363832860231,39.17285023043901,2023-03-14,1,3,0,81,18,6,1.2
45,grocery,28.548624091154895,45.84363832860231,38.710438628116435,2023-03-15,2,3,0,89,15,9,1.2
45,grocery,28.548624091154895,45.84363832860231,44.464098185956296,2023-03-16,3,3,0,137,15,6,1.2
45,grocery,28.548624091154895,45.84363832860231,30.621800155623244,2023-03-17,4,3,0,27,9,8,1.2
45,grocery,28.548624091154895,45.84363832860231,37.70771395590279,2023-03-18,5,3,1,35,21,6,1.2
45,grocery,28.548624091154895,45.84363832860231,33.53547537792652,2023-03-19,6,3,1,87,28,5,1.2
45,grocery,28.548624091154895,45.84363832860231,43.51673042877712,2023-03-20,0,3,0,180,10,4,1.2
45,grocery,28.548624091154895,45.84363832860231,30.02938394437342,2023-03-21,1,3,0,166,11,8,1.2
45,grocery,28.548624091154895,45.84363832860231,35.207246674847795,2023-03-22,2,3,0,107,14,7,1.2
45,grocery,28.548624091154895,45.84363832860231,42.664363809812144,2023-03-23,3,3,0,191,13,10,1.2
45,grocery,28.548624091154895,45.84363832860231,44.191131516391884,2023-03-24,4,3,0,93,32,1,1.2
45,grocery,28.548624091154895,45.84363832860231,34.66075464266929,2023-03-25,5,3,1,20,20,1,1.2
45,grocery,28.548624091154895,45.84363832860231,38.483229420820834,2023-03-26,6,3,1,20,20,1,1.2
45,grocery,28.548624091154895,45.84363832860231,39.23932207020003,2023-03-27,0,3,0,101,21,12,1.2
45,grocery,28.548624091154895,45.84363832860231,36.19566902031166,2023-03-28,1,3,0,155,21,2,1.2
45,grocery,28.548624091154895,45.84363832860231,38.02125459443513,2023-03-29,2,3,0,177,18,10,1.2
45,grocery,28.548624091154895,45.84363832860231,31.396760883667124,2023-03-30,3,3,0,60,12,7,1.2
45,grocery,28.548624091154895,45.84363832860231,39.37361255003371,2023-03-31,4,3,0,77,16,14,1.2
45,grocery,28.548624091154895,45.84363832860231,35.459845647966596,2023-04-01,5,4,1,149,16,8,1.1732050807568877
45,grocery,28.548624091154895,45.84363832860231,45.682868842229986,2023-04-02,6,4,1,136,7,7,1.1732050807568877
45,grocery,28.548624091154895,45.84363832860231,44.425227935213705,2023-04-03,0,4,0,54,9,8,1.1732050807568877
45,grocery,28.548624091154895,45.84363832860231,44.28672973066661,2023-04-04,1,4,0,27,15,2,1.1732050807568877
45,grocery,28.548624091154895,45.84363832860231,30.264696672518337,2023-04-05,2,4,0,67,12,14,1.1732050807568877
45,grocery,28.548624091154895,45.84363832860231,39.992694563066664,2023-04-06,3,4,0,72,12,12,1.1732050807568877
45,grocery,28.548624091154895,45.84363832860231,38.933079587146636,2023-04-07,4,4,0,174,13,7,1.1732050807568877
45,grocery,28.548624091154895,45.84363832860231,32.0795817260817,2023-04-08,5,4,1,116,16,5,1.1732050807568877
45,grocery,28.548624091154895,45.84363832860231,40.97698051292004,2023-04-09,6,4,1,26,3,14,1.1732050807568877
45,grocery,28.548624091154895,45.84363832860231,43.383021817992734,2023-04-10,0,4,0,117,16,8,1.1732050807568877
45,grocery,28.548624091154895,45.84363832860231,38.79216731250626,2023-04-11,1,4,0,48,11,5,1.1732050807568877
45,grocery,28.548624091154895,45.84363832860231,39.42505095424761,2023-04-12,2,4,0,55,11,7,1.1732050807568877
45,grocery,28.548624091154895,45.84363832860231,43.239124287987146,2023-04-13,3,4,0,103,17,2,1.1732050807568877
45,grocery,28.548624091154895,45.84363832860231,42.791727953907554,2023-04-14,4,4,0,22,11,13,1.1732050807568877
45,grocery,28.548624091154895,45.84363832860231,31.874492988100645,2023-04-15,5,4,1,41,21,9,1.1732050807568877
45,grocery,28.548624091154895,45.84363832860231,37.7956836109746,2023-04-16,6,4,1,132,24,2,1.1732050807568877
45,grocery,28.548624091154895,45.84363832860231,40.41152219147688,2023-04-17,0,4,0,116,16,10,1.1732050807568877
45,grocery,28.548624091154895,45.84363832860231,37.59956001037071,2023-04-18,1,4,0,182,19,9,1.1732050807568877
45,grocery,28.548624091154895,45.84363832860231,30.464446036038584,2023-04-19,2,4,0,118,23,6,1.1732050807568877
45,grocery,28.548624091154895,45.84363832860231,39.69447834189635,2023-04-20,3,4,0,181,15,3,1.1732050807568877
45,grocery,28.548624091154895,45.84363832860231,34.374615728688745,2023-04-21,4,4,0,84,13,9,1.1732050807568877
45,grocery,28.548624091154895,45.84363832860231,37.50808422445579,2023-04-22,5,4,1,68,22,10,1.1732050807568877
45,grocery,28.548624091154895,45.84363832860231,32.17033247688373,2023-04-23,6,4,1,41,13,14,1.1732050807568877
45,grocery,28.548624091154895,45.84363832860231,40.108652826531895,2023-04-24,0,4,0,41,16,5,1.1732050807568877
45,grocery,28.548624091154895,45.84363832860231,36.78089381692267,2023-04-25,1,4,0,122,31,1,1.1732050807568877
45,grocery,28.548624091154895,45.84363832860231,44.64035122581403,2023-04-26,2,4,0,72,10,4,1.1732050807568877
45,grocery,28.548624091154895,45.84363832860231,39.63103713579699,2023-04-27,3,4,0,78,15,3,1.1732050807568877
45,grocery,28.548624091154895,45.84363832860231,35.430242107202915,2023-04-28,4,4,0,105,19,14,1.1732050807568877
45,grocery,28.548624091154895,45.84363832860231,33.31183197594083,2023-04-29,5,4,1,125,18,7,1.1732050807568877
45,grocery,28.548624091154895,45.84363832860231,38.31215097249872,2023-04-30,6,4,1,20,9,8,1.1732050807568877
45,grocery,28.548624091154895,45.84363832860231,45.547993121842254,2023-05-01,0,5,0,68,10,9,1.1
45,grocery,28.548624091154895,45.84363832860231,41.240874040006226,2023-05-02,1,5,0,82,11,13,1.1
45,grocery,28.548624091154895,45.84363832860231,34.65906011945115,2023-05-03,2,5,0,42,20,6,1.1
45,grocery,28.548624091154895,45.84363832860231,38.60588839087851,2023-05-04,3,5,0,108,9,5,1.1
45,grocery,28.548624091154895,45.84363832860231,45.630025715542985,2023-05-05,4,5,0,155,11,4,1.1
45,grocery,28.548624091154895,45.84363832860231,43.57759662626697,2023-05-06,5,5,1,160,16,14,1.1
45,grocery,28.548624091154895,45.84363832860231,37.25954966722246,2023-05-07,6,5,1,103,8,3,1.1
45,grocery,28.548624091154895,45.84363832860231,43.27867482697861,2023-05-08,0,5,0,179,4,5,1.1
45,grocery,28.548624091154895,45.84363832860231,40.86802710349947,2023-05-09,1,5,0,183,6,2,1.1
45,grocery,28.548624091154895,45.84363832860231,42.43598049929363,2023-05-10,2,5,0,40,4,5,1.1
45,grocery,28.548624091154895,45.84363832860231,43.13662751318875,2023-05-11,3,5,0,48,8,4,1.1
45,grocery,28.548624091154895,45.84363832860231,30.64728358872745,2023-05-12,4,5,0,93,14,12,1.1
45,grocery,28.548624091154895,45.84363832860231,45.67866145847151,2023-05-13,5,5,1,79,15,10,1.1
45,grocery,28.548624091154895,45.84363832860231,35.2965453017944,2023-05-14,6,5,1,43,22,2,1.1
45,grocery,28.548624091154895,45.84363832860231,36.34342261766053,2023-05-15,0,5,0,57,20,4,1.1
45,grocery,28.548624091154895,45.84363832860231,33.144487156528584,2023-05-16,1,5,0,102,11,12,1.1
45,grocery,28.548624091154895,45.84363832860231,43.82050217149064,2023-05-17,2,5,0,175,7,8,1.1
45,grocery,28.548624091154895,45.84363832860231,38.79223559915533,2023-05-18,3,5,0,134,26,1,1.1
45,grocery,28.548624091154895,45.84363832860231,43.96913509022407,2023-05-19,4,5,0,103,5,7,1.1
45,grocery,28.548624091154895,45.84363832860231,36.87184720816006,2023-05-20,5,5,1,36,20,2,1.1
45,grocery,28.548624091154895,45.84363832860231,33.6462284107912,2023-05-21,6,5,1,151,15,7,1.1
45,grocery,28.548624091154895,45.84363832860231,37.998626184524056,2023-05-22,0,5,0,107,9,11,1.1
45,grocery,28.548624091154895,45.84363832860231,34.30418704174866,2023-05-23,1,5,0,82,2,3,1.1
45,grocery,28.548624091154895,45.84363832860231,45.26881062195053,2023-05-24,2,5,0,165,9,12,1.1
45,grocery,28.548624091154895,45.84363832860231,31.309166359891123,2023-05-25,3,5,0,86,23,7,1.1
45,grocery,28.548624091154895,45.84363832860231,45.706883165173,2023-05-26,4,5,0,158,7,12,1.1
45,grocery,28.548624091154895,45.84363832860231,32.22837738987097,2023-05-27,5,5,1,113,8,13,1.1
45,grocery,28.548624091154895,45.84363832860231,40.28293145998869,2023-05-28,6,5,1,186,22,7,1.1
45,grocery,28.548624091154895,45.84363832860231,33.47166149340139,2023-05-29,0,5,0,43,24,3,1.1
45,grocery,28.548624091154895,45.84363832860231,41.10446302767605,2023-05-30,1,5,0,65,12,8,1.1
45,grocery,28.548624091154895,45.84363832860231,43.39551341971098,2023-05-31,2,5,0,96,14,9,1.1
45,grocery,28.548624091154895,45.84363832860231,42.64912678834041,2023-06-01,3,6,0,61,6,11,1.0
45,grocery,28.548624091154895,45.84363832860231,45.50562524674778,2023-06-02,4,6,0,155,5,5,1.0
45,grocery,28.548624091154895,45.84363832860231,30.844567120489465,2023-06-03,5,6,1,139,16,3,1.0
45,grocery,28.548624091154895,45.84363832860231,41.280678994587014,2023-06-04,6,6,1,132,17,14,1.0
45,grocery,28.548624091154895,45.84363832860231,37.60764805941428,2023-06-05,0,6,0,180,12,7,1.0
45,grocery,28.548624091154895,45.84363832860231,32.27413298477586,2023-06-06,1,6,0,176,17,3,1.0
45,grocery,28.548624091154895,45.84363832860231,37.23285458392374,2023-06-07,2,6,0,86,13,8,1.0
45,grocery,28.548624091154895,45.84363832860231,45.64010020677593,2023-06-08,3,6,0,168,10,11,1.0
45,grocery,28.548624091154895,45.84363832860231,45.666716071124874,2023-06-09,4,6,0,87,2,13,1.0
45,grocery,28.548624091154895,45.84363832860231,37.2377315201246,2023-06-10,5,6,1,143,15,12,1.0
45,grocery,28.548624091154895,45.84363832860231,45.78093162261922,2023-06-11,6,6,1,68,13,8,1.0
45,grocery,28.548624091154895,45.84363832860231,36.736166909016966,2023-06-12,0,6,0,135,8,5,1.0
45,grocery,28.548624091154895,45.84363832860231,42.7292363600262,2023-06-13,1,6,0,36,16,8,1.0
45,grocery,28.548624091154895,45.84363832860231,38.2062218008867,2023-06-14,2,6,0,195,15,2,1.0
45,grocery,28.548624091154895,45.84363832860231,37.35230434700678,2023-06-15,3,6,0,141,9,7,1.0
45,grocery,28.548624091154895,45.84363832860231,37.288265812587504,2023-06-16,4,6,0,47,6,12,1.0
45,grocery,28.548624091154895,45.84363832860231,40.542506267512564,2023-06-17,5,6,1,145,35,1,1.0
45,grocery,28.548624091154895,45.84363832860231,31.024971746810436,2023-06-18,6,6,1,114,13,6,1.0
45,grocery,28.548624091154895,45.84363832860231,35.727252261180084,2023-06-19,0,6,0,174,9,4,1.0
45,grocery,28.548624091154895,45.84363832860231,36.62186524999915,2023-06-20,1,6,0,129,16,6,1.0
45,grocery,28.548624091154895,45.84363832860231,37.633305840022665,2023-06-21,2,6,0,186,7,5,1.0
45,grocery,28.548624091154895,45.84363832860231,30.690659788651306,2023-06-22,3,6,0,72,8,11,1.0
45,grocery,28.548624091154895,45.84363832860231,42.652554797932325,2023-06-23,4,6,0,174,15,8,1.0
45,grocery,28.548624091154895,45.84363832860231,43.84153720850677,2023-06-24,5,6,1,146,7,5,1.0
45,grocery,28.548624091154895,45.84363832860231,35.66838083067217,2023-06-25,6,6,1,187,6,13,1.0
45,grocery,28.548624091154895,45.84363832860231,45.45375216411092,2023-06-26,0,6,0,40,12,3,1.0
45,grocery,28.548624091154895,45.84363832860231,33.33604711904165,2023-06-27,1,6,0,176,14,12,1.0
45,grocery,28.548624091154895,45.84363832860231,37.35307505306423,2023-06-28,2,6,0,198,12,3,1.0
45,grocery,28.548624091154895,45.84363832860231,37.635851586079234,2023-06-29,3,6,0,36,13,11,1.0
46,snacks,48.273302674256364,58.27821579901834,54.193865180090484,2023-01-01,6,1,1,21,21,10,1.1
46,snacks,48.273302674256364,58.27821579901834,50.883582863338155,2023-01-02,0,1,0,83,19,5,1.1
46,snacks,48.273302674256364,58.27821579901834,56.905424146877415,2023-01-03,1,1,0,93,8,4,1.1
46,snacks,48.273302674256364,58.27821579901834,53.248205304379624,2023-01-04,2,1,0,132,13,11,1.1
46,snacks,48.273302674256364,58.27821579901834,52.61524700702474,2023-01-05,3,1,0,152,10,9,1.1
46,snacks,48.273302674256364,58.27821579901834,56.138673383158704,2023-01-06,4,1,0,102,17,10,1.1
46,snacks,48.273302674256364,58.27821579901834,55.227995284056796,2023-01-07,5,1,1,156,25,3,1.1
46,snacks,48.273302674256364,58.27821579901834,52.1138014549115,2023-01-08,6,1,1,57,17,12,1.1
46,snacks,48.273302674256364,58.27821579901834,57.845378715823145,2023-01-09,0,1,0,64,12,4,1.1
46,snacks,48.273302674256364,58.27821579901834,54.88075826909854,2023-01-10,1,1,0,155,22,2,1.1
46,snacks,48.273302674256364,58.27821579901834,56.98227207030182,2023-01-11,2,1,0,148,15,13,1.1
46,snacks,48.273302674256364,58.27821579901834,53.713574234757886,2023-01-12,3,1,0,130,11,12,1.1
46,snacks,48.273302674256364,58.27821579901834,51.346570871959834,2023-01-13,4,1,0,48,15,10,1.1
46,snacks,48.273302674256364,58.27821579901834,53.83286941282701,2023-01-14,5,1,1,100,20,1,1.1
46,snacks,48.273302674256364,58.27821579901834,51.38050886355662,2023-01-15,6,1,1,136,17,2,1.1
46,snacks,48.273302674256364,58.27821579901834,51.527542986197766,2023-01-16,0,1,0,173,20,4,1.1
46,snacks,48.273302674256364,58.27821579901834,51.1426396760335,2023-01-17,1,1,0,123,15,7,1.1
46,snacks,48.273302674256364,58.27821579901834,54.02958710206682,2023-01-18,2,1,0,147,9,6,1.1
46,snacks,48.273302674256364,58.27821579901834,53.74344477110713,2023-01-19,3,1,0,173,21,7,1.1
46,snacks,48.273302674256364,58.27821579901834,51.02896346057632,2023-01-20,4,1,0,105,11,10,1.1
46,snacks,48.273302674256364,58.27821579901834,55.74810624601792,2023-01-21,5,1,1,64,12,7,1.1
46,snacks,48.273302674256364,58.27821579901834,53.996815190587704,2023-01-22,6,1,1,113,20,8,1.1
46,snacks,48.273302674256364,58.27821579901834,57.14811101225009,2023-01-23,0,1,0,123,17,5,1.1
46,snacks,48.273302674256364,58.27821579901834,53.25836080805827,2023-01-24,1,1,0,168,22,9,1.1
46,snacks,48.273302674256364,58.27821579901834,54.26465353408233,2023-01-25,2,1,0,130,8,11,1.1
46,snacks,48.273302674256364,58.27821579901834,51.89753915526982,2023-01-26,3,1,0,155,6,14,1.1
46,snacks,48.273302674256364,58.27821579901834,55.08649599897263,2023-01-27,4,1,0,82,10,11,1.1
46,snacks,48.273302674256364,58.27821579901834,52.56102107099851,2023-01-28,5,1,1,39,13,3,1.1
46,snacks,48.273302674256364,58.27821579901834,55.10214179011852,2023-01-29,6,1,1,85,17,1,1.1
46,snacks,48.273302674256364,58.27821579901834,51.02610838856108,2023-01-30,0,1,0,191,20,13,1.1
46,snacks,48.273302674256364,58.27821579901834,56.480677142267105,2023-01-31,1,1,0,112,16,9,1.1
46,snacks,48.273302674256364,58.27821579901834,51.68932964310263,2023-02-01,2,2,0,115,21,2,1.1732050807568877
46,snacks,48.273302674256364,58.27821579901834,57.87961771515542,2023-02-02,3,2,0,20,12,14,1.1732050807568877
46,snacks,48.273302674256364,58.27821579901834,56.24515261547282,2023-02-03,4,2,0,65,32,1,1.1732050807568877
46,snacks,48.273302674256364,58.27821579901834,55.51564788308024,2023-02-04,5,2,1,21,21,5,1.1732050807568877
46,snacks,48.273302674256364,58.27821579901834,55.554515382428875,2023-02-05,6,2,1,165,16,1,1.1732050807568877
46,snacks,48.273302674256364,58.27821579901834,53.58842256029723,2023-02-06,0,2,0,30,14,4,1.1732050807568877
46,snacks,48.273302674256364,58.27821579901834,51.57854000754773,2023-02-07,1,2,0,92,11,7,1.1732050807568877
46,snacks,48.273302674256364,58.27821579901834,57.808136811592014,2023-02-08,2,2,0,45,20,2,1.1732050807568877
46,snacks,48.273302674256364,58.27821579901834,52.736504770092154,2023-02-09,3,2,0,49,16,11,1.1732050807568877
46,snacks,48.273302674256364,58.27821579901834,56.48113841410335,2023-02-10,4,2,0,71,7,5,1.1732050807568877
46,snacks,48.273302674256364,58.27821579901834,55.33811745864484,2023-02-11,5,2,1,21,21,7,1.1732050807568877
46,snacks,48.273302674256364,58.27821579901834,50.96248954980052,2023-02-12,6,2,1,57,30,2,1.1732050807568877
46,snacks,48.273302674256364,58.27821579901834,57.40915241992538,2023-02-13,0,2,0,151,12,13,1.1732050807568877
46,snacks,48.273302674256364,58.27821579901834,58.07941655686748,2023-02-14,1,2,0,21,13,6,1.1732050807568877
46,snacks,48.273302674256364,58.27821579901834,55.529688361201266,2023-02-15,2,2,0,71,20,7,1.1732050807568877
46,snacks,48.273302674256364,58.27821579901834,54.42932695293215,2023-02-16,3,2,0,151,18,9,1.1732050807568877
46,snacks,48.273302674256364,58.27821579901834,54.6465839079893,2023-02-17,4,2,0,34,18,8,1.1732050807568877
46,snacks,48.273302674256364,58.27821579901834,51.650935291194635,2023-02-18,5,2,1,74,26,12,1.1732050807568877
46,snacks,48.273302674256364,58.27821579901834,52.50564971770909,2023-02-19,6,2,1,176,28,11,1.1732050807568877
46,snacks,48.273302674256364,58.27821579901834,57.82150568122814,2023-02-20,0,2,0,193,12,3,1.1732050807568877
46,snacks,48.273302674256364,58.27821579901834,51.00537963809606,2023-02-21,1,2,0,193,15,5,1.1732050807568877
46,snacks,48.273302674256364,58.27821579901834,51.059586586107514,2023-02-22,2,2,0,98,24,6,1.1732050807568877
46,snacks,48.273302674256364,58.27821579901834,57.903029396376255,2023-02-23,3,2,0,92,14,14,1.1732050807568877
46,snacks,48.273302674256364,58.27821579901834,52.681547407008466,2023-02-24,4,2,0,41,31,3,1.1732050807568877
46,snacks,48.273302674256364,58.27821579901834,52.49632014742229,2023-02-25,5,2,1,107,15,1,1.1732050807568877
46,snacks,48.273302674256364,58.27821579901834,52.92066181576102,2023-02-26,6,2,1,59,22,6,1.1732050807568877
46,snacks,48.273302674256364,58.27821579901834,56.34380562959512,2023-02-27,0,2,0,73,14,2,1.1732050807568877
46,snacks,48.273302674256364,58.27821579901834,50.84429473309783,2023-02-28,1,2,0,66,19,8,1.1732050807568877
46,snacks,48.273302674256364,58.27821579901834,53.880899821683144,2023-03-01,2,3,0,69,19,8,1.2
46,snacks,48.273302674256364,58.27821579901834,53.01785203449687,2023-03-02,3,3,0,26,7,4,1.2
46,snacks,48.273302674256364,58.27821579901834,57.86419590355354,2023-03-03,4,3,0,157,17,14,1.2
46,snacks,48.273302674256364,58.27821579901834,57.9453105998124,2023-03-04,5,3,1,140,19,4,1.2
46,snacks,48.273302674256364,58.27821579901834,57.05377229553803,2023-03-05,6,3,1,52,15,9,1.2
46,snacks,48.273302674256364,58.27821579901834,54.74892777776057,2023-03-06,0,3,0,30,7,14,1.2
46,snacks,48.273302674256364,58.27821579901834,50.96462000334225,2023-03-07,1,3,0,76,18,11,1.2
46,snacks,48.273302674256364,58.27821579901834,53.77650591952306,2023-03-08,2,3,0,73,13,3,1.2
46,snacks,48.273302674256364,58.27821579901834,52.15494944897673,2023-03-09,3,3,0,21,6,4,1.2
46,snacks,48.273302674256364,58.27821579901834,54.61088932540048,2023-03-10,4,3,0,138,12,6,1.2
46,snacks,48.273302674256364,58.27821579901834,55.01048993378562,2023-03-11,5,3,1,168,11,6,1.2
46,snacks,48.273302674256364,58.27821579901834,56.69592730974192,2023-03-12,6,3,1,140,15,1,1.2
46,snacks,48.273302674256364,58.27821579901834,55.867454794629175,2023-03-13,0,3,0,189,16,5,1.2
46,snacks,48.273302674256364,58.27821579901834,52.634295844208744,2023-03-14,1,3,0,195,6,9,1.2
46,snacks,48.273302674256364,58.27821579901834,50.73657312270147,2023-03-15,2,3,0,118,15,4,1.2
46,snacks,48.273302674256364,58.27821579901834,52.643741602815176,2023-03-16,3,3,0,165,22,8,1.2
46,snacks,48.273302674256364,58.27821579901834,57.302451913904704,2023-03-17,4,3,0,58,15,7,1.2
46,snacks,48.273302674256364,58.27821579901834,51.198858268201285,2023-03-18,5,3,1,26,11,4,1.2
46,snacks,48.273302674256364,58.27821579901834,51.49035108879327,2023-03-19,6,3,1,99,20,5,1.2
46,snacks,48.273302674256364,58.27821579901834,57.54867037454834,2023-03-20,0,3,0,142,29,3,1.2
46,snacks,48.273302674256364,58.27821579901834,53.036748075863,2023-03-21,1,3,0,153,16,8,1.2
46,snacks,48.273302674256364,58.27821579901834,57.55416545235661,2023-03-22,2,3,0,93,26,3,1.2
46,snacks,48.273302674256364,58.27821579901834,57.9703539375174,2023-03-23,3,3,0,40,14,3,1.2
46,snacks,48.273302674256364,58.27821579901834,53.24869124298689,2023-03-24,4,3,0,75,19,14,1.2
46,snacks,48.273302674256364,58.27821579901834,52.094988715204416,2023-03-25,5,3,1,105,38,2,1.2
46,snacks,48.273302674256364,58.27821579901834,50.76758103517639,2023-03-26,6,3,1,132,15,8,1.2
46,snacks,48.273302674256364,58.27821579901834,57.15870917661097,2023-03-27,0,3,0,52,22,3,1.2
46,snacks,48.273302674256364,58.27821579901834,53.45004649624562,2023-03-28,1,3,0,87,22,7,1.2
46,snacks,48.273302674256364,58.27821579901834,55.30732782571866,2023-03-29,2,3,0,182,16,6,1.2
46,snacks,48.273302674256364,58.27821579901834,55.58706291209486,2023-03-30,3,3,0,79,38,1,1.2
46,snacks,48.273302674256364,58.27821579901834,52.36068309337221,2023-03-31,4,3,0,108,18,4,1.2
46,snacks,48.273302674256364,58.27821579901834,53.15159004673924,2023-04-01,5,4,1,189,13,2,1.1732050807568877
46,snacks,48.273302674256364,58.27821579901834,54.52482475249748,2023-04-02,6,4,1,123,6,6,1.1732050807568877
46,snacks,48.273302674256364,58.27821579901834,52.46132405926022,2023-04-03,0,4,0,33,33,1,1.1732050807568877
46,snacks,48.273302674256364,58.27821579901834,58.04319489399827,2023-04-04,1,4,0,20,15,8,1.1732050807568877
46,snacks,48.273302674256364,58.27821579901834,53.83685004310981,2023-04-05,2,4,0,76,17,10,1.1732050807568877
46,snacks,48.273302674256364,58.27821579901834,58.21862011983173,2023-04-06,3,4,0,166,19,4,1.1732050807568877
46,snacks,48.273302674256364,58.27821579901834,58.137490090025885,2023-04-07,4,4,0,20,20,4,1.1732050807568877
46,snacks,48.273302674256364,58.27821579901834,55.80811955356203,2023-04-08,5,4,1,166,18,13,1.1732050807568877
46,snacks,48.273302674256364,58.27821579901834,53.832878377158536,2023-04-09,6,4,1,61,26,14,1.1732050807568877
46,snacks,48.273302674256364,58.27821579901834,56.47585708289448,2023-04-10,0,4,0,97,16,9,1.1732050807568877
46,snacks,48.273302674256364,58.27821579901834,50.983880404387705,2023-04-11,1,4,0,34,23,13,1.1732050807568877
46,snacks,48.273302674256364,58.27821579901834,53.35647613544417,2023-04-12,2,4,0,188,41,1,1.1732050807568877
46,snacks,48.273302674256364,58.27821579901834,58.191203074642864,2023-04-13,3,4,0,126,20,2,1.1732050807568877
46,snacks,48.273302674256364,58.27821579901834,53.31409447066085,2023-04-14,4,4,0,118,21,5,1.1732050807568877
46,snacks,48.273302674256364,58.27821579901834,57.796581016815296,2023-04-15,5,4,1,30,13,7,1.1732050807568877
46,snacks,48.273302674256364,58.27821579901834,54.470110132175236,2023-04-16,6,4,1,70,20,11,1.1732050807568877
46,snacks,48.273302674256364,58.27821579901834,54.97358568791591,2023-04-17,0,4,0,44,18,2,1.1732050807568877
46,snacks,48.273302674256364,58.27821579901834,57.27892532796682,2023-04-18,1,4,0,67,8,3,1.1732050807568877
46,snacks,48.273302674256364,58.27821579901834,51.17021541181589,2023-04-19,2,4,0,64,11,6,1.1732050807568877
46,snacks,48.273302674256364,58.27821579901834,55.753185341030374,2023-04-20,3,4,0,116,8,9,1.1732050807568877
46,snacks,48.273302674256364,58.27821579901834,58.03788466364301,2023-04-21,4,4,0,52,20,13,1.1732050807568877
46,snacks,48.273302674256364,58.27821579901834,55.888566480393976,2023-04-22,5,4,1,40,35,3,1.1732050807568877
46,snacks,48.273302674256364,58.27821579901834,57.28307032364112,2023-04-23,6,4,1,81,13,5,1.1732050807568877
46,snacks,48.273302674256364,58.27821579901834,51.21877770095451,2023-04-24,0,4,0,197,12,14,1.1732050807568877
46,snacks,48.273302674256364,58.27821579901834,52.548345959650526,2023-04-25,1,4,0,137,26,3,1.1732050807568877
46,snacks,48.273302674256364,58.27821579901834,54.48141866558369,2023-04-26,2,4,0,42,20,7,1.1732050807568877
46,snacks,48.273302674256364,58.27821579901834,54.573717421005796,2023-04-27,3,4,0,194,14,14,1.1732050807568877
46,snacks,48.273302674256364,58.27821579901834,51.9737167766216,2023-04-28,4,4,0,147,8,14,1.1732050807568877
46,snacks,48.273302674256364,58.27821579901834,53.85065118943329,2023-04-29,5,4,1,111,14,8,1.1732050807568877
46,snacks,48.273302674256364,58.27821579901834,52.93262399233616,2023-04-30,6,4,1,108,23,4,1.1732050807568877
46,snacks,48.273302674256364,58.27821579901834,52.95413840628811,2023-05-01,0,5,0,23,13,10,1.1
46,snacks,48.273302674256364,58.27821579901834,56.31967765713355,2023-05-02,1,5,0,30,14,4,1.1
46,snacks,48.273302674256364,58.27821579901834,51.36415132331193,2023-05-03,2,5,0,164,18,10,1.1
46,snacks,48.273302674256364,58.27821579901834,53.814340792247954,2023-05-04,3,5,0,76,2,11,1.1
46,snacks,48.273302674256364,58.27821579901834,52.05764600404539,2023-05-05,4,5,0,191,14,6,1.1
46,snacks,48.273302674256364,58.27821579901834,55.01448075334166,2023-05-06,5,5,1,32,28,2,1.1
46,snacks,48.273302674256364,58.27821579901834,53.60640604845745,2023-05-07,6,5,1,131,15,11,1.1
46,snacks,48.273302674256364,58.27821579901834,52.87321590545793,2023-05-08,0,5,0,112,9,14,1.1
46,snacks,48.273302674256364,58.27821579901834,53.66261810160701,2023-05-09,1,5,0,51,8,11,1.1
46,snacks,48.273302674256364,58.27821579901834,51.308599536955064,2023-05-10,2,5,0,147,9,13,1.1
46,snacks,48.273302674256364,58.27821579901834,55.40386821116786,2023-05-11,3,5,0,193,9,5,1.1
46,snacks,48.273302674256364,58.27821579901834,57.39906750721159,2023-05-12,4,5,0,32,9,7,1.1
46,snacks,48.273302674256364,58.27821579901834,51.365674197559265,2023-05-13,5,5,1,96,8,2,1.1
46,snacks,48.273302674256364,58.27821579901834,57.12591007990122,2023-05-14,6,5,1,174,19,10,1.1
46,snacks,48.273302674256364,58.27821579901834,51.018991530960434,2023-05-15,0,5,0,141,16,12,1.1
46,snacks,48.273302674256364,58.27821579901834,53.487434939057245,2023-05-16,1,5,0,98,5,10,1.1
46,snacks,48.273302674256364,58.27821579901834,55.8520860900767,2023-05-17,2,5,0,118,27,2,1.1
46,snacks,48.273302674256364,58.27821579901834,52.13555596811746,2023-05-18,3,5,0,163,25,14,1.1
46,snacks,48.273302674256364,58.27821579901834,54.985962178565465,2023-05-19,4,5,0,20,12,2,1.1
46,snacks,48.273302674256364,58.27821579901834,56.84800370641992,2023-05-20,5,5,1,73,26,10,1.1
46,snacks,48.273302674256364,58.27821579901834,53.94265996946192,2023-05-21,6,5,1,127,28,12,1.1
46,snacks,48.273302674256364,58.27821579901834,57.84734375649673,2023-05-22,0,5,0,152,11,9,1.1
46,snacks,48.273302674256364,58.27821579901834,57.68142419527383,2023-05-23,1,5,0,41,10,11,1.1
46,snacks,48.273302674256364,58.27821579901834,57.54870784947782,2023-05-24,2,5,0,157,9,5,1.1
46,snacks,48.273302674256364,58.27821579901834,53.36827800936412,2023-05-25,3,5,0,36,12,8,1.1
46,snacks,48.273302674256364,58.27821579901834,56.06047635121253,2023-05-26,4,5,0,190,9,6,1.1
46,snacks,48.273302674256364,58.27821579901834,55.91581098061763,2023-05-27,5,5,1,99,13,5,1.1
46,snacks,48.273302674256364,58.27821579901834,50.76179579790545,2023-05-28,6,5,1,158,28,5,1.1
46,snacks,48.273302674256364,58.27821579901834,52.75235019829833,2023-05-29,0,5,0,42,16,9,1.1
46,snacks,48.273302674256364,58.27821579901834,56.13571764556625,2023-05-30,1,5,0,176,21,5,1.1
46,snacks,48.273302674256364,58.27821579901834,55.82480642077909,2023-05-31,2,5,0,77,16,11,1.1
46,snacks,48.273302674256364,58.27821579901834,55.29629679034075,2023-06-01,3,6,0,27,7,3,1.0
46,snacks,48.273302674256364,58.27821579901834,52.7845532521314,2023-06-02,4,6,0,140,11,11,1.0
46,snacks,48.273302674256364,58.27821579901834,55.08498697570902,2023-06-03,5,6,1,48,11,6,1.0
46,snacks,48.273302674256364,58.27821579901834,51.26434580577285,2023-06-04,6,6,1,34,9,14,1.0
46,snacks,48.273302674256364,58.27821579901834,51.13770303049586,2023-06-05,0,6,0,82,8,4,1.0
46,snacks,48.273302674256364,58.27821579901834,54.644207181457915,2023-06-06,1,6,0,26,8,11,1.0
46,snacks,48.273302674256364,58.27821579901834,51.27876893131045,2023-06-07,2,6,0,179,22,9,1.0
46,snacks,48.273302674256364,58.27821579901834,57.77182484468547,2023-06-08,3,6,0,43,23,1,1.0
46,snacks,48.273302674256364,58.27821579901834,52.09367005965842,2023-06-09,4,6,0,183,4,11,1.0
46,snacks,48.273302674256364,58.27821579901834,54.04939980932297,2023-06-10,5,6,1,63,10,9,1.0
46,snacks,48.273302674256364,58.27821579901834,57.20107306535023,2023-06-11,6,6,1,148,21,13,1.0
46,snacks,48.273302674256364,58.27821579901834,57.766205682481896,2023-06-12,0,6,0,107,17,1,1.0
46,snacks,48.273302674256364,58.27821579901834,55.56335548553696,2023-06-13,1,6,0,120,9,13,1.0
46,snacks,48.273302674256364,58.27821579901834,53.278163540942764,2023-06-14,2,6,0,30,26,2,1.0
46,snacks,48.273302674256364,58.27821579901834,55.394927963569934,2023-06-15,3,6,0,174,20,7,1.0
46,snacks,48.273302674256364,58.27821579901834,56.614848343974636,2023-06-16,4,6,0,197,8,10,1.0
46,snacks,48.273302674256364,58.27821579901834,55.440370582750774,2023-06-17,5,6,1,64,15,10,1.0
46,snacks,48.273302674256364,58.27821579901834,53.996358310981826,2023-06-18,6,6,1,126,23,3,1.0
46,snacks,48.273302674256364,58.27821579901834,57.958057837079366,2023-06-19,0,6,0,68,12,1,1.0
46,snacks,48.273302674256364,58.27821579901834,52.141199837106676,2023-06-20,1,6,0,92,9,9,1.0
46,snacks,48.273302674256364,58.27821579901834,56.402847826438006,2023-06-21,2,6,0,199,10,11,1.0
46,snacks,48.273302674256364,58.27821579901834,58.161811445748555,2023-06-22,3,6,0,150,15,12,1.0
46,snacks,48.273302674256364,58.27821579901834,57.861049378398185,2023-06-23,4,6,0,188,13,8,1.0
46,snacks,48.273302674256364,58.27821579901834,56.35718254306685,2023-06-24,5,6,1,35,13,14,1.0
46,snacks,48.273302674256364,58.27821579901834,55.43349352080283,2023-06-25,6,6,1,68,13,10,1.0
46,snacks,48.273302674256364,58.27821579901834,52.66533335306074,2023-06-26,0,6,0,176,21,12,1.0
46,snacks,48.273302674256364,58.27821579901834,50.798174646065625,2023-06-27,1,6,0,67,12,9,1.0
46,snacks,48.273302674256364,58.27821579901834,54.46419421260732,2023-06-28,2,6,0,27,15,5,1.0
46,snacks,48.273302674256364,58.27821579901834,52.94344157704265,2023-06-29,3,6,0,71,9,9,1.0
47,grocery,84.75179698570072,143.21775891543624,97.79466080098103,2023-01-01,6,1,1,102,10,9,1.1
47,grocery,84.75179698570072,143.21775891543624,101.84527826904547,2023-01-02,0,1,0,152,22,1,1.1
47,grocery,84.75179698570072,143.21775891543624,118.10928428893487,2023-01-03,1,1,0,71,15,14,1.1
47,grocery,84.75179698570072,143.21775891543624,99.42555858521956,2023-01-04,2,1,0,33,30,1,1.1
47,grocery,84.75179698570072,143.21775891543624,123.5591776229798,2023-01-05,3,1,0,68,14,12,1.1
47,grocery,84.75179698570072,143.21775891543624,113.03306127173448,2023-01-06,4,1,0,98,28,2,1.1
47,grocery,84.75179698570072,143.21775891543624,132.06464516362408,2023-01-07,5,1,1,111,13,3,1.1
47,grocery,84.75179698570072,143.21775891543624,109.29322597856248,2023-01-08,6,1,1,108,18,11,1.1
47,grocery,84.75179698570072,143.21775891543624,96.87029539256679,2023-01-09,0,1,0,144,14,8,1.1
47,grocery,84.75179698570072,143.21775891543624,113.61517855715623,2023-01-10,1,1,0,139,16,8,1.1
47,grocery,84.75179698570072,143.21775891543624,117.81468634089113,2023-01-11,2,1,0,190,10,4,1.1
47,grocery,84.75179698570072,143.21775891543624,116.41552081731244,2023-01-12,3,1,0,78,6,10,1.1
47,grocery,84.75179698570072,143.21775891543624,111.74647557357727,2023-01-13,4,1,0,148,17,8,1.1
47,grocery,84.75179698570072,143.21775891543624,138.79979794164956,2023-01-14,5,1,1,70,12,10,1.1
47,grocery,84.75179698570072,143.21775891543624,123.66983438520757,2023-01-15,6,1,1,135,11,14,1.1
47,grocery,84.75179698570072,143.21775891543624,101.54691420882706,2023-01-16,0,1,0,163,17,12,1.1
47,grocery,84.75179698570072,143.21775891543624,124.03176818121177,2023-01-17,1,1,0,184,15,5,1.1
47,grocery,84.75179698570072,143.21775891543624,127.93426476938896,2023-01-18,2,1,0,101,14,12,1.1
47,grocery,84.75179698570072,143.21775891543624,143.00608994529927,2023-01-19,3,1,0,59,11,8,1.1
47,grocery,84.75179698570072,143.21775891543624,127.80074413118706,2023-01-20,4,1,0,143,9,9,1.1
47,grocery,84.75179698570072,143.21775891543624,126.75717537755796,2023-01-21,5,1,1,97,8,8,1.1
47,grocery,84.75179698570072,143.21775891543624,95.10625461330781,2023-01-22,6,1,1,86,28,5,1.1
47,grocery,84.75179698570072,143.21775891543624,123.20207873229215,2023-01-23,0,1,0,83,6,9,1.1
47,grocery,84.75179698570072,143.21775891543624,107.98025774949781,2023-01-24,1,1,0,135,10,13,1.1
47,grocery,84.75179698570072,143.21775891543624,111.36993283619717,2023-01-25,2,1,0,105,10,4,1.1
47,grocery,84.75179698570072,143.21775891543624,141.90979609791935,2023-01-26,3,1,0,109,2,13,1.1
47,grocery,84.75179698570072,143.21775891543624,126.63651671718122,2023-01-27,4,1,0,100,7,9,1.1
47,grocery,84.75179698570072,143.21775891543624,126.44460369821881,2023-01-28,5,1,1,165,20,10,1.1
47,grocery,84.75179698570072,143.21775891543624,142.78064106968742,2023-01-29,6,1,1,194,12,9,1.1
47,grocery,84.75179698570072,143.21775891543624,136.1412763346891,2023-01-30,0,1,0,87,22,2,1.1
47,grocery,84.75179698570072,143.21775891543624,128.1167012318094,2023-01-31,1,1,0,95,17,11,1.1
47,grocery,84.75179698570072,143.21775891543624,131.0962954392265,2023-02-01,2,2,0,164,9,6,1.1732050807568877
47,grocery,84.75179698570072,143.21775891543624,99.04330538572724,2023-02-02,3,2,0,193,14,8,1.1732050807568877
47,grocery,84.75179698570072,143.21775891543624,93.01556553997632,2023-02-03,4,2,0,188,13,9,1.1732050807568877
47,grocery,84.75179698570072,143.21775891543624,122.38700271945743,2023-02-04,5,2,1,197,13,13,1.1732050807568877
47,grocery,84.75179698570072,143.21775891543624,115.89515830109434,2023-02-05,6,2,1,60,12,8,1.1732050807568877
47,grocery,84.75179698570072,143.21775891543624,140.60535065758842,2023-02-06,0,2,0,79,11,9,1.1732050807568877
47,grocery,84.75179698570072,143.21775891543624,136.76568707709708,2023-02-07,1,2,0,139,18,3,1.1732050807568877
47,grocery,84.75179698570072,143.21775891543624,90.67202848771934,2023-02-08,2,2,0,183,3,3,1.1732050807568877
47,grocery,84.75179698570072,143.21775891543624,128.0700865773384,2023-02-09,3,2,0,184,11,9,1.1732050807568877
47,grocery,84.75179698570072,143.21775891543624,104.46614131232361,2023-02-10,4,2,0,24,12,11,1.1732050807568877
47,grocery,84.75179698570072,143.21775891543624,91.19059853080572,2023-02-11,5,2,1,116,22,4,1.1732050807568877
47,grocery,84.75179698570072,143.21775891543624,95.88147263931648,2023-02-12,6,2,1,36,14,12,1.1732050807568877
47,grocery,84.75179698570072,143.21775891543624,124.99638750177999,2023-02-13,0,2,0,182,8,5,1.1732050807568877
47,grocery,84.75179698570072,143.21775891543624,89.59154870756124,2023-02-14,1,2,0,70,19,6,1.1732050807568877
47,grocery,84.75179698570072,143.21775891543624,115.44968059898562,2023-02-15,2,2,0,39,10,10,1.1732050807568877
47,grocery,84.75179698570072,143.21775891543624,119.51127385342818,2023-02-16,3,2,0,118,5,14,1.1732050807568877
47,grocery,84.75179698570072,143.21775891543624,120.63069439582999,2023-02-17,4,2,0,139,10,7,1.1732050807568877
47,grocery,84.75179698570072,143.21775891543624,103.58890184095515,2023-02-18,5,2,1,189,30,3,1.1732050807568877
47,grocery,84.75179698570072,143.21775891543624,125.2727088039206,2023-02-19,6,2,1,130,12,4,1.1732050807568877
47,grocery,84.75179698570072,143.21775891543624,94.13713630779228,2023-02-20,0,2,0,36,8,10,1.1732050807568877
47,grocery,84.75179698570072,143.21775891543624,139.69921830067622,2023-02-21,1,2,0,115,11,6,1.1732050807568877
47,grocery,84.75179698570072,143.21775891543624,115.65210932918603,2023-02-22,2,2,0,65,25,3,1.1732050807568877
47,grocery,84.75179698570072,143.21775891543624,91.77059081082429,2023-02-23,3,2,0,46,8,12,1.1732050807568877
47,grocery,84.75179698570072,143.21775891543624,138.59689768897334,2023-02-24,4,2,0,147,5,11,1.1732050807568877
47,grocery,84.75179698570072,143.21775891543624,91.17381349724786,2023-02-25,5,2,1,144,20,7,1.1732050807568877
47,grocery,84.75179698570072,143.21775891543624,143.06458565992347,2023-02-26,6,2,1,147,6,5,1.1732050807568877
47,grocery,84.75179698570072,143.21775891543624,128.80270883746746,2023-02-27,0,2,0,71,24,1,1.1732050807568877
47,grocery,84.75179698570072,143.21775891543624,140.61760807458705,2023-02-28,1,2,0,108,14,5,1.1732050807568877
47,grocery,84.75179698570072,143.21775891543624,142.700920357038,2023-03-01,2,3,0,192,7,4,1.2
47,grocery,84.75179698570072,143.21775891543624,91.83313083286075,2023-03-02,3,3,0,51,20,3,1.2
47,grocery,84.75179698570072,143.21775891543624,124.71855041182448,2023-03-03,4,3,0,117,10,14,1.2
47,grocery,84.75179698570072,143.21775891543624,102.74075249251403,2023-03-04,5,3,1,30,27,12,1.2
47,grocery,84.75179698570072,143.21775891543624,124.25413995452288,2023-03-05,6,3,1,172,10,14,1.2
47,grocery,84.75179698570072,143.21775891543624,110.21537337974848,2023-03-06,0,3,0,24,19,8,1.2
47,grocery,84.75179698570072,143.21775891543624,123.6813369908225,2023-03-07,1,3,0,68,8,8,1.2
47,grocery,84.75179698570072,143.21775891543624,93.28694120440221,2023-03-08,2,3,0,57,23,9,1.2
47,grocery,84.75179698570072,143.21775891543624,141.07041401491162,2023-03-09,3,3,0,144,7,6,1.2
47,grocery,84.75179698570072,143.21775891543624,102.28493231092679,2023-03-10,4,3,0,44,19,10,1.2
47,grocery,84.75179698570072,143.21775891543624,122.44583826486138,2023-03-11,5,3,1,40,11,5,1.2
47,grocery,84.75179698570072,143.21775891543624,93.71927182010461,2023-03-12,6,3,1,33,24,7,1.2
47,grocery,84.75179698570072,143.21775891543624,136.23588607510828,2023-03-13,0,3,0,123,10,12,1.2
47,grocery,84.75179698570072,143.21775891543624,124.12690926453433,2023-03-14,1,3,0,29,12,5,1.2
47,grocery,84.75179698570072,143.21775891543624,121.53279601462424,2023-03-15,2,3,0,63,6,14,1.2
47,grocery,84.75179698570072,143.21775891543624,117.29482430554008,2023-03-16,3,3,0,193,19,4,1.2
47,grocery,84.75179698570072,143.21775891543624,99.84367546343654,2023-03-17,4,3,0,88,22,3,1.2
47,grocery,84.75179698570072,143.21775891543624,138.1704973623073,2023-03-18,5,3,1,159,14,5,1.2
47,grocery,84.75179698570072,143.21775891543624,117.09488743714564,2023-03-19,6,3,1,111,5,9,1.2
47,grocery,84.75179698570072,143.21775891543624,105.69285001087053,2023-03-20,0,3,0,138,12,12,1.2
47,grocery,84.75179698570072,143.21775891543624,129.40790165061352,2023-03-21,1,3,0,104,18,4,1.2
47,grocery,84.75179698570072,143.21775891543624,99.98186176772224,2023-03-22,2,3,0,34,18,3,1.2
47,grocery,84.75179698570072,143.21775891543624,115.17676882641908,2023-03-23,3,3,0,174,7,10,1.2
47,grocery,84.75179698570072,143.21775891543624,89.21061727315724,2023-03-24,4,3,0,160,2,13,1.2
47,grocery,84.75179698570072,143.21775891543624,118.22060931108697,2023-03-25,5,3,1,30,14,2,1.2
47,grocery,84.75179698570072,143.21775891543624,94.46521440762346,2023-03-26,6,3,1,152,21,9,1.2
47,grocery,84.75179698570072,143.21775891543624,128.19995601598765,2023-03-27,0,3,0,47,18,5,1.2
47,grocery,84.75179698570072,143.21775891543624,140.34125269825088,2023-03-28,1,3,0,196,8,5,1.2
47,grocery,84.75179698570072,143.21775891543624,104.99029013118405,2023-03-29,2,3,0,162,11,5,1.2
47,grocery,84.75179698570072,143.21775891543624,122.57702669406494,2023-03-30,3,3,0,152,4,14,1.2
47,grocery,84.75179698570072,143.21775891543624,136.86179794866996,2023-03-31,4,3,0,159,4,9,1.2
47,grocery,84.75179698570072,143.21775891543624,118.83945225693881,2023-04-01,5,4,1,146,19,7,1.1732050807568877
47,grocery,84.75179698570072,143.21775891543624,112.40660825594222,2023-04-02,6,4,1,93,15,10,1.1732050807568877
47,grocery,84.75179698570072,143.21775891543624,137.87701967695054,2023-04-03,0,4,0,186,15,8,1.1732050807568877
47,grocery,84.75179698570072,143.21775891543624,138.67464898634887,2023-04-04,1,4,0,74,10,8,1.1732050807568877
47,grocery,84.75179698570072,143.21775891543624,95.62578810190308,2023-04-05,2,4,0,97,15,14,1.1732050807568877
47,grocery,84.75179698570072,143.21775891543624,107.96074975573148,2023-04-06,3,4,0,186,16,14,1.1732050807568877
47,grocery,84.75179698570072,143.21775891543624,120.55543476562757,2023-04-07,4,4,0,119,4,7,1.1732050807568877
47,grocery,84.75179698570072,143.21775891543624,98.66913579982636,2023-04-08,5,4,1,116,19,11,1.1732050807568877
47,grocery,84.75179698570072,143.21775891543624,91.33896541861884,2023-04-09,6,4,1,181,21,6,1.1732050807568877
47,grocery,84.75179698570072,143.21775891543624,97.72550424121332,2023-04-10,0,4,0,119,8,7,1.1732050807568877
47,grocery,84.75179698570072,143.21775891543624,95.30952106124242,2023-04-11,1,4,0,189,10,7,1.1732050807568877
47,grocery,84.75179698570072,143.21775891543624,123.47177054431576,2023-04-12,2,4,0,174,21,5,1.1732050807568877
47,grocery,84.75179698570072,143.21775891543624,92.7304065916384,2023-04-13,3,4,0,129,16,14,1.1732050807568877
47,grocery,84.75179698570072,143.21775891543624,140.51761293118525,2023-04-14,4,4,0,162,12,4,1.1732050807568877
47,grocery,84.75179698570072,143.21775891543624,100.02529604828793,2023-04-15,5,4,1,177,24,12,1.1732050807568877
47,grocery,84.75179698570072,143.21775891543624,95.11974779220697,2023-04-16,6,4,1,59,11,6,1.1732050807568877
47,grocery,84.75179698570072,143.21775891543624,113.12323984428929,2023-04-17,0,4,0,107,3,13,1.1732050807568877
47,grocery,84.75179698570072,143.21775891543624,107.41454107530153,2023-04-18,1,4,0,132,10,11,1.1732050807568877
47,grocery,84.75179698570072,143.21775891543624,99.98199618696013,2023-04-19,2,4,0,52,14,10,1.1732050807568877
47,grocery,84.75179698570072,143.21775891543624,90.19068804625466,2023-04-20,3,4,0,197,16,11,1.1732050807568877
47,grocery,84.75179698570072,143.21775891543624,127.77610057927212,2023-04-21,4,4,0,135,14,6,1.1732050807568877
47,grocery,84.75179698570072,143.21775891543624,104.39742233257485,2023-04-22,5,4,1,44,20,10,1.1732050807568877
47,grocery,84.75179698570072,143.21775891543624,102.89242858177877,2023-04-23,6,4,1,133,14,10,1.1732050807568877
47,grocery,84.75179698570072,143.21775891543624,114.42180612199114,2023-04-24,0,4,0,26,13,13,1.1732050807568877
47,grocery,84.75179698570072,143.21775891543624,101.54649929043872,2023-04-25,1,4,0,135,7,4,1.1732050807568877
47,grocery,84.75179698570072,143.21775891543624,92.12351065822004,2023-04-26,2,4,0,25,6,4,1.1732050807568877
47,grocery,84.75179698570072,143.21775891543624,111.00011034408406,2023-04-27,3,4,0,140,4,14,1.1732050807568877
47,grocery,84.75179698570072,143.21775891543624,108.56551654047664,2023-04-28,4,4,0,150,6,14,1.1732050807568877
47,grocery,84.75179698570072,143.21775891543624,103.55831808970447,2023-04-29,5,4,1,33,17,9,1.1732050807568877
47,grocery,84.75179698570072,143.21775891543624,111.32965355484808,2023-04-30,6,4,1,199,18,14,1.1732050807568877
47,grocery,84.75179698570072,143.21775891543624,140.85121473626788,2023-05-01,0,5,0,104,12,10,1.1
47,grocery,84.75179698570072,143.21775891543624,104.79777483937109,2023-05-02,1,5,0,32,7,4,1.1
47,grocery,84.75179698570072,143.21775891543624,124.03923511528635,2023-05-03,2,5,0,26,20,6,1.1
47,grocery,84.75179698570072,143.21775891543624,111.49377884515013,2023-05-04,3,5,0,59,9,13,1.1
47,grocery,84.75179698570072,143.21775891543624,104.92056797210569,2023-05-05,4,5,0,166,15,5,1.1
47,grocery,84.75179698570072,143.21775891543624,143.18676831358948,2023-05-06,5,5,1,62,9,9,1.1
47,grocery,84.75179698570072,143.21775891543624,112.83809423525634,2023-05-07,6,5,1,181,4,14,1.1
47,grocery,84.75179698570072,143.21775891543624,132.47613143122237,2023-05-08,0,5,0,112,8,11,1.1
47,grocery,84.75179698570072,143.21775891543624,124.08253935639982,2023-05-09,1,5,0,57,10,6,1.1
47,grocery,84.75179698570072,143.21775891543624,100.41483558588648,2023-05-10,2,5,0,72,7,14,1.1
47,grocery,84.75179698570072,143.21775891543624,104.44650237812392,2023-05-11,3,5,0,167,22,3,1.1
47,grocery,84.75179698570072,143.21775891543624,100.91656139133217,2023-05-12,4,5,0,196,22,8,1.1
47,grocery,84.75179698570072,143.21775891543624,108.56666446903316,2023-05-13,5,5,1,160,22,8,1.1
47,grocery,84.75179698570072,143.21775891543624,142.75689576216277,2023-05-14,6,5,1,93,9,13,1.1
47,grocery,84.75179698570072,143.21775891543624,122.11702213693181,2023-05-15,0,5,0,48,16,9,1.1
47,grocery,84.75179698570072,143.21775891543624,99.33168865831391,2023-05-16,1,5,0,158,15,6,1.1
47,grocery,84.75179698570072,143.21775891543624,115.113011829152,2023-05-17,2,5,0,87,20,5,1.1
47,grocery,84.75179698570072,143.21775891543624,97.30015395480218,2023-05-18,3,5,0,37,14,7,1.1
47,grocery,84.75179698570072,143.21775891543624,90.82056701567828,2023-05-19,4,5,0,126,2,6,1.1
47,grocery,84.75179698570072,143.21775891543624,142.53716898063863,2023-05-20,5,5,1,70,10,6,1.1
47,grocery,84.75179698570072,143.21775891543624,132.7564280512595,2023-05-21,6,5,1,189,10,10,1.1
47,grocery,84.75179698570072,143.21775891543624,92.92709500926983,2023-05-22,0,5,0,130,6,14,1.1
47,grocery,84.75179698570072,143.21775891543624,127.92552591698887,2023-05-23,1,5,0,187,13,11,1.1
47,grocery,84.75179698570072,143.21775891543624,121.75107866257947,2023-05-24,2,5,0,82,18,2,1.1
47,grocery,84.75179698570072,143.21775891543624,137.5856633243166,2023-05-25,3,5,0,48,3,4,1.1
47,grocery,84.75179698570072,143.21775891543624,115.10746607567836,2023-05-26,4,5,0,183,21,10,1.1
47,grocery,84.75179698570072,143.21775891543624,92.63169810865604,2023-05-27,5,5,1,24,23,14,1.1
47,grocery,84.75179698570072,143.21775891543624,130.96856147942287,2023-05-28,6,5,1,52,12,6,1.1
47,grocery,84.75179698570072,143.21775891543624,130.3659586398585,2023-05-29,0,5,0,196,7,5,1.1
47,grocery,84.75179698570072,143.21775891543624,141.44671876295064,2023-05-30,1,5,0,86,10,9,1.1
47,grocery,84.75179698570072,143.21775891543624,117.7805220150659,2023-05-31,2,5,0,149,17,11,1.1
47,grocery,84.75179698570072,143.21775891543624,89.86742473940758,2023-06-01,3,6,0,191,13,2,1.0
47,grocery,84.75179698570072,143.21775891543624,102.49491441255186,2023-06-02,4,6,0,170,15,14,1.0
47,grocery,84.75179698570072,143.21775891543624,120.64357154426901,2023-06-03,5,6,1,114,21,4,1.0
47,grocery,84.75179698570072,143.21775891543624,133.5758068402464,2023-06-04,6,6,1,149,4,6,1.0
47,grocery,84.75179698570072,143.21775891543624,128.69268355165565,2023-06-05,0,6,0,116,3,11,1.0
47,grocery,84.75179698570072,143.21775891543624,118.38094700144808,2023-06-06,1,6,0,140,19,4,1.0
47,grocery,84.75179698570072,143.21775891543624,99.45571776771693,2023-06-07,2,6,0,149,20,5,1.0
47,grocery,84.75179698570072,143.21775891543624,89.90577793310027,2023-06-08,3,6,0,88,15,13,1.0
47,grocery,84.75179698570072,143.21775891543624,133.40889729141472,2023-06-09,4,6,0,78,7,5,1.0
47,grocery,84.75179698570072,143.21775891543624,127.34262560002735,2023-06-10,5,6,1,132,17,7,1.0
47,grocery,84.75179698570072,143.21775891543624,118.51709165525898,2023-06-11,6,6,1,146,6,4,1.0
47,grocery,84.75179698570072,143.21775891543624,114.1858326870499,2023-06-12,0,6,0,90,7,6,1.0
47,grocery,84.75179698570072,143.21775891543624,108.1821140672065,2023-06-13,1,6,0,76,17,4,1.0
47,grocery,84.75179698570072,143.21775891543624,131.71398254359508,2023-06-14,2,6,0,167,6,3,1.0
47,grocery,84.75179698570072,143.21775891543624,121.11927863876943,2023-06-15,3,6,0,30,17,2,1.0
47,grocery,84.75179698570072,143.21775891543624,108.38969813268166,2023-06-16,4,6,0,193,10,12,1.0
47,grocery,84.75179698570072,143.21775891543624,141.807698306526,2023-06-17,5,6,1,84,12,8,1.0
47,grocery,84.75179698570072,143.21775891543624,102.13306091796326,2023-06-18,6,6,1,192,17,4,1.0
47,grocery,84.75179698570072,143.21775891543624,119.20751367355923,2023-06-19,0,6,0,82,15,8,1.0
47,grocery,84.75179698570072,143.21775891543624,123.0927558328926,2023-06-20,1,6,0,139,17,5,1.0
47,grocery,84.75179698570072,143.21775891543624,119.8388620344823,2023-06-21,2,6,0,99,7,7,1.0
47,grocery,84.75179698570072,143.21775891543624,118.96130051201284,2023-06-22,3,6,0,182,22,2,1.0
47,grocery,84.75179698570072,143.21775891543624,130.69805662733705,2023-06-23,4,6,0,106,11,10,1.0
47,grocery,84.75179698570072,143.21775891543624,105.00692284285931,2023-06-24,5,6,1,116,18,2,1.0
47,grocery,84.75179698570072,143.21775891543624,95.72572613457477,2023-06-25,6,6,1,81,26,3,1.0
47,grocery,84.75179698570072,143.21775891543624,103.85540708034556,2023-06-26,0,6,0,79,7,4,1.0
47,grocery,84.75179698570072,143.21775891543624,112.64846338363077,2023-06-27,1,6,0,170,4,6,1.0
47,grocery,84.75179698570072,143.21775891543624,141.284304896308,2023-06-28,2,6,0,185,11,6,1.0
47,grocery,84.75179698570072,143.21775891543624,121.95530858529759,2023-06-29,3,6,0,95,12,4,1.0
48,grocery,82.71742883385755,144.0286339979802,119.38899763473788,2023-01-01,6,1,1,23,11,7,1.1
48,grocery,82.71742883385755,144.0286339979802,126.8328372408402,2023-01-02,0,1,0,155,11,2,1.1
48,grocery,82.71742883385755,144.0286339979802,101.97244192153924,2023-01-03,1,1,0,150,12,6,1.1
48,grocery,82.71742883385755,144.0286339979802,117.3691146448146,2023-01-04,2,1,0,151,9,5,1.1
48,grocery,82.71742883385755,144.0286339979802,101.71722702227208,2023-01-05,3,1,0,64,15,13,1.1
48,grocery,82.71742883385755,144.0286339979802,120.34637476685617,2023-01-06,4,1,0,94,14,6,1.1
48,grocery,82.71742883385755,144.0286339979802,94.48297860340912,2023-01-07,5,1,1,137,8,4,1.1
48,grocery,82.71742883385755,144.0286339979802,141.2669723819159,2023-01-08,6,1,1,112,14,6,1.1
48,grocery,82.71742883385755,144.0286339979802,96.82198894760292,2023-01-09,0,1,0,150,13,8,1.1
48,grocery,82.71742883385755,144.0286339979802,121.46888591135223,2023-01-10,1,1,0,134,9,10,1.1
48,grocery,82.71742883385755,144.0286339979802,112.86176853410772,2023-01-11,2,1,0,64,9,12,1.1
48,grocery,82.71742883385755,144.0286339979802,87.58450957235448,2023-01-12,3,1,0,166,15,12,1.1
48,grocery,82.71742883385755,144.0286339979802,121.42996678895628,2023-01-13,4,1,0,95,18,2,1.1
48,grocery,82.71742883385755,144.0286339979802,124.11918812618526,2023-01-14,5,1,1,174,13,12,1.1
48,grocery,82.71742883385755,144.0286339979802,127.15888941224893,2023-01-15,6,1,1,194,21,2,1.1
48,grocery,82.71742883385755,144.0286339979802,87.65412667724853,2023-01-16,0,1,0,76,14,14,1.1
48,grocery,82.71742883385755,144.0286339979802,141.3949236463533,2023-01-17,1,1,0,54,11,9,1.1
48,grocery,82.71742883385755,144.0286339979802,99.14092384349138,2023-01-18,2,1,0,88,18,9,1.1
48,grocery,82.71742883385755,144.0286339979802,137.49137040447124,2023-01-19,3,1,0,100,12,11,1.1
48,grocery,82.71742883385755,144.0286339979802,137.0514794650707,2023-01-20,4,1,0,28,8,5,1.1
48,grocery,82.71742883385755,144.0286339979802,104.23783188706048,2023-01-21,5,1,1,78,4,11,1.1
48,grocery,82.71742883385755,144.0286339979802,132.03024711374286,2023-01-22,6,1,1,124,5,13,1.1
48,grocery,82.71742883385755,144.0286339979802,126.02773043825832,2023-01-23,0,1,0,25,12,13,1.1
48,grocery,82.71742883385755,144.0286339979802,142.59813433977223,2023-01-24,1,1,0,88,4,6,1.1
48,grocery,82.71742883385755,144.0286339979802,108.77578433116207,2023-01-25,2,1,0,38,14,7,1.1
48,grocery,82.71742883385755,144.0286339979802,118.84202115225553,2023-01-26,3,1,0,92,12,2,1.1
48,grocery,82.71742883385755,144.0286339979802,138.05680109429173,2023-01-27,4,1,0,101,15,8,1.1
48,grocery,82.71742883385755,144.0286339979802,124.17433609665773,2023-01-28,5,1,1,40,18,5,1.1
48,grocery,82.71742883385755,144.0286339979802,127.17878973408327,2023-01-29,6,1,1,194,11,11,1.1
48,grocery,82.71742883385755,144.0286339979802,97.43170575267683,2023-01-30,0,1,0,165,13,1,1.1
48,grocery,82.71742883385755,144.0286339979802,143.57007777502932,2023-01-31,1,1,0,148,9,14,1.1
48,grocery,82.71742883385755,144.0286339979802,133.25559726662405,2023-02-01,2,2,0,41,11,4,1.1732050807568877
48,grocery,82.71742883385755,144.0286339979802,113.13953249062133,2023-02-02,3,2,0,171,28,2,1.1732050807568877
48,grocery,82.71742883385755,144.0286339979802,135.2300391573067,2023-02-03,4,2,0,199,17,5,1.1732050807568877
48,grocery,82.71742883385755,144.0286339979802,108.43251351805426,2023-02-04,5,2,1,105,13,2,1.1732050807568877
48,grocery,82.71742883385755,144.0286339979802,110.87069107608053,2023-02-05,6,2,1,114,12,9,1.1732050807568877
48,grocery,82.71742883385755,144.0286339979802,117.6743437542521,2023-02-06,0,2,0,80,13,6,1.1732050807568877
48,grocery,82.71742883385755,144.0286339979802,129.03645471500775,2023-02-07,1,2,0,192,14,14,1.1732050807568877
48,grocery,82.71742883385755,144.0286339979802,140.17156986868426,2023-02-08,2,2,0,57,9,13,1.1732050807568877
48,grocery,82.71742883385755,144.0286339979802,114.41035724209704,2023-02-09,3,2,0,70,18,11,1.1732050807568877
48,grocery,82.71742883385755,144.0286339979802,124.91019643987107,2023-02-10,4,2,0,104,9,6,1.1732050807568877
48,grocery,82.71742883385755,144.0286339979802,100.69876472229868,2023-02-11,5,2,1,35,21,10,1.1732050807568877
48,grocery,82.71742883385755,144.0286339979802,104.12448706512187,2023-02-12,6,2,1,113,19,3,1.1732050807568877
48,grocery,82.71742883385755,144.0286339979802,88.39925459618402,2023-02-13,0,2,0,164,10,12,1.1732050807568877
48,grocery,82.71742883385755,144.0286339979802,113.05208192217793,2023-02-14,1,2,0,145,13,12,1.1732050807568877
48,grocery,82.71742883385755,144.0286339979802,131.21298898034917,2023-02-15,2,2,0,114,10,11,1.1732050807568877
48,grocery,82.71742883385755,144.0286339979802,126.7588554651535,2023-02-16,3,2,0,27,27,1,1.1732050807568877
48,grocery,82.71742883385755,144.0286339979802,130.32620593589704,2023-02-17,4,2,0,111,17,9,1.1732050807568877
48,grocery,82.71742883385755,144.0286339979802,110.48582267060577,2023-02-18,5,2,1,94,22,14,1.1732050807568877
48,grocery,82.71742883385755,144.0286339979802,142.06328062226402,2023-02-19,6,2,1,84,11,5,1.1732050807568877
48,grocery,82.71742883385755,144.0286339979802,94.42655155674441,2023-02-20,0,2,0,154,17,4,1.1732050807568877
48,grocery,82.71742883385755,144.0286339979802,116.39184858468182,2023-02-21,1,2,0,100,7,14,1.1732050807568877
48,grocery,82.71742883385755,144.0286339979802,142.2347331627326,2023-02-22,2,2,0,121,16,11,1.1732050807568877
48,grocery,82.71742883385755,144.0286339979802,106.56164660559425,2023-02-23,3,2,0,70,4,4,1.1732050807568877
48,grocery,82.71742883385755,144.0286339979802,115.98135716879065,2023-02-24,4,2,0,77,13,12,1.1732050807568877
48,grocery,82.71742883385755,144.0286339979802,126.92681908402538,2023-02-25,5,2,1,124,25,1,1.1732050807568877
48,grocery,82.71742883385755,144.0286339979802,98.70607018483166,2023-02-26,6,2,1,172,22,10,1.1732050807568877
48,grocery,82.71742883385755,144.0286339979802,89.81887560426887,2023-02-27,0,2,0,92,8,12,1.1732050807568877
48,grocery,82.71742883385755,144.0286339979802,136.78636300114022,2023-02-28,1,2,0,66,7,14,1.1732050807568877
48,grocery,82.71742883385755,144.0286339979802,108.82729786341423,2023-03-01,2,3,0,61,21,13,1.2
48,grocery,82.71742883385755,144.0286339979802,104.91270109826601,2023-03-02,3,3,0,87,13,10,1.2
48,grocery,82.71742883385755,144.0286339979802,139.77249094064547,2023-03-03,4,3,0,114,10,7,1.2
48,grocery,82.71742883385755,144.0286339979802,96.5574822870728,2023-03-04,5,3,1,194,33,3,1.2
48,grocery,82.71742883385755,144.0286339979802,93.54434508305658,2023-03-05,6,3,1,35,20,11,1.2
48,grocery,82.71742883385755,144.0286339979802,138.05734969714416,2023-03-06,0,3,0,21,9,12,1.2
48,grocery,82.71742883385755,144.0286339979802,114.54644198005116,2023-03-07,1,3,0,49,13,7,1.2
48,grocery,82.71742883385755,144.0286339979802,115.89210499236835,2023-03-08,2,3,0,43,7,9,1.2
48,grocery,82.71742883385755,144.0286339979802,110.6318011371595,2023-03-09,3,3,0,89,12,9,1.2
48,grocery,82.71742883385755,144.0286339979802,106.67824923571209,2023-03-10,4,3,0,34,18,2,1.2
48,grocery,82.71742883385755,144.0286339979802,106.76863409253511,2023-03-11,5,3,1,75,16,5,1.2
48,grocery,82.71742883385755,144.0286339979802,108.28496334775774,2023-03-12,6,3,1,59,28,6,1.2
48,grocery,82.71742883385755,144.0286339979802,138.59545012553863,2023-03-13,0,3,0,132,10,6,1.2
48,grocery,82.71742883385755,144.0286339979802,101.14700490593651,2023-03-14,1,3,0,61,22,10,1.2
48,grocery,82.71742883385755,144.0286339979802,134.7893283979653,2023-03-15,2,3,0,20,12,9,1.2
48,grocery,82.71742883385755,144.0286339979802,135.9375978019741,2023-03-16,3,3,0,46,11,1,1.2
48,grocery,82.71742883385755,144.0286339979802,122.63063834998536,2023-03-17,4,3,0,146,16,6,1.2
48,grocery,82.71742883385755,144.0286339979802,115.73565422991878,2023-03-18,5,3,1,192,14,7,1.2
48,grocery,82.71742883385755,144.0286339979802,87.49120995581005,2023-03-19,6,3,1,47,18,13,1.2
48,grocery,82.71742883385755,144.0286339979802,98.28345187347932,2023-03-20,0,3,0,100,23,11,1.2
48,grocery,82.71742883385755,144.0286339979802,121.64116697080331,2023-03-21,1,3,0,143,10,11,1.2
48,grocery,82.71742883385755,144.0286339979802,102.0767291903612,2023-03-22,2,3,0,166,17,10,1.2
48,grocery,82.71742883385755,144.0286339979802,121.65169580495606,2023-03-23,3,3,0,140,4,5,1.2
48,grocery,82.71742883385755,144.0286339979802,112.46765350654476,2023-03-24,4,3,0,83,12,9,1.2
48,grocery,82.71742883385755,144.0286339979802,134.5681943225134,2023-03-25,5,3,1,197,23,7,1.2
48,grocery,82.71742883385755,144.0286339979802,90.02916754438526,2023-03-26,6,3,1,120,18,11,1.2
48,grocery,82.71742883385755,144.0286339979802,124.76774496835694,2023-03-27,0,3,0,158,32,1,1.2
48,grocery,82.71742883385755,144.0286339979802,124.80502549038522,2023-03-28,1,3,0,93,8,6,1.2
48,grocery,82.71742883385755,144.0286339979802,121.16330963519924,2023-03-29,2,3,0,130,14,6,1.2
48,grocery,82.71742883385755,144.0286339979802,115.57424003405183,2023-03-30,3,3,0,128,9,4,1.2
48,grocery,82.71742883385755,144.0286339979802,115.34330894575793,2023-03-31,4,3,0,73,18,3,1.2
48,grocery,82.71742883385755,144.0286339979802,135.3491906002538,2023-04-01,5,4,1,79,20,1,1.1732050807568877
48,grocery,82.71742883385755,144.0286339979802,123.1926009060881,2023-04-02,6,4,1,194,9,5,1.1732050807568877
48,grocery,82.71742883385755,144.0286339979802,130.5467457006542,2023-04-03,0,4,0,137,22,2,1.1732050807568877
48,grocery,82.71742883385755,144.0286339979802,111.10987081209412,2023-04-04,1,4,0,92,17,12,1.1732050807568877
48,grocery,82.71742883385755,144.0286339979802,109.98808052389933,2023-04-05,2,4,0,173,8,12,1.1732050807568877
48,grocery,82.71742883385755,144.0286339979802,140.2526404898138,2023-04-06,3,4,0,137,12,14,1.1732050807568877
48,grocery,82.71742883385755,144.0286339979802,92.99102753409082,2023-04-07,4,4,0,72,32,1,1.1732050807568877
48,grocery,82.71742883385755,144.0286339979802,93.4887618356075,2023-04-08,5,4,1,102,7,12,1.1732050807568877
48,grocery,82.71742883385755,144.0286339979802,136.90886269861272,2023-04-09,6,4,1,45,21,2,1.1732050807568877
48,grocery,82.71742883385755,144.0286339979802,128.6356254273261,2023-04-10,0,4,0,52,13,8,1.1732050807568877
48,grocery,82.71742883385755,144.0286339979802,108.73489670842989,2023-04-11,1,4,0,38,21,4,1.1732050807568877
48,grocery,82.71742883385755,144.0286339979802,112.46208436192771,2023-04-12,2,4,0,182,18,7,1.1732050807568877
48,grocery,82.71742883385755,144.0286339979802,125.03368061111084,2023-04-13,3,4,0,156,6,3,1.1732050807568877
48,grocery,82.71742883385755,144.0286339979802,122.30065862718216,2023-04-14,4,4,0,164,14,12,1.1732050807568877
48,grocery,82.71742883385755,144.0286339979802,106.4526736295237,2023-04-15,5,4,1,143,25,10,1.1732050807568877
48,grocery,82.71742883385755,144.0286339979802,115.96027833784832,2023-04-16,6,4,1,125,24,1,1.1732050807568877
48,grocery,82.71742883385755,144.0286339979802,99.61516889524302,2023-04-17,0,4,0,113,16,10,1.1732050807568877
48,grocery,82.71742883385755,144.0286339979802,107.0607955278924,2023-04-18,1,4,0,60,25,2,1.1732050807568877
48,grocery,82.71742883385755,144.0286339979802,140.22186092079716,2023-04-19,2,4,0,30,11,2,1.1732050807568877
48,grocery,82.71742883385755,144.0286339979802,94.41611824582816,2023-04-20,3,4,0,179,18,3,1.1732050807568877
48,grocery,82.71742883385755,144.0286339979802,136.6048627453567,2023-04-21,4,4,0,42,4,11,1.1732050807568877
48,grocery,82.71742883385755,144.0286339979802,131.10407370570684,2023-04-22,5,4,1,52,15,3,1.1732050807568877
48,grocery,82.71742883385755,144.0286339979802,124.3525670292353,2023-04-23,6,4,1,70,9,3,1.1732050807568877
48,grocery,82.71742883385755,144.0286339979802,120.84908544992405,2023-04-24,0,4,0,187,4,10,1.1732050807568877
48,grocery,82.71742883385755,144.0286339979802,113.77652460331649,2023-04-25,1,4,0,167,8,8,1.1732050807568877
48,grocery,82.71742883385755,144.0286339979802,142.45353754806243,2023-04-26,2,4,0,89,7,11,1.1732050807568877
48,grocery,82.71742883385755,144.0286339979802,140.47970127252304,2023-04-27,3,4,0,66,17,10,1.1732050807568877
48,grocery,82.71742883385755,144.0286339979802,124.64022908492396,2023-04-28,4,4,0,91,13,9,1.1732050807568877
48,grocery,82.71742883385755,144.0286339979802,137.70352418423835,2023-04-29,5,4,1,22,14,2,1.1732050807568877
48,grocery,82.71742883385755,144.0286339979802,123.65495330649196,2023-04-30,6,4,1,189,9,2,1.1732050807568877
48,grocery,82.71742883385755,144.0286339979802,104.3021643488832,2023-05-01,0,5,0,75,21,8,1.1
48,grocery,82.71742883385755,144.0286339979802,118.82282114498898,2023-05-02,1,5,0,161,15,7,1.1
48,grocery,82.71742883385755,144.0286339979802,129.96544066775257,2023-05-03,2,5,0,151,11,14,1.1
48,grocery,82.71742883385755,144.0286339979802,89.27176926656868,2023-05-04,3,5,0,71,7,3,1.1
48,grocery,82.71742883385755,144.0286339979802,106.2723361869008,2023-05-05,4,5,0,89,19,2,1.1
48,grocery,82.71742883385755,144.0286339979802,139.59078187178983,2023-05-06,5,5,1,106,10,6,1.1
48,grocery,82.71742883385755,144.0286339979802,140.2037791644368,2023-05-07,6,5,1,192,3,6,1.1
48,grocery,82.71742883385755,144.0286339979802,107.12036948970403,2023-05-08,0,5,0,187,9,4,1.1
48,grocery,82.71742883385755,144.0286339979802,125.51447597725189,2023-05-09,1,5,0,57,11,14,1.1
48,grocery,82.71742883385755,144.0286339979802,123.87836612501958,2023-05-10,2,5,0,134,8,3,1.1
48,grocery,82.71742883385755,144.0286339979802,130.28963495505064,2023-05-11,3,5,0,56,12,13,1.1
48,grocery,82.71742883385755,144.0286339979802,89.58977264829042,2023-05-12,4,5,0,87,7,3,1.1
48,grocery,82.71742883385755,144.0286339979802,131.80782466202803,2023-05-13,5,5,1,22,22,2,1.1
48,grocery,82.71742883385755,144.0286339979802,108.84489233910404,2023-05-14,6,5,1,27,13,9,1.1
48,grocery,82.71742883385755,144.0286339979802,121.07997168356695,2023-05-15,0,5,0,161,18,6,1.1
48,grocery,82.71742883385755,144.0286339979802,93.02253257198802,2023-05-16,1,5,0,111,4,7,1.1
48,grocery,82.71742883385755,144.0286339979802,111.90608348112507,2023-05-17,2,5,0,122,19,3,1.1
48,grocery,82.71742883385755,144.0286339979802,103.98940928467054,2023-05-18,3,5,0,83,3,10,1.1
48,grocery,82.71742883385755,144.0286339979802,129.6824074549472,2023-05-19,4,5,0,156,24,1,1.1
48,grocery,82.71742883385755,144.0286339979802,111.28058868684514,2023-05-20,5,5,1,166,23,6,1.1
48,grocery,82.71742883385755,144.0286339979802,109.06372426913909,2023-05-21,6,5,1,199,23,12,1.1
48,grocery,82.71742883385755,144.0286339979802,137.84032700870398,2023-05-22,0,5,0,21,16,5,1.1
48,grocery,82.71742883385755,144.0286339979802,105.92774053155968,2023-05-23,1,5,0,30,18,8,1.1
48,grocery,82.71742883385755,144.0286339979802,109.75623815665779,2023-05-24,2,5,0,60,11,11,1.1
48,grocery,82.71742883385755,144.0286339979802,129.4229502002102,2023-05-25,3,5,0,71,3,7,1.1
48,grocery,82.71742883385755,144.0286339979802,87.53173802229655,2023-05-26,4,5,0,197,25,4,1.1
48,grocery,82.71742883385755,144.0286339979802,139.649070081963,2023-05-27,5,5,1,95,8,8,1.1
48,grocery,82.71742883385755,144.0286339979802,132.59658078331313,2023-05-28,6,5,1,182,7,12,1.1
48,grocery,82.71742883385755,144.0286339979802,138.47709415023553,2023-05-29,0,5,0,176,7,9,1.1
48,grocery,82.71742883385755,144.0286339979802,125.19892959910426,2023-05-30,1,5,0,165,14,5,1.1
48,grocery,82.71742883385755,144.0286339979802,139.62786227628158,2023-05-31,2,5,0,170,4,3,1.1
48,grocery,82.71742883385755,144.0286339979802,126.87863390551058,2023-06-01,3,6,0,74,4,9,1.0
48,grocery,82.71742883385755,144.0286339979802,94.15649329718524,2023-06-02,4,6,0,168,22,10,1.0
48,grocery,82.71742883385755,144.0286339979802,123.67471959667158,2023-06-03,5,6,1,143,17,5,1.0
48,grocery,82.71742883385755,144.0286339979802,89.76163416123984,2023-06-04,6,6,1,44,44,1,1.0
48,grocery,82.71742883385755,144.0286339979802,139.36032740262033,2023-06-05,0,6,0,66,7,9,1.0
48,grocery,82.71742883385755,144.0286339979802,91.79782244012618,2023-06-06,1,6,0,48,21,3,1.0
48,grocery,82.71742883385755,144.0286339979802,88.2887807679077,2023-06-07,2,6,0,137,17,2,1.0
48,grocery,82.71742883385755,144.0286339979802,103.588554678096,2023-06-08,3,6,0,171,14,4,1.0
48,grocery,82.71742883385755,144.0286339979802,104.34002201426955,2023-06-09,4,6,0,176,15,5,1.0
48,grocery,82.71742883385755,144.0286339979802,119.2763705890167,2023-06-10,5,6,1,60,10,7,1.0
48,grocery,82.71742883385755,144.0286339979802,89.64654154740933,2023-06-11,6,6,1,126,6,8,1.0
48,grocery,82.71742883385755,144.0286339979802,97.93605991357393,2023-06-12,0,6,0,88,14,10,1.0
48,grocery,82.71742883385755,144.0286339979802,111.8834423511072,2023-06-13,1,6,0,167,11,2,1.0
48,grocery,82.71742883385755,144.0286339979802,104.22541407909308,2023-06-14,2,6,0,152,2,6,1.0
48,grocery,82.71742883385755,144.0286339979802,142.14862374889884,2023-06-15,3,6,0,47,10,2,1.0
48,grocery,82.71742883385755,144.0286339979802,110.67067988710902,2023-06-16,4,6,0,112,12,13,1.0
48,grocery,82.71742883385755,144.0286339979802,100.15852895371094,2023-06-17,5,6,1,102,17,10,1.0
48,grocery,82.71742883385755,144.0286339979802,142.2900362245145,2023-06-18,6,6,1,112,13,3,1.0
48,grocery,82.71742883385755,144.0286339979802,92.54506092269864,2023-06-19,0,6,0,150,10,10,1.0
48,grocery,82.71742883385755,144.0286339979802,143.6072627477845,2023-06-20,1,6,0,109,11,7,1.0
48,grocery,82.71742883385755,144.0286339979802,133.17024245641943,2023-06-21,2,6,0,116,11,9,1.0
48,grocery,82.71742883385755,144.0286339979802,126.50481005307131,2023-06-22,3,6,0,98,9,13,1.0
48,grocery,82.71742883385755,144.0286339979802,102.47567491668883,2023-06-23,4,6,0,51,10,10,1.0
48,grocery,82.71742883385755,144.0286339979802,90.3792535131697,2023-06-24,5,6,1,26,8,8,1.0
48,grocery,82.71742883385755,144.0286339979802,108.23666961260831,2023-06-25,6,6,1,78,5,11,1.0
48,grocery,82.71742883385755,144.0286339979802,141.77348011161462,2023-06-26,0,6,0,56,5,5,1.0
48,grocery,82.71742883385755,144.0286339979802,139.47784804589023,2023-06-27,1,6,0,163,6,13,1.0
48,grocery,82.71742883385755,144.0286339979802,104.70088114447316,2023-06-28,2,6,0,198,20,4,1.0
48,grocery,82.71742883385755,144.0286339979802,113.08707973639625,2023-06-29,3,6,0,37,14,12,1.0
49,dairy,72.57614970830079,104.17401815652191,80.00152010729646,2023-01-01,6,1,1,169,8,7,1.1
49,dairy,72.57614970830079,104.17401815652191,99.80310586308524,2023-01-02,0,1,0,45,15,13,1.1
49,dairy,72.57614970830079,104.17401815652191,91.20508086630029,2023-01-03,1,1,0,144,9,4,1.1
49,dairy,72.57614970830079,104.17401815652191,88.10203440391507,2023-01-04,2,1,0,88,9,10,1.1
49,dairy,72.57614970830079,104.17401815652191,82.4006557571497,2023-01-05,3,1,0,42,21,14,1.1
49,dairy,72.57614970830079,104.17401815652191,98.74292052807343,2023-01-06,4,1,0,155,7,8,1.1
49,dairy,72.57614970830079,104.17401815652191,88.04647266694708,2023-01-07,5,1,1,153,20,7,1.1
49,dairy,72.57614970830079,104.17401815652191,87.1769180404111,2023-01-08,6,1,1,70,17,8,1.1
49,dairy,72.57614970830079,104.17401815652191,102.69043764302306,2023-01-09,0,1,0,44,17,5,1.1
49,dairy,72.57614970830079,104.17401815652191,89.54283221634023,2023-01-10,1,1,0,197,8,8,1.1
49,dairy,72.57614970830079,104.17401815652191,87.29221573472533,2023-01-11,2,1,0,147,30,1,1.1
49,dairy,72.57614970830079,104.17401815652191,91.48336072922096,2023-01-12,3,1,0,71,16,13,1.1
49,dairy,72.57614970830079,104.17401815652191,85.20982355443404,2023-01-13,4,1,0,89,18,12,1.1
49,dairy,72.57614970830079,104.17401815652191,77.91074007887546,2023-01-14,5,1,1,43,16,5,1.1
49,dairy,72.57614970830079,104.17401815652191,92.65493658122836,2023-01-15,6,1,1,175,8,6,1.1
49,dairy,72.57614970830079,104.17401815652191,98.86798607210969,2023-01-16,0,1,0,74,10,5,1.1
49,dairy,72.57614970830079,104.17401815652191,84.83287986899732,2023-01-17,1,1,0,38,7,12,1.1
49,dairy,72.57614970830079,104.17401815652191,92.76147834898879,2023-01-18,2,1,0,49,9,9,1.1
49,dairy,72.57614970830079,104.17401815652191,98.61287909632026,2023-01-19,3,1,0,171,17,8,1.1
49,dairy,72.57614970830079,104.17401815652191,101.5965757550662,2023-01-20,4,1,0,105,12,1,1.1
49,dairy,72.57614970830079,104.17401815652191,99.40404246683599,2023-01-21,5,1,1,37,12,7,1.1
49,dairy,72.57614970830079,104.17401815652191,95.20325853671156,2023-01-22,6,1,1,139,19,11,1.1
49,dairy,72.57614970830079,104.17401815652191,95.21380408663971,2023-01-23,0,1,0,106,4,13,1.1
49,dairy,72.57614970830079,104.17401815652191,89.23060858997363,2023-01-24,1,1,0,47,20,10,1.1
49,dairy,72.57614970830079,104.17401815652191,76.45878994601709,2023-01-25,2,1,0,80,11,9,1.1
49,dairy,72.57614970830079,104.17401815652191,83.63768920548294,2023-01-26,3,1,0,36,9,12,1.1
49,dairy,72.57614970830079,104.17401815652191,93.64723973807858,2023-01-27,4,1,0,66,17,2,1.1
49,dairy,72.57614970830079,104.17401815652191,98.78245840180831,2023-01-28,5,1,1,126,9,9,1.1
49,dairy,72.57614970830079,104.17401815652191,100.76611996800601,2023-01-29,6,1,1,59,15,12,1.1
49,dairy,72.57614970830079,104.17401815652191,93.34490645611109,2023-01-30,0,1,0,126,6,11,1.1
49,dairy,72.57614970830079,104.17401815652191,78.62510245741362,2023-01-31,1,1,0,136,20,5,1.1
49,dairy,72.57614970830079,104.17401815652191,83.76075073010607,2023-02-01,2,2,0,190,10,9,1.1732050807568877
49,dairy,72.57614970830079,104.17401815652191,93.62302872461953,2023-02-02,3,2,0,135,8,4,1.1732050807568877
49,dairy,72.57614970830079,104.17401815652191,97.74879455080581,2023-02-03,4,2,0,20,7,10,1.1732050807568877
49,dairy,72.57614970830079,104.17401815652191,89.66367201726126,2023-02-04,5,2,1,71,30,3,1.1732050807568877
49,dairy,72.57614970830079,104.17401815652191,98.0564504617835,2023-02-05,6,2,1,84,12,9,1.1732050807568877
49,dairy,72.57614970830079,104.17401815652191,92.41252057699764,2023-02-06,0,2,0,183,21,6,1.1732050807568877
49,dairy,72.57614970830079,104.17401815652191,87.47629546787466,2023-02-07,1,2,0,139,8,2,1.1732050807568877
49,dairy,72.57614970830079,104.17401815652191,77.11450758616535,2023-02-08,2,2,0,20,19,11,1.1732050807568877
49,dairy,72.57614970830079,104.17401815652191,92.92318588242385,2023-02-09,3,2,0,191,12,3,1.1732050807568877
49,dairy,72.57614970830079,104.17401815652191,97.32539389549231,2023-02-10,4,2,0,139,14,2,1.1732050807568877
49,dairy,72.57614970830079,104.17401815652191,99.8729631083895,2023-02-11,5,2,1,129,25,3,1.1732050807568877
49,dairy,72.57614970830079,104.17401815652191,90.74629472155823,2023-02-12,6,2,1,42,20,13,1.1732050807568877
49,dairy,72.57614970830079,104.17401815652191,101.57570250248943,2023-02-13,0,2,0,166,11,13,1.1732050807568877
49,dairy,72.57614970830079,104.17401815652191,86.97312867950878,2023-02-14,1,2,0,155,5,9,1.1732050807568877
49,dairy,72.57614970830079,104.17401815652191,89.2399222374471,2023-02-15,2,2,0,121,13,6,1.1732050807568877
49,dairy,72.57614970830079,104.17401815652191,88.05749853966478,2023-02-16,3,2,0,38,20,11,1.1732050807568877
49,dairy,72.57614970830079,104.17401815652191,96.65727160626565,2023-02-17,4,2,0,185,22,2,1.1732050807568877
49,dairy,72.57614970830079,104.17401815652191,98.87978534227992,2023-02-18,5,2,1,198,21,4,1.1732050807568877
49,dairy,72.57614970830079,104.17401815652191,102.07121729871481,2023-02-19,6,2,1,67,16,9,1.1732050807568877
49,dairy,72.57614970830079,104.17401815652191,76.4721393852799,2023-02-20,0,2,0,145,32,2,1.1732050807568877
49,dairy,72.57614970830079,104.17401815652191,77.79903101508859,2023-02-21,1,2,0,196,21,4,1.1732050807568877
49,dairy,72.57614970830079,104.17401815652191,77.03454033866737,2023-02-22,2,2,0,131,17,9,1.1732050807568877
49,dairy,72.57614970830079,104.17401815652191,101.39154226312786,2023-02-23,3,2,0,52,19,3,1.1732050807568877
49,dairy,72.57614970830079,104.17401815652191,88.13748936753832,2023-02-24,4,2,0,194,19,7,1.1732050807568877
49,dairy,72.57614970830079,104.17401815652191,89.13358448536873,2023-02-25,5,2,1,154,14,1,1.1732050807568877
49,dairy,72.57614970830079,104.17401815652191,98.12902848622133,2023-02-26,6,2,1,145,7,14,1.1732050807568877
49,dairy,72.57614970830079,104.17401815652191,97.36686945140467,2023-02-27,0,2,0,41,9,12,1.1732050807568877
49,dairy,72.57614970830079,104.17401815652191,99.49573921405519,2023-02-28,1,2,0,166,12,14,1.1732050807568877
49,dairy,72.57614970830079,104.17401815652191,76.86221255870784,2023-03-01,2,3,0,20,20,5,1.2
49,dairy,72.57614970830079,104.17401815652191,85.55344994419389,2023-03-02,3,3,0,105,10,2,1.2
49,dairy,72.57614970830079,104.17401815652191,79.98598776089996,2023-03-03,4,3,0,85,16,12,1.2
49,dairy,72.57614970830079,104.17401815652191,80.2996048423877,2023-03-04,5,3,1,90,13,2,1.2
49,dairy,72.57614970830079,104.17401815652191,79.19304054525931,2023-03-05,6,3,1,25,10,14,1.2
49,dairy,72.57614970830079,104.17401815652191,92.46577168679042,2023-03-06,0,3,0,44,24,3,1.2
49,dairy,72.57614970830079,104.17401815652191,90.06888917380627,2023-03-07,1,3,0,126,12,14,1.2
49,dairy,72.57614970830079,104.17401815652191,82.69924389077322,2023-03-08,2,3,0,116,28,1,1.2
49,dairy,72.57614970830079,104.17401815652191,84.42720635347858,2023-03-09,3,3,0,187,17,7,1.2
49,dairy,72.57614970830079,104.17401815652191,92.51964647552064,2023-03-10,4,3,0,42,3,6,1.2
49,dairy,72.57614970830079,104.17401815652191,78.63145799774752,2023-03-11,5,3,1,80,11,7,1.2
49,dairy,72.57614970830079,104.17401815652191,82.03707664479651,2023-03-12,6,3,1,109,9,6,1.2
49,dairy,72.57614970830079,104.17401815652191,80.99304949272928,2023-03-13,0,3,0,110,15,5,1.2
49,dairy,72.57614970830079,104.17401815652191,93.55633851849825,2023-03-14,1,3,0,121,8,10,1.2
49,dairy,72.57614970830079,104.17401815652191,82.87904498507955,2023-03-15,2,3,0,35,6,10,1.2
49,dairy,72.57614970830079,104.17401815652191,81.83264319326575,2023-03-16,3,3,0,41,22,3,1.2
49,dairy,72.57614970830079,104.17401815652191,91.4562651114073,2023-03-17,4,3,0,187,13,9,1.2
49,dairy,72.57614970830079,104.17401815652191,86.15695221893316,2023-03-18,5,3,1,40,22,5,1.2
49,dairy,72.57614970830079,104.17401815652191,78.39805442017372,2023-03-19,6,3,1,81,25,7,1.2
49,dairy,72.57614970830079,104.17401815652191,100.2136083994165,2023-03-20,0,3,0,60,18,6,1.2
49,dairy,72.57614970830079,104.17401815652191,79.96878182253703,2023-03-21,1,3,0,115,5,3,1.2
49,dairy,72.57614970830079,104.17401815652191,82.16883268250255,2023-03-22,2,3,0,45,19,14,1.2
49,dairy,72.57614970830079,104.17401815652191,92.70056483223884,2023-03-23,3,3,0,181,11,11,1.2
49,dairy,72.57614970830079,104.17401815652191,102.86928164994637,2023-03-24,4,3,0,167,9,6,1.2
49,dairy,72.57614970830079,104.17401815652191,83.25210174925698,2023-03-25,5,3,1,179,14,9,1.2
49,dairy,72.57614970830079,104.17401815652191,104.03300151550525,2023-03-26,6,3,1,40,31,1,1.2
49,dairy,72.57614970830079,104.17401815652191,103.85263235398641,2023-03-27,0,3,0,101,10,9,1.2
49,dairy,72.57614970830079,104.17401815652191,95.97457574023022,2023-03-28,1,3,0,163,12,5,1.2
49,dairy,72.57614970830079,104.17401815652191,87.12059802360739,2023-03-29,2,3,0,121,8,10,1.2
49,dairy,72.57614970830079,104.17401815652191,101.86668615499325,2023-03-30,3,3,0,63,8,12,1.2
49,dairy,72.57614970830079,104.17401815652191,82.28776067787685,2023-03-31,4,3,0,43,13,11,1.2
49,dairy,72.57614970830079,104.17401815652191,101.81124768446446,2023-04-01,5,4,1,57,22,12,1.1732050807568877
49,dairy,72.57614970830079,104.17401815652191,87.3805828716825,2023-04-02,6,4,1,21,21,3,1.1732050807568877
49,dairy,72.57614970830079,104.17401815652191,92.00137364688197,2023-04-03,0,4,0,59,10,9,1.1732050807568877
49,dairy,72.57614970830079,104.17401815652191,80.76680583577946,2023-04-04,1,4,0,155,10,9,1.1732050807568877
49,dairy,72.57614970830079,104.17401815652191,78.88913727168709,2023-04-05,2,4,0,133,8,6,1.1732050807568877
49,dairy,72.57614970830079,104.17401815652191,102.52272548488762,2023-04-06,3,4,0,72,7,8,1.1732050807568877
49,dairy,72.57614970830079,104.17401815652191,85.75957396210136,2023-04-07,4,4,0,181,19,14,1.1732050807568877
49,dairy,72.57614970830079,104.17401815652191,101.23003049601617,2023-04-08,5,4,1,21,17,11,1.1732050807568877
49,dairy,72.57614970830079,104.17401815652191,102.11690531999584,2023-04-09,6,4,1,41,29,1,1.1732050807568877
49,dairy,72.57614970830079,104.17401815652191,84.95840791666947,2023-04-10,0,4,0,198,6,10,1.1732050807568877
49,dairy,72.57614970830079,104.17401815652191,91.86471725870511,2023-04-11,1,4,0,25,5,14,1.1732050807568877
49,dairy,72.57614970830079,104.17401815652191,90.30369810826372,2023-04-12,2,4,0,71,5,6,1.1732050807568877
49,dairy,72.57614970830079,104.17401815652191,91.19717330653673,2023-04-13,3,4,0,66,19,2,1.1732050807568877
49,dairy,72.57614970830079,104.17401815652191,90.79348451238397,2023-04-14,4,4,0,192,26,4,1.1732050807568877
49,dairy,72.57614970830079,104.17401815652191,93.61106417603379,2023-04-15,5,4,1,192,7,12,1.1732050807568877
49,dairy,72.57614970830079,104.17401815652191,91.22243625982571,2023-04-16,6,4,1,76,24,2,1.1732050807568877
49,dairy,72.57614970830079,104.17401815652191,85.496705779526,2023-04-17,0,4,0,148,21,12,1.1732050807568877
49,dairy,72.57614970830079,104.17401815652191,86.74104704844076,2023-04-18,1,4,0,194,9,7,1.1732050807568877
49,dairy,72.57614970830079,104.17401815652191,83.12711818071881,2023-04-19,2,4,0,126,3,12,1.1732050807568877
49,dairy,72.57614970830079,104.17401815652191,85.28435462341207,2023-04-20,3,4,0,191,21,5,1.1732050807568877
49,dairy,72.57614970830079,104.17401815652191,103.83529792029768,2023-04-21,4,4,0,125,10,11,1.1732050807568877
49,dairy,72.57614970830079,104.17401815652191,99.96547801842607,2023-04-22,5,4,1,71,21,3,1.1732050807568877
49,dairy,72.57614970830079,104.17401815652191,101.83376217768887,2023-04-23,6,4,1,94,7,8,1.1732050807568877
49,dairy,72.57614970830079,104.17401815652191,98.9949217281801,2023-04-24,0,4,0,87,16,6,1.1732050807568877
49,dairy,72.57614970830079,104.17401815652191,84.3521620899578,2023-04-25,1,4,0,66,27,3,1.1732050807568877
49,dairy,72.57614970830079,104.17401815652191,98.68693812794716,2023-04-26,2,4,0,80,15,2,1.1732050807568877
49,dairy,72.57614970830079,104.17401815652191,98.95021527698262,2023-04-27,3,4,0,97,9,6,1.1732050807568877
49,dairy,72.57614970830079,104.17401815652191,89.29322789423652,2023-04-28,4,4,0,191,22,1,1.1732050807568877
49,dairy,72.57614970830079,104.17401815652191,92.24761893747838,2023-04-29,5,4,1,66,35,1,1.1732050807568877
49,dairy,72.57614970830079,104.17401815652191,102.84113358857957,2023-04-30,6,4,1,76,15,11,1.1732050807568877
49,dairy,72.57614970830079,104.17401815652191,87.02026214493243,2023-05-01,0,5,0,53,7,14,1.1
49,dairy,72.57614970830079,104.17401815652191,90.25666695633153,2023-05-02,1,5,0,80,13,4,1.1
49,dairy,72.57614970830079,104.17401815652191,84.27653761042994,2023-05-03,2,5,0,107,6,12,1.1
49,dairy,72.57614970830079,104.17401815652191,83.29003561343237,2023-05-04,3,5,0,50,20,8,1.1
49,dairy,72.57614970830079,104.17401815652191,88.18577244053512,2023-05-05,4,5,0,109,10,14,1.1
49,dairy,72.57614970830079,104.17401815652191,80.23038991217865,2023-05-06,5,5,1,139,6,13,1.1
49,dairy,72.57614970830079,104.17401815652191,88.41097788809545,2023-05-07,6,5,1,69,15,6,1.1
49,dairy,72.57614970830079,104.17401815652191,84.57544008176217,2023-05-08,0,5,0,162,20,10,1.1
49,dairy,72.57614970830079,104.17401815652191,85.32838429551069,2023-05-09,1,5,0,76,19,9,1.1
49,dairy,72.57614970830079,104.17401815652191,94.4049321607577,2023-05-10,2,5,0,125,12,3,1.1
49,dairy,72.57614970830079,104.17401815652191,102.31563289141877,2023-05-11,3,5,0,194,6,10,1.1
49,dairy,72.57614970830079,104.17401815652191,95.76161194546106,2023-05-12,4,5,0,73,5,13,1.1
49,dairy,72.57614970830079,104.17401815652191,84.63762280476496,2023-05-13,5,5,1,56,13,9,1.1
49,dairy,72.57614970830079,104.17401815652191,97.11976439280586,2023-05-14,6,5,1,154,18,8,1.1
49,dairy,72.57614970830079,104.17401815652191,93.75662306952552,2023-05-15,0,5,0,41,8,11,1.1
49,dairy,72.57614970830079,104.17401815652191,83.24167629407873,2023-05-16,1,5,0,156,11,11,1.1
49,dairy,72.57614970830079,104.17401815652191,99.91457401242843,2023-05-17,2,5,0,126,7,7,1.1
49,dairy,72.57614970830079,104.17401815652191,101.24152155756414,2023-05-18,3,5,0,189,18,9,1.1
49,dairy,72.57614970830079,104.17401815652191,87.82457257320372,2023-05-19,4,5,0,67,14,6,1.1
49,dairy,72.57614970830079,104.17401815652191,87.18369226066733,2023-05-20,5,5,1,110,24,7,1.1
49,dairy,72.57614970830079,104.17401815652191,100.6314033583021,2023-05-21,6,5,1,107,11,13,1.1
49,dairy,72.57614970830079,104.17401815652191,94.22068242295582,2023-05-22,0,5,0,181,10,10,1.1
49,dairy,72.57614970830079,104.17401815652191,101.00575632661301,2023-05-23,1,5,0,119,6,13,1.1
49,dairy,72.57614970830079,104.17401815652191,77.85634847828655,2023-05-24,2,5,0,40,30,2,1.1
49,dairy,72.57614970830079,104.17401815652191,84.3886908425422,2023-05-25,3,5,0,73,3,2,1.1
49,dairy,72.57614970830079,104.17401815652191,101.45145401389664,2023-05-26,4,5,0,186,10,14,1.1
49,dairy,72.57614970830079,104.17401815652191,86.7157076082116,2023-05-27,5,5,1,97,16,4,1.1
49,dairy,72.57614970830079,104.17401815652191,95.42796545826963,2023-05-28,6,5,1,186,17,10,1.1
49,dairy,72.57614970830079,104.17401815652191,84.09338264817103,2023-05-29,0,5,0,141,7,6,1.1
49,dairy,72.57614970830079,104.17401815652191,85.93194741439729,2023-05-30,1,5,0,46,14,9,1.1
49,dairy,72.57614970830079,104.17401815652191,80.73957886845425,2023-05-31,2,5,0,55,17,6,1.1
49,dairy,72.57614970830079,104.17401815652191,102.58149372355713,2023-06-01,3,6,0,24,12,6,1.0
49,dairy,72.57614970830079,104.17401815652191,100.83438621596406,2023-06-02,4,6,0,51,10,3,1.0
49,dairy,72.57614970830079,104.17401815652191,76.25632629708147,2023-06-03,5,6,1,194,11,2,1.0
49,dairy,72.57614970830079,104.17401815652191,83.11108307443608,2023-06-04,6,6,1,68,20,11,1.0
49,dairy,72.57614970830079,104.17401815652191,80.86064787958657,2023-06-05,0,6,0,97,22,11,1.0
49,dairy,72.57614970830079,104.17401815652191,78.35953997226403,2023-06-06,1,6,0,64,22,1,1.0
49,dairy,72.57614970830079,104.17401815652191,91.21823752706533,2023-06-07,2,6,0,24,17,6,1.0
49,dairy,72.57614970830079,104.17401815652191,87.34312285955741,2023-06-08,3,6,0,70,13,1,1.0
49,dairy,72.57614970830079,104.17401815652191,78.36473285760381,2023-06-09,4,6,0,22,17,1,1.0
49,dairy,72.57614970830079,104.17401815652191,89.90766061435588,2023-06-10,5,6,1,100,8,3,1.0
49,dairy,72.57614970830079,104.17401815652191,103.26275447675518,2023-06-11,6,6,1,128,5,14,1.0
49,dairy,72.57614970830079,104.17401815652191,89.85501293024936,2023-06-12,0,6,0,131,5,14,1.0
49,dairy,72.57614970830079,104.17401815652191,99.81083618364137,2023-06-13,1,6,0,165,11,4,1.0
49,dairy,72.57614970830079,104.17401815652191,95.8787322762898,2023-06-14,2,6,0,47,15,6,1.0
49,dairy,72.57614970830079,104.17401815652191,89.60760406521126,2023-06-15,3,6,0,160,14,5,1.0
49,dairy,72.57614970830079,104.17401815652191,78.67375181539134,2023-06-16,4,6,0,129,6,14,1.0
49,dairy,72.57614970830079,104.17401815652191,93.52574525018257,2023-06-17,5,6,1,26,16,10,1.0
49,dairy,72.57614970830079,104.17401815652191,82.20529348457806,2023-06-18,6,6,1,161,19,2,1.0
49,dairy,72.57614970830079,104.17401815652191,78.13178498024376,2023-06-19,0,6,0,25,10,12,1.0
49,dairy,72.57614970830079,104.17401815652191,78.39564281862319,2023-06-20,1,6,0,32,12,9,1.0
49,dairy,72.57614970830079,104.17401815652191,97.50454168440976,2023-06-21,2,6,0,140,11,8,1.0
49,dairy,72.57614970830079,104.17401815652191,92.2020426480752,2023-06-22,3,6,0,141,25,2,1.0
49,dairy,72.57614970830079,104.17401815652191,98.13917517735676,2023-06-23,4,6,0,74,14,13,1.0
49,dairy,72.57614970830079,104.17401815652191,102.69671053149877,2023-06-24,5,6,1,101,9,2,1.0
49,dairy,72.57614970830079,104.17401815652191,100.16111691760226,2023-06-25,6,6,1,27,19,3,1.0
49,dairy,72.57614970830079,104.17401815652191,101.94220683895887,2023-06-26,0,6,0,85,12,12,1.0
49,dairy,72.57614970830079,104.17401815652191,85.96309607628288,2023-06-27,1,6,0,86,7,10,1.0
49,dairy,72.57614970830079,104.17401815652191,102.95956824339036,2023-06-28,2,6,0,56,22,1,1.0
49,dairy,72.57614970830079,104.17401815652191,86.67123136519452,2023-06-29,3,6,0,188,36,1,1.0
